GUIDVendor,VendorListID,VendorID,Name,Salutation,FirstName,MiddleName,LastName,Suffix,Address1,Address2,Address3,Address4,City,State,Zip,Country,ShipAddress1,ShipAddress2,ShipAddress3,ShipAddress4,ShipCity,ShipState,ShipZip,ShipCountry,Phone,Mobile,Pager,AltPhone,Fax,Email,Contact,AltContact,NameOnCheck,Notes,AccountNumber,GUIDVendorType,GUIDTerms,CreditLimit,VendorTaxIdent,IsVendorEligibleFor1099,Balance,VendCustID,IsTaxOnTax,Active,GUIDCurrency,GUIDTaxCode,TimeCreated,TimeModified
78B41F62-C019-4FAF-AAA1-00D52F03614B,80000284-1677184160,RC Fuel Injection,RC Fuel Injection,NULL,NULL,NULL,NULL,NULL,RC Fuel Injection,20807 Higgins Court,NULL,NULL,Torrance,CA,90501,NULL,NULL,NULL,NULL,NULL,NULL,NULL,NULL,NULL,(310) 320-2277,NULL,NULL,NULL,310 782 1346,NULL,NULL,NULL,NULL,NULL,NULL,NULL,NULL,NULL,NULL,0,0.00,NULL,0,1,NULL,NULL,2023-02-23 13:29:20.000,2023-02-23 13:29:20.000
D55F21AD-1140-475D-806F-0176B2117BFB,800056DA-1722435024,Ultra Tool,Ultra Tool,NULL,NULL,NULL,NULL,NULL,Ultra Tool,5451 McFadden Ave,NULL,NULL,Huntington Beach,CA,92649,NULL,NULL,NULL,NULL,NULL,NULL,NULL,NULL,NULL,800-854-2431,NULL,NULL,NULL,NULL,NULL,NULL,NULL,Ultra Tool,NULL,NULL,NULL,NULL,NULL,NULL,0,0.00,NULL,0,1,NULL,NULL,2024-07-31 07:10:24.000,2025-01-09 11:25:20.000
421E2116-C20F-4CBB-8002-01D045427424,800006A8-1677194361,Transamerican Wholesale,Transamerican Wholesale,NULL,NULL,NULL,NULL,NULL,Transamerican Wholesale,400 W. Artesia Blvd,NULL,NULL,Compton,CA,90220,NULL,NULL,NULL,NULL,NULL,NULL,NULL,NULL,NULL,800-548-6454 x1059,NULL,NULL,NULL,NULL,jbailey@transamericanwholesale.com,NULL,NULL,Transamerican Wholesale,NULL,NULL,NULL,A5DDE231-3987-4FF7-A2B7-068A55D1B562,NULL,NULL,0,0.00,NULL,0,1,NULL,NULL,2023-02-23 16:19:21.000,2023-02-23 16:19:21.000
1408769A-53C9-4BB1-866B-01E2D64F98F3,8000499B-1714489460,Edward Nutt,Edward Nutt,NULL,NULL,NULL,NULL,NULL,Edward Nutt,NULL,NULL,NULL,NULL,NULL,NULL,NULL,NULL,NULL,NULL,NULL,NULL,NULL,NULL,NULL,NULL,NULL,NULL,NULL,NULL,NULL,NULL,NULL,NULL,NULL,NULL,NULL,AFD6687D-2F92-4A46-A75E-2FA5398BB833,NULL,NULL,0,0.00,NULL,0,1,NULL,NULL,2024-04-30 08:04:20.000,2024-04-30 08:07:09.000
AE0B3663-3DA2-4BA6-B68A-022055E4A336,800005E0-1677194270,Crower Cams & Equipment,Crower Cams & Equipment,NULL,NULL,NULL,NULL,NULL,Crower Cams & Equipment,6180 Business Center Ct,NULL,NULL,San Diego,CA,92154,NULL,NULL,NULL,NULL,NULL,NULL,NULL,NULL,NULL,619-661-6477,NULL,NULL,NULL,619-661-6466,kerry@crower.com,NULL,NULL,NULL,NULL,NULL,NULL,A5DDE231-3987-4FF7-A2B7-068A55D1B562,NULL,NULL,0,0.00,NULL,0,1,NULL,NULL,2023-02-23 16:17:50.000,2023-05-30 14:01:27.000
6330CEDB-434C-428D-932A-0232211B30A2,8000442F-1712067273,Putney's Custom Automotive Machine INC,Putney's Custom Automotive Machine INC,NULL,NULL,NULL,NULL,NULL,Putney's Custom Automotive Machine INC,40 Rash Ln,NULL,NULL,Chico,CA,95973,NULL,NULL,NULL,NULL,NULL,NULL,NULL,NULL,NULL,NULL,NULL,NULL,NULL,NULL,NULL,NULL,NULL,NULL,NULL,NULL,NULL,AFD6687D-2F92-4A46-A75E-2FA5398BB833,NULL,NULL,0,1500.00,NULL,0,1,NULL,NULL,2024-04-02 07:14:33.000,2025-03-25 12:08:08.000
E7FE96C0-6C55-40AE-A381-0232D38884FD,8000562D-1721919846,Sema,Sema,NULL,NULL,NULL,NULL,NULL,Sema,1575 South Valley Vista Dr,NULL,NULL,Diamond Bar,CA,91765,NULL,NULL,NULL,NULL,NULL,NULL,NULL,NULL,NULL,NULL,NULL,NULL,NULL,NULL,NULL,NULL,NULL,NULL,NULL,NULL,NULL,AFD6687D-2F92-4A46-A75E-2FA5398BB833,NULL,NULL,0,0.00,NULL,0,1,NULL,NULL,2024-07-25 08:04:06.000,2025-04-09 09:44:45.000
AC5FCD83-0D3D-4B3E-8956-024CF5916538,80002A2C-1684534939,First Mid  Amy Schultz,First Mid  Amy Schultz,NULL,NULL,NULL,NULL,NULL,First Mid Amy Schultz,NULL,NULL,NULL,NULL,NULL,NULL,NULL,NULL,NULL,NULL,NULL,NULL,NULL,NULL,NULL,NULL,NULL,NULL,NULL,NULL,NULL,NULL,NULL,NULL,NULL,NULL,NULL,NULL,NULL,NULL,0,0.00,NULL,0,1,NULL,NULL,2023-05-19 15:22:19.000,2023-05-19 15:22:30.000
2CA99763-0406-4B10-872A-029BED95D2B2,80000335-1677184270,Website design services,Website design services,NULL,NULL,NULL,NULL,NULL,Website design services,NULL,NULL,NULL,NULL,NULL,NULL,NULL,NULL,NULL,NULL,NULL,NULL,NULL,NULL,NULL,NULL,NULL,NULL,NULL,NULL,NULL,NULL,NULL,NULL,NULL,NULL,NULL,NULL,NULL,NULL,0,0.00,NULL,0,1,NULL,NULL,2023-02-23 13:31:10.000,2023-02-23 13:31:10.000
C0B07F48-DAC0-495F-827C-02B4CDBF5975,80007A72-1744041166,Mohave Pictures,Mohave Pictures,NULL,NULL,NULL,NULL,NULL,Mohave Pictures,NULL,NULL,NULL,NULL,NULL,NULL,NULL,NULL,NULL,NULL,NULL,NULL,NULL,NULL,NULL,NULL,NULL,NULL,NULL,NULL,NULL,NULL,NULL,NULL,NULL,NULL,NULL,AFD6687D-2F92-4A46-A75E-2FA5398BB833,NULL,NULL,0,0.00,NULL,0,1,NULL,NULL,2025-04-07 08:52:46.000,2025-04-07 08:54:01.000
332FC0A4-D4E1-44A7-A836-02DACEC174E5,800002B7-1677184199,Sonic Plating,Sonic Plating,NULL,NULL,NULL,NULL,NULL,Sonic Plating,13002 Los Nietos Road,NULL,NULL,Santa Fe Springs,CA,90670,NULL,NULL,NULL,NULL,NULL,NULL,NULL,NULL,NULL,562-946-6303,NULL,NULL,NULL,562-946-3857,NULL,NULL,NULL,Sonic Plating,NULL,NULL,NULL,162BFAF4-5263-465D-8B19-90688B4184CF,NULL,NULL,0,0.00,NULL,0,1,NULL,NULL,2023-02-23 13:29:59.000,2023-02-23 13:29:59.000
6E087982-F074-4C5E-826C-02EF8A3CC9E8,800001DC-1677184069,LHHS Softball Team,LHHS Softball Team,NULL,NULL,NULL,NULL,NULL,LHHS Softball Team,NULL,NULL,NULL,NULL,NULL,NULL,NULL,NULL,NULL,NULL,NULL,NULL,NULL,NULL,NULL,NULL,NULL,NULL,NULL,NULL,NULL,NULL,NULL,NULL,NULL,NULL,NULL,AFD6687D-2F92-4A46-A75E-2FA5398BB833,NULL,NULL,0,0.00,NULL,0,1,NULL,NULL,2023-02-23 13:27:49.000,2023-02-23 13:27:49.000
43B0FE39-0A4A-4C04-93F6-030436E6EF74,80000610-1677194291,Home Depot,Home Depot,NULL,NULL,NULL,NULL,NULL,Home Depot,100 Centre Blvd.,NULL,NULL,Lake Havasu City,AZ,86404,NULL,NULL,NULL,NULL,NULL,NULL,NULL,NULL,NULL,(928) 764-5111,NULL,NULL,NULL,NULL,NULL,NULL,NULL,NULL,NULL,NULL,NULL,A5DDE231-3987-4FF7-A2B7-068A55D1B562,NULL,NULL,0,0.00,NULL,0,1,NULL,NULL,2023-02-23 16:18:11.000,2025-02-10 10:06:27.000
8C040275-251E-4FE6-A801-03CA9D1B424B,80000246-1677184127,Paypal Fees,Paypal Fees,NULL,NULL,NULL,NULL,NULL,Paypal Fees,NULL,NULL,NULL,NULL,NULL,NULL,NULL,NULL,NULL,NULL,NULL,NULL,NULL,NULL,NULL,NULL,NULL,NULL,NULL,NULL,NULL,NULL,NULL,NULL,NULL,NULL,NULL,NULL,NULL,NULL,0,0.00,NULL,0,1,NULL,NULL,2023-02-23 13:28:47.000,2023-02-23 13:28:47.000
45950E2C-6DF2-40BE-B12F-03EBEC45B9E0,8000028A-1677184164,Republic Services #527,Republic Services #527,NULL,NULL,NULL,NULL,NULL,Republic Services #527,P.O. Box 78829,NULL,NULL,Phoenix,AZ,85062-8829,NULL,NULL,NULL,NULL,NULL,NULL,NULL,NULL,NULL,(928) 855-9441,NULL,NULL,NULL,NULL,NULL,NULL,NULL,Republic Services #527,NULL,3-0527-0004780,NULL,AFD6687D-2F92-4A46-A75E-2FA5398BB833,NULL,NULL,0,0.00,NULL,0,1,NULL,NULL,2023-02-23 13:29:24.000,2025-04-14 10:14:52.000
FEE52324-C3B3-4631-BA1A-0449E871F44B,80000648-1677194317,Meyer Distributing,Meyer Distributing,NULL,NULL,NULL,NULL,NULL,Meyer Distributing,560 East 25th Street,NULL,NULL,Jasper,IN,47546,NULL,NULL,NULL,NULL,NULL,NULL,NULL,NULL,NULL,800-639-3787 x 6411,NULL,NULL,NULL,(812) 482-2914,dakota.mullins@meyerdistributing.com,NULL,NULL,NULL,NULL,NULL,NULL,A5DDE231-3987-4FF7-A2B7-068A55D1B562,NULL,NULL,0,-479.02,NULL,0,1,NULL,NULL,2023-02-23 16:18:37.000,2025-04-15 11:16:44.000
DC023A62-0993-4BB2-8665-04DA6183212D,800002D9-1677184221,Swift Wireless,Swift Wireless,NULL,NULL,NULL,NULL,NULL,Swift Wireless,"1990 McCulloch Blvd., #D-101",NULL,NULL,Lake Havasu City,AZ,86403,NULL,NULL,NULL,NULL,NULL,NULL,NULL,NULL,NULL,(928) 505-2920,NULL,NULL,NULL,NULL,NULL,NULL,NULL,NULL,NULL,NULL,NULL,AFD6687D-2F92-4A46-A75E-2FA5398BB833,NULL,NULL,0,0.00,NULL,0,1,NULL,NULL,2023-02-23 13:30:21.000,2023-02-23 13:30:21.000
B57EC651-984B-4075-AF1A-0504C0F63073,80000604-1677194286,Goodson Manufacturing Co.,Goodson Manufacturing Co.,NULL,NULL,NULL,NULL,NULL,Goodson Manufacturing Co.,156 Galewski Dr,NULL,NULL,Winona,MN,55987-1455,NULL,NULL,NULL,NULL,NULL,NULL,NULL,NULL,NULL,(800) 533-8010,NULL,NULL,NULL,(507) 452-2907,CUST#120037,NULL,NULL,Goodson Manufacturing Co.,NULL,120037,NULL,A5DDE231-3987-4FF7-A2B7-068A55D1B562,NULL,NULL,0,-16.95,NULL,0,1,NULL,NULL,2023-02-23 16:18:06.000,2025-04-14 11:33:56.000
E6F35E33-DE73-4926-81D1-05459763D6AC,80000181-1677183022,Havasu Custom Clothing Co,Havasu Custom Clothing Co,NULL,NULL,NULL,NULL,NULL,Havasu Custom Clothing Co,344 London Bridge Rd Ste B,NULL,NULL,Lake Havasu City,AZ,86403,NULL,NULL,NULL,NULL,NULL,NULL,NULL,NULL,NULL,928-412-1741,NULL,NULL,NULL,NULL,havasucustomclothing@gmail.com,NULL,NULL,Havasu Custom Clothing Co,NULL,NULL,NULL,NULL,NULL,NULL,0,0.00,NULL,0,1,NULL,NULL,2023-02-23 13:10:22.000,2023-02-23 13:26:56.000
CE624BE7-5504-4D46-BECC-0551CEF6F84F,80006759-1732643702,Metapay,Metapay,NULL,NULL,NULL,NULL,NULL,Metapay,NULL,NULL,NULL,NULL,NULL,NULL,NULL,NULL,NULL,NULL,NULL,NULL,NULL,NULL,NULL,NULL,NULL,NULL,NULL,NULL,NULL,NULL,NULL,NULL,NULL,NULL,NULL,NULL,NULL,NULL,0,0.00,NULL,0,1,NULL,NULL,2024-11-26 10:55:02.000,2024-11-27 11:34:39.000
C72706C5-EB5C-40E2-BCE5-0557715F15F9,8000450A-1712159366,Idaho Tax Comission,Idaho Tax Comission,NULL,NULL,NULL,NULL,NULL,NULL,NULL,NULL,NULL,NULL,ID,NULL,NULL,NULL,NULL,NULL,NULL,NULL,NULL,NULL,NULL,NULL,NULL,NULL,NULL,NULL,NULL,NULL,NULL,NULL,NULL,NULL,NULL,NULL,NULL,NULL,0,0.00,NULL,0,1,NULL,NULL,2024-04-03 08:49:26.000,2024-04-03 08:49:58.000
C2F2885C-3BBF-4641-B905-059DCC7B71C8,80000597-1677194237,ADD Offroad,ADD Offroad,NULL,NULL,NULL,NULL,NULL,ADD Offroad,308 S Extension Rd,NULL,NULL,Mesa,AZ,85210,NULL,NULL,NULL,NULL,NULL,NULL,NULL,NULL,NULL,855-233-8992,NULL,NULL,NULL,480-436-5641,sam@addictivedesertdesigns.com,NULL,NULL,ADD Offroad,NULL,NULL,NULL,A5DDE231-3987-4FF7-A2B7-068A55D1B562,NULL,NULL,0,0.00,NULL,0,1,NULL,NULL,2023-02-23 16:17:17.000,2023-11-03 13:31:16.000
6E99575B-9D5F-47B7-9B34-05D4D16F3E1D,8000000D-1677182790,.Wade Johnson,.Wade Johnson,NULL,NULL,NULL,NULL,NULL,Wade Johnson,PO Box 967,NULL,NULL,Penn Valley,CA,95946,NULL,NULL,NULL,NULL,NULL,NULL,NULL,NULL,NULL,530-913-6894,NULL,NULL,NULL,NULL,NULL,NULL,NULL,NULL,NULL,NULL,NULL,NULL,NULL,NULL,0,0.00,NULL,0,1,NULL,NULL,2023-02-23 13:06:30.000,2023-02-23 13:23:38.000
4CF90671-404B-43BD-BD12-05F0E32CECF0,80002A06-1680823454,.Kurt Inman,.Kurt Inman,NULL,NULL,NULL,NULL,NULL,Kurt Inman,PO Box 2553,NULL,NULL,Bigfork,MT,59911,NULL,NULL,NULL,NULL,NULL,NULL,NULL,NULL,NULL,NULL,NULL,NULL,NULL,NULL,NULL,NULL,NULL,Kurt Inman,NULL,NULL,NULL,NULL,NULL,NULL,0,0.00,NULL,0,1,NULL,NULL,2023-04-06 16:24:14.000,2023-04-06 16:33:06.000
A69C8FD0-D24A-47D1-A403-05F5EAEF88C3,800042D6-1711119538,JSP,JSP,NULL,NULL,NULL,NULL,NULL,JSP,NULL,NULL,NULL,NULL,NULL,NULL,NULL,NULL,NULL,NULL,NULL,NULL,NULL,NULL,NULL,NULL,NULL,NULL,NULL,NULL,NULL,NULL,NULL,NULL,NULL,NULL,NULL,A5DDE231-3987-4FF7-A2B7-068A55D1B562,NULL,NULL,0,0.00,NULL,0,1,NULL,NULL,2024-03-22 07:58:58.000,2024-03-22 08:00:01.000
809FE0BA-6DFB-40FF-B64F-05FF77307A91,8000608C-1728493389,Davidson's,Davidson's,NULL,NULL,NULL,NULL,NULL,Davidson's,2625 Stearman Road,NULL,NULL,Prescott,AZ,86301,NULL,NULL,NULL,NULL,NULL,NULL,NULL,NULL,NULL,NULL,NULL,NULL,NULL,NULL,NULL,NULL,NULL,NULL,NULL,NULL,NULL,AFD6687D-2F92-4A46-A75E-2FA5398BB833,NULL,NULL,0,0.00,NULL,0,1,NULL,NULL,2024-10-09 10:03:09.000,2024-10-09 10:05:50.000
7753F52B-E241-414E-AA73-060A8F295608,800002C1-1677184206,Speed Warehouse Inc.,Speed Warehouse Inc.,NULL,NULL,NULL,NULL,NULL,Speed Warehouse Inc.,P.O. Box 4658,NULL,NULL,Hayward,CA,94540,NULL,NULL,NULL,NULL,NULL,NULL,NULL,NULL,NULL,714-832-9521,NULL,NULL,NULL,NULL,NULL,NULL,NULL,NULL,NULL,NULL,NULL,NULL,NULL,NULL,0,0.00,NULL,0,1,NULL,NULL,2023-02-23 13:30:06.000,2023-02-23 13:30:06.000
6A46AD36-6277-422E-8F04-062E219EA4DE,8000618B-1729100706,Armsstrong,Armsstrong,NULL,NULL,NULL,NULL,NULL,Armsstrong,NULL,NULL,NULL,NULL,NULL,NULL,NULL,NULL,NULL,NULL,NULL,NULL,NULL,NULL,NULL,NULL,NULL,NULL,NULL,NULL,NULL,NULL,NULL,NULL,NULL,NULL,NULL,2DF97A8C-811E-49EE-8039-E58584B003E5,NULL,NULL,0,0.00,NULL,0,1,NULL,NULL,2024-10-16 10:45:06.000,2025-02-10 16:08:28.000
E3292922-53BB-462A-ADE4-0669C0628190,800002E8-1677184229,Thompson Gundrilling,Thompson Gundrilling,NULL,NULL,NULL,NULL,NULL,Thompson Gundrilling,13840 Saticoy Street,NULL,NULL,Van Nuys,CA,91402,NULL,NULL,NULL,NULL,NULL,NULL,NULL,NULL,NULL,(800) 447-0368,NULL,NULL,NULL,(818) 781-0973,NULL,NULL,NULL,NULL,NULL,NULL,NULL,NULL,NULL,NULL,0,0.00,NULL,0,1,NULL,NULL,2023-02-23 13:30:29.000,2023-02-23 13:30:29.000
E087A3CB-7529-41B8-8263-066DDA34CFFC,8000028D-1677184166,RLBStore,RLBStore,NULL,NULL,NULL,NULL,NULL,Rear Light Bar,95 West Highway CA-98,NULL,NULL,Calexico,CA,92231,NULL,NULL,NULL,NULL,NULL,NULL,NULL,NULL,NULL,760-556-1941,NULL,NULL,NULL,NULL,sales@rearlightbar.com,NULL,NULL,Rear Light Bar,NULL,NULL,NULL,NULL,NULL,NULL,0,0.00,NULL,0,1,NULL,NULL,2023-02-23 13:29:26.000,2023-02-23 13:29:26.000
F120E7D9-2198-402A-B297-06A9F53F37F7,80000651-1677194321,Nitoma,Nitoma,NULL,NULL,NULL,NULL,NULL,Nitoma,12524 McCann Drive,NULL,NULL,Santa Fe Springs,CA,90670,NULL,NULL,NULL,NULL,NULL,NULL,NULL,NULL,NULL,562-946-8827   1#,NULL,NULL,NULL,NULL,nitoma@aol.com,NULL,NULL,NULL,NULL,NULL,NULL,3DD1DEF5-C7AA-41E7-964E-EFCE3AFB8E29,NULL,NULL,0,984.50,NULL,0,1,NULL,NULL,2023-02-23 16:18:41.000,2025-04-17 08:31:15.000
350F231D-4D97-471D-BC28-06B4BD2FD62C,80000625-1677194301,Jim Putney 22RE Performance,Jim Putney 22RE Performance,NULL,Jim,NULL,Putney,NULL,Jim Putney,40 Rash Lane,NULL,NULL,Chico,CA,95973,NULL,NULL,NULL,NULL,NULL,NULL,NULL,NULL,NULL,530-892-1451,NULL,NULL,NULL,NULL,info@22reperformance.com,NULL,NULL,22re Performance,NULL,NULL,NULL,A5DDE231-3987-4FF7-A2B7-068A55D1B562,NULL,NULL,0,0.00,NULL,0,1,NULL,NULL,2023-02-23 16:18:21.000,2023-02-23 16:18:21.000
7C663CF2-6F74-4858-9EF2-06B5F6E869F5,800002E0-1677184225,Thalypo,Thalypo,NULL,NULL,NULL,NULL,NULL,Thalypo,NULL,NULL,NULL,NULL,NULL,NULL,NULL,NULL,NULL,NULL,NULL,NULL,NULL,NULL,NULL,NULL,NULL,NULL,NULL,NULL,NULL,NULL,NULL,NULL,NULL,NULL,NULL,NULL,NULL,NULL,0,0.00,NULL,0,1,NULL,NULL,2023-02-23 13:30:25.000,2023-02-23 13:30:25.000
4EC854B9-31D9-4B12-BD98-06C3EF9ABE29,80000345-1677184278,Yota1 PerformanceYota1 Performance In Inc,Yota1 PerformanceYota1 Performance In Inc,NULL,NULL,NULL,NULL,NULL,Yota1 Performance Inc,2641 Patterson Rd,NULL,NULL,Riverbank,CA,95367,NULL,NULL,NULL,NULL,NULL,NULL,NULL,NULL,NULL,209-869-6821,NULL,NULL,NULL,NULL,NULL,NULL,NULL,Yota1 Performance Inc,NULL,NULL,NULL,NULL,NULL,NULL,0,0.00,NULL,0,1,NULL,NULL,2023-02-23 13:31:18.000,2023-02-23 13:31:18.000
2AC8C862-2A2A-4D3A-9082-075139198149,8000787E-1742918326,Air Control,Air Control,NULL,NULL,NULL,NULL,NULL,Air Control,NULL,NULL,NULL,NULL,NULL,NULL,NULL,NULL,NULL,NULL,NULL,NULL,NULL,NULL,NULL,NULL,NULL,NULL,NULL,NULL,NULL,NULL,NULL,NULL,NULL,NULL,NULL,A5DDE231-3987-4FF7-A2B7-068A55D1B562,NULL,NULL,0,0.00,NULL,0,1,NULL,NULL,2025-03-25 08:58:46.000,2025-04-15 10:14:29.000
9C93172E-34B6-438A-B88F-076B8F346D1A,80002A5A-1694712796,Partsgopher.com,Partsgopher.com,NULL,NULL,NULL,NULL,NULL,Partsgopher.com,NULL,NULL,NULL,NULL,NULL,NULL,NULL,NULL,NULL,NULL,NULL,NULL,NULL,NULL,NULL,NULL,NULL,NULL,NULL,NULL,NULL,NULL,NULL,Partsgopher.com,NULL,NULL,NULL,NULL,NULL,NULL,0,0.00,NULL,0,1,NULL,NULL,2023-09-14 10:33:16.000,2024-07-16 11:47:56.000
8F786C14-B9E3-49DD-B3E3-0788D8DE0ED7,80000598-1677194238,Adobe Software,Adobe Software,NULL,NULL,NULL,NULL,NULL,Adobe Software,NULL,NULL,NULL,NULL,NULL,NULL,NULL,NULL,NULL,NULL,NULL,NULL,NULL,NULL,NULL,800-505-0774,NULL,NULL,NULL,NULL,NULL,NULL,NULL,Adobe Software,NULL,NULL,NULL,A5DDE231-3987-4FF7-A2B7-068A55D1B562,NULL,NULL,0,0.00,NULL,0,1,NULL,NULL,2023-02-23 16:17:18.000,2025-04-14 10:52:41.000
0F8F5F7C-6F0A-48F6-8515-07E0D58B9F4C,80000297-1677184172,Rugged Radios,Rugged Radios,NULL,NULL,NULL,NULL,NULL,Rugged Radios,951 E. Grand Avenue,NULL,NULL,Arrovo Grande,CA,93420,NULL,NULL,NULL,NULL,NULL,NULL,NULL,NULL,NULL,805-541-1696,NULL,NULL,NULL,NULL,NULL,NULL,NULL,Rugged Radios,NULL,NULL,NULL,NULL,NULL,NULL,0,0.00,NULL,0,1,NULL,NULL,2023-02-23 13:29:32.000,2023-02-23 13:29:32.000
5F6D689C-0503-47AA-BCEC-081C02F432EB,8000032B-1677184264,VistaPrint,VistaPrint,NULL,NULL,NULL,NULL,NULL,VistaPrint,NULL,NULL,NULL,NULL,NULL,NULL,NULL,NULL,NULL,NULL,NULL,NULL,NULL,NULL,NULL,NULL,NULL,NULL,NULL,NULL,NULL,NULL,NULL,NULL,NULL,NULL,NULL,A5DDE231-3987-4FF7-A2B7-068A55D1B562,NULL,NULL,0,0.00,NULL,0,1,NULL,NULL,2023-02-23 13:31:04.000,2025-03-14 09:14:24.000
328EEFAD-E32F-424F-A896-08215AB07A3B,800001EA-1677184077,Magnecor,Magnecor,NULL,NULL,NULL,NULL,NULL,Magnecor USA,507 McCormick Drive,NULL,NULL,Lapeer,MI,48446,NULL,NULL,NULL,NULL,NULL,NULL,NULL,NULL,NULL,810-969-4092,NULL,NULL,NULL,810-969-4198,orders@magnecor.com,NULL,NULL,NULL,NULL,NULL,NULL,162BFAF4-5263-465D-8B19-90688B4184CF,NULL,NULL,0,320.10,NULL,0,1,NULL,NULL,2023-02-23 13:27:57.000,2025-03-31 09:21:10.000
7AF48A34-0649-43CF-A43E-083502771628,8000033A-1677184272,Western Repair Center,Western Repair Center,NULL,NULL,NULL,NULL,NULL,Western Repair Center,3602 Challenger Way,NULL,NULL,Carson City,NV,89706-0753,NULL,NULL,NULL,NULL,NULL,NULL,NULL,NULL,NULL,775-883-8585,NULL,NULL,NULL,775-883-8590,NULL,NULL,NULL,Western Repair Center,NULL,NULL,NULL,NULL,NULL,NULL,0,0.00,NULL,0,1,NULL,NULL,2023-02-23 13:31:12.000,2023-02-23 13:31:12.000
D258A5D9-FBCF-4BD7-92FD-086A22E28BDF,800005B2-1677194249,Aus Injection,Aus Injection,NULL,NULL,NULL,NULL,NULL,Aus Injection,6628 S Dateland Dr,NULL,NULL,Tempe,AZ,85283,NULL,NULL,NULL,NULL,NULL,NULL,NULL,NULL,NULL,480-668-9738,NULL,NULL,NULL,NULL,ricardo@ausinjection.com; orders@ausinjection.com,NULL,NULL,Aus Injection,NULL,NULL,NULL,A5DDE231-3987-4FF7-A2B7-068A55D1B562,NULL,NULL,0,0.00,NULL,0,1,NULL,NULL,2023-02-23 16:17:29.000,2025-04-15 10:32:45.000
1252DF0D-6EEB-4D75-AE26-08772E4D8FFE,8000015A-1677182993,Frereman Toyota,Frereman Toyota,NULL,NULL,NULL,NULL,NULL,Frereman Toyota,NULL,NULL,NULL,NULL,NULL,NULL,NULL,NULL,NULL,NULL,NULL,NULL,NULL,NULL,NULL,707-542-1847,NULL,NULL,NULL,NULL,NULL,NULL,NULL,NULL,NULL,NULL,NULL,NULL,NULL,NULL,0,0.00,NULL,0,0,NULL,NULL,2023-02-23 13:09:53.000,2023-02-23 13:26:35.000
BE76CDDC-ED45-4944-89F0-089EFA0FAD63,800002C2-1677184207,SpeedwayMotors.com,SpeedwayMotors.com,NULL,NULL,NULL,NULL,NULL,SpeedwayMotors.com,340 Victory Lane,NULL,NULL,Lincoln,NE,68528,NULL,NULL,NULL,NULL,NULL,NULL,NULL,NULL,NULL,800-979-0122,NULL,NULL,NULL,NULL,NULL,NULL,NULL,SpeedwayMotors.com,NULL,NULL,NULL,NULL,NULL,NULL,0,0.00,NULL,0,1,NULL,NULL,2023-02-23 13:30:07.000,2023-02-23 13:30:07.000
ACE4210B-59D6-4855-A219-08CD158EDE44,8000065D-1677194328,Pertronix / JBA,Pertronix / JBA,NULL,NULL,NULL,NULL,NULL,Pertronix / JBA,10955 Mill Creek Rd,NULL,NULL,Lenexa,KS,66219,NULL,NULL,NULL,NULL,NULL,NULL,NULL,NULL,NULL,909-599-5955 x1402,NULL,NULL,NULL,909-599-6424,sales@pertronix.com,NULL,NULL,Pertronix / JBA acct 20164,NULL,NULL,NULL,162BFAF4-5263-465D-8B19-90688B4184CF,NULL,NULL,0,1051.55,NULL,0,1,NULL,NULL,2023-02-23 16:18:48.000,2025-04-17 12:49:04.000
8D49967F-E7CF-4E91-911D-08E06C1D9631,8000025F-1677184139,Piazza's Trailers,Piazza's Trailers,NULL,NULL,NULL,NULL,NULL,Piazza's Trailers,25650 Baffin Bay,NULL,NULL,Lake Forest,CA,92630,NULL,NULL,NULL,NULL,NULL,NULL,NULL,NULL,NULL,949-280-0432,NULL,NULL,NULL,NULL,NULL,NULL,NULL,NULL,NULL,NULL,NULL,AFD6687D-2F92-4A46-A75E-2FA5398BB833,NULL,NULL,0,0.00,NULL,0,1,NULL,NULL,2023-02-23 13:28:59.000,2023-02-23 13:28:59.000
3F3BD8BB-E38C-4BFE-98E6-0984069EC0D1,80002A23-1683676072,Steve Hammett,Steve Hammett,NULL,NULL,NULL,NULL,NULL,Steve Hammett,NULL,NULL,NULL,NULL,NULL,NULL,NULL,NULL,NULL,NULL,NULL,NULL,NULL,NULL,NULL,NULL,NULL,NULL,NULL,NULL,NULL,NULL,NULL,NULL,NULL,NULL,NULL,NULL,NULL,NULL,0,0.00,NULL,0,1,NULL,NULL,2023-05-09 16:47:52.000,2023-05-09 16:52:07.000
58F65BA9-6115-4C83-AF00-0A0A03A176FD,80006644-1732115352,Napa Auto Parts,Napa Auto Parts,NULL,NULL,NULL,NULL,NULL,Napa Auto Parts,1551 Palo Verde Blvd S,NULL,NULL,Lake Havasu City,AZ,86403,NULL,NULL,NULL,NULL,NULL,NULL,NULL,NULL,NULL,NULL,NULL,NULL,NULL,NULL,NULL,NULL,NULL,Napa Auto Parts,NULL,900003054,NULL,162BFAF4-5263-465D-8B19-90688B4184CF,NULL,NULL,0,951.51,NULL,0,1,NULL,NULL,2024-11-20 08:09:12.000,2025-04-17 12:49:28.000
620A9A7F-7141-480C-9871-0A3BA969E7B1,800001A9-1677184039,J & L's Full Throttle BBQ,J & L's Full Throttle BBQ,NULL,NULL,NULL,NULL,NULL,J & L's Full Throttle BBQ,NULL,NULL,NULL,NULL,NULL,NULL,NULL,NULL,NULL,NULL,NULL,NULL,NULL,NULL,NULL,NULL,NULL,NULL,NULL,NULL,NULL,NULL,NULL,NULL,NULL,NULL,NULL,AFD6687D-2F92-4A46-A75E-2FA5398BB833,NULL,NULL,0,0.00,NULL,0,1,NULL,NULL,2023-02-23 13:27:19.000,2023-03-30 14:13:50.000
56861FCC-9CD6-4937-9306-0A7480C50034,800005D4-1677194265,Certn,Certn,NULL,NULL,NULL,NULL,NULL,Certn,NULL,NULL,NULL,NULL,NULL,NULL,NULL,NULL,NULL,NULL,NULL,NULL,NULL,NULL,NULL,NULL,NULL,NULL,NULL,NULL,NULL,NULL,NULL,Certn,NULL,NULL,NULL,A5DDE231-3987-4FF7-A2B7-068A55D1B562,NULL,NULL,0,0.00,NULL,0,1,NULL,NULL,2023-02-23 16:17:45.000,2023-02-23 16:17:45.000
5E1DB435-D9EC-4E3E-9A8D-0A911FE38D29,80002A37-1686951441,Walbro Fuelpumps,Walbro Fuelpumps,NULL,NULL,NULL,NULL,NULL,NULL,NULL,NULL,NULL,NULL,NULL,NULL,NULL,NULL,NULL,NULL,NULL,NULL,NULL,NULL,NULL,NULL,NULL,NULL,NULL,NULL,NULL,NULL,NULL,NULL,NULL,NULL,NULL,A5DDE231-3987-4FF7-A2B7-068A55D1B562,NULL,NULL,0,0.00,NULL,0,1,NULL,NULL,2023-06-16 14:37:21.000,2023-08-21 16:51:51.000
27423439-E921-4398-B904-0B00CDD69037,800002F9-1677184240,Trick Toys Fabrication,Trick Toys Fabrication,NULL,NULL,NULL,NULL,NULL,Trick Toys Fabrication,NULL,NULL,NULL,NULL,NULL,NULL,NULL,NULL,NULL,NULL,NULL,NULL,NULL,NULL,NULL,NULL,NULL,NULL,NULL,NULL,NULL,NULL,NULL,NULL,NULL,NULL,NULL,AFD6687D-2F92-4A46-A75E-2FA5398BB833,NULL,NULL,0,0.00,NULL,0,1,NULL,NULL,2023-02-23 13:30:40.000,2023-02-23 13:30:40.000
66207E3A-1692-46CF-A166-0B2706F0D3EE,80000097-1677182875,"Bowen & Groves, Inc. / ECi M1","Bowen & Groves, Inc. / ECi M1",NULL,NULL,NULL,NULL,NULL,"Bowen & Groves, Inc. / ECi M1",P.O. Box 6760,NULL,NULL,Jefferson City,MO,65102,NULL,NULL,NULL,NULL,NULL,NULL,NULL,NULL,NULL,(714) 854-0360,NULL,NULL,NULL,(714)8540361,NULL,NULL,NULL,NULL,NULL,NULL,NULL,NULL,NULL,NULL,0,0.00,NULL,0,1,NULL,NULL,2023-02-23 13:07:55.000,2023-02-23 13:24:55.000
C51BA5A6-B2D7-4018-82EC-0B3EE17837BC,80006962-1733764023,Onyx,Onyx,NULL,NULL,NULL,NULL,NULL,Onyx,NULL,NULL,NULL,NULL,NULL,NULL,NULL,NULL,NULL,NULL,NULL,NULL,NULL,NULL,NULL,NULL,NULL,NULL,NULL,NULL,NULL,NULL,NULL,NULL,NULL,NULL,NULL,NULL,NULL,NULL,0,0.00,NULL,0,1,NULL,NULL,2024-12-09 10:07:03.000,2024-12-09 10:08:22.000
673B94EB-4D69-4E2B-8127-0B4B19D3FAA0,8000751F-1741101180,Driver Logistics,Driver Logistics,NULL,NULL,NULL,NULL,NULL,Driver Logistics,NULL,NULL,NULL,NULL,NULL,NULL,NULL,NULL,NULL,NULL,NULL,NULL,NULL,NULL,NULL,NULL,NULL,NULL,NULL,NULL,NULL,NULL,NULL,NULL,NULL,NULL,NULL,NULL,NULL,NULL,0,0.00,NULL,0,1,NULL,NULL,2025-03-04 08:13:00.000,2025-03-04 08:15:43.000
FE7B9817-9DA3-4033-8B10-0B8B88F10AAC,800000A5-1677182884,Bullseye Power LLC,Bullseye Power LLC,NULL,NULL,NULL,NULL,NULL,Bullseye Power LLC,2134 Northwoods Drive,NULL,NULL,Muskegon,MI,49442,NULL,NULL,NULL,NULL,NULL,NULL,NULL,NULL,NULL,N/A,NULL,NULL,NULL,NULL,NULL,NULL,NULL,NULL,NULL,NULL,NULL,NULL,NULL,NULL,0,0.00,NULL,0,1,NULL,NULL,2023-02-23 13:08:04.000,2023-02-23 13:25:02.000
461A1278-2076-4BC9-BDC8-0BE1215900B9,80000678-1677194340,RockAuto.com,RockAuto.com,NULL,NULL,NULL,NULL,NULL,RockAuto.com,NULL,NULL,NULL,NULL,NULL,NULL,NULL,NULL,NULL,NULL,NULL,NULL,NULL,NULL,NULL,NULL,NULL,NULL,NULL,NULL,NULL,NULL,NULL,RockAuto.com,NULL,NULL,NULL,A5DDE231-3987-4FF7-A2B7-068A55D1B562,NULL,NULL,0,2193.85,NULL,0,1,NULL,NULL,2023-02-23 16:19:00.000,2025-04-17 12:49:30.000
F83BDC37-6819-4C05-844A-0C050B6EC077,80007757-1742238501,Fedex Freight,Fedex Freight,NULL,NULL,NULL,NULL,NULL,Fedex Freight,NULL,NULL,NULL,NULL,NULL,NULL,NULL,NULL,NULL,NULL,NULL,NULL,NULL,NULL,NULL,NULL,NULL,NULL,NULL,NULL,NULL,NULL,NULL,NULL,NULL,NULL,NULL,AFD6687D-2F92-4A46-A75E-2FA5398BB833,NULL,NULL,0,0.00,NULL,0,1,NULL,NULL,2025-03-17 12:08:21.000,2025-03-17 12:09:35.000
051920BA-231B-4B9D-B9AA-0C3E72110B2A,800029D3-1678831601,.Kace White,.Kace White,NULL,NULL,NULL,NULL,NULL,Kace White,6937 Richeve Way,NULL,NULL,Sacramento,CA,95828,NULL,NULL,NULL,NULL,NULL,NULL,NULL,NULL,NULL,916-617-9345,NULL,NULL,NULL,NULL,NULL,NULL,NULL,Kace White,NULL,NULL,NULL,NULL,NULL,NULL,0,0.00,NULL,0,1,NULL,NULL,2023-03-14 15:06:41.000,2023-03-14 15:28:16.000
49E1C3F6-898E-4D71-82A5-0C4A554E7AC1,800000CC-1677182907,Cintas Fire Protection LOC#F35,Cintas Fire Protection LOC#F35,NULL,NULL,NULL,NULL,NULL,Cintas Fire Protection 636525,PO Box 636525,NULL,NULL,Cincinnati,OH,45263-6525,NULL,NULL,NULL,NULL,NULL,NULL,NULL,NULL,NULL,(623) 939-7979,NULL,NULL,NULL,623-939-9390,NULL,NULL,NULL,NULL,NULL,NULL,NULL,3EF97799-B4C4-4EF2-BF80-BD8A8C1A43AF,NULL,NULL,0,0.00,NULL,0,1,NULL,NULL,2023-02-23 13:08:27.000,2024-12-06 08:57:12.000
09ACB564-A1C6-4872-99B0-0C71A0099A91,80006AB1-1734628540,Porter Manufacturing & Supply Co,Porter Manufacturing & Supply Co,NULL,NULL,NULL,NULL,NULL,Porter Manufacturing & Supply Co,2215 Chico Ave,NULL,NULL,So. El Monte,CA,91733,NULL,NULL,NULL,NULL,NULL,NULL,NULL,NULL,NULL,626-448-8115,NULL,NULL,NULL,626-448-4470,sales@gasgacinch.com,NULL,NULL,Porter Manufacturing & Supply Co,NULL,NULL,NULL,NULL,NULL,NULL,0,278.36,NULL,0,1,NULL,NULL,2024-12-19 10:15:40.000,2025-04-17 12:49:11.000
B8920CB2-F59B-405D-BF42-0C87DF27EC7A,800002B8-1677184199,Sonnax Industries,Sonnax Industries,NULL,NULL,NULL,NULL,NULL,Sonnax Industries,Automatic Drive,NULL,NULL,Bellows Falls,VT,5101,NULL,NULL,NULL,NULL,NULL,NULL,NULL,NULL,NULL,(800) 843-2600,NULL,NULL,NULL,802-463-4059,www.sonnax.com,NULL,NULL,NULL,NULL,NULL,NULL,NULL,NULL,NULL,0,0.00,NULL,0,1,NULL,NULL,2023-02-23 13:29:59.000,2023-02-23 13:29:59.000
DD8D4DDC-1439-4CAF-BA89-0C932C83A504,8000598D-1724090693,monserrat,monserrat,NULL,NULL,NULL,NULL,NULL,Monserrat,NULL,NULL,NULL,NULL,NULL,NULL,NULL,NULL,NULL,NULL,NULL,NULL,NULL,NULL,NULL,NULL,NULL,NULL,NULL,NULL,NULL,NULL,NULL,NULL,NULL,NULL,NULL,NULL,NULL,NULL,0,0.00,NULL,0,1,NULL,NULL,2024-08-19 11:04:53.000,2024-08-19 11:05:37.000
1E6ECA19-CC85-49B9-B7AD-0C955F4842D1,8000064C-1677194319,Motion Industries,Motion Industries,NULL,Will,NULL,Wilkie,NULL,Motion Industries,Will Wilkie,220 S 9th St,NULL,Phoenix,AZ,85034,NULL,NULL,NULL,NULL,NULL,NULL,NULL,NULL,NULL,602-252-3700,NULL,NULL,NULL,602-252-3719,Will.Wilkie@motion-ind.com,NULL,NULL,Motion Industries,NULL,NULL,NULL,A5DDE231-3987-4FF7-A2B7-068A55D1B562,NULL,NULL,0,0.00,NULL,0,1,NULL,NULL,2023-02-23 16:18:39.000,2023-02-23 16:18:39.000
46F6D7ED-200C-4991-AC50-0CADC67CFF8D,8000061F-1677194298,JE Pistons,JE Pistons,NULL,Jeremy,NULL,NULL,NULL,JE Pistons,P.O. Box 409666,NULL,NULL,Atlanta,GA,30384-9644,NULL,NULL,NULL,NULL,NULL,NULL,NULL,NULL,NULL,(714) 898-9763 x.4260,NULL,NULL,NULL,(714) 379-8213,janderson@jepistons.com,NULL,NULL,NULL,NULL,NULL,NULL,A5DDE231-3987-4FF7-A2B7-068A55D1B562,NULL,NULL,0,0.00,NULL,0,1,NULL,NULL,2023-02-23 16:18:18.000,2023-02-23 16:18:18.000
7A05DBBF-DEAA-4B5D-9D46-0CAEE0292B69,8000031C-1677184257,V-Belt Guys,V-Belt Guys,NULL,NULL,NULL,NULL,NULL,V-Belt Guys,1408 N C Ave,NULL,NULL,Sioux Falls,SD,57104,NULL,NULL,NULL,NULL,NULL,NULL,NULL,NULL,NULL,800-213-9715,NULL,NULL,NULL,NULL,NULL,NULL,NULL,V-Belt Guys,NULL,NULL,NULL,NULL,NULL,NULL,0,0.00,NULL,0,1,NULL,NULL,2023-02-23 13:30:57.000,2023-02-23 13:30:57.000
F8C321F8-47B8-4B2F-B89D-0D01BEF3DED7,80000275-1677184151,Quality Inn,Quality Inn,NULL,NULL,NULL,NULL,NULL,Quality Inn,NULL,NULL,NULL,NULL,NULL,NULL,NULL,NULL,NULL,NULL,NULL,NULL,NULL,NULL,NULL,NULL,NULL,NULL,NULL,NULL,NULL,NULL,NULL,NULL,NULL,NULL,NULL,NULL,NULL,NULL,0,0.00,NULL,0,1,NULL,NULL,2023-02-23 13:29:11.000,2023-03-22 16:27:20.000
95E6FD73-800F-4FA8-9974-0D06632EBFA4,8000022B-1677184114,Omni-X,Omni-X,NULL,NULL,NULL,NULL,NULL,Omni-X,2751 West Mansfield Avenue,NULL,NULL,Englewood,CO,80110,NULL,NULL,NULL,NULL,NULL,NULL,NULL,NULL,NULL,(303) 789-3575,NULL,NULL,NULL,303-789-4755,ssimons@omnibend.com,NULL,NULL,NULL,NULL,NULL,NULL,162BFAF4-5263-465D-8B19-90688B4184CF,NULL,NULL,0,0.00,NULL,0,1,NULL,NULL,2023-02-23 13:28:34.000,2025-01-27 07:02:35.000
5FDB7B98-59CE-49DC-A1DF-0D8706E128E7,800029FF-1680642520,.Chris Monez,.Chris Monez,NULL,NULL,NULL,NULL,NULL,Chris Monez,1853 Lenox Ave.,NULL,NULL,E Meadow,NY,11554,NULL,NULL,NULL,NULL,NULL,NULL,NULL,NULL,NULL,NULL,NULL,NULL,NULL,NULL,NULL,NULL,NULL,Chris Monez,NULL,NULL,NULL,NULL,NULL,NULL,0,0.00,NULL,0,0,NULL,NULL,2023-04-04 14:08:40.000,2023-04-04 14:09:10.000
B75EF4E6-733D-4E76-A052-0DCE4F614A72,800002DE-1677184223,Temporary.,Temporary.,NULL,NULL,NULL,NULL,NULL,Temporary.,NULL,NULL,NULL,NULL,NULL,NULL,NULL,NULL,NULL,NULL,NULL,NULL,NULL,NULL,NULL,NULL,NULL,NULL,NULL,NULL,NULL,NULL,NULL,NULL,NULL,NULL,NULL,NULL,NULL,NULL,0,0.00,NULL,0,1,NULL,NULL,2023-02-23 13:30:23.000,2023-02-23 13:30:23.000
B4551121-AB67-4345-9404-0DD47F1BD12C,800001E3-1677184072,LINS LITTLE CHINA,LINS LITTLE CHINA,NULL,NULL,NULL,NULL,NULL,NULL,NULL,NULL,NULL,NULL,NULL,NULL,LINS LITTLE CHINA,NULL,NULL,NULL,NULL,NULL,NULL,NULL,NULL,NULL,NULL,NULL,NULL,NULL,NULL,NULL,NULL,NULL,NULL,NULL,NULL,NULL,NULL,NULL,0,0.00,NULL,0,1,NULL,NULL,2023-02-23 13:27:52.000,2023-02-23 13:27:52.000
3A63596F-0C49-44EE-BB36-0DD4E5D59A40,800006BA-1677194370,Wiseco Pistons,Wiseco Pistons,NULL,NULL,NULL,NULL,NULL,Wiseco Pistons,"15500 West Telegraph Road, #C-26",NULL,NULL,Santa Paula,CA,93060,NULL,NULL,NULL,NULL,NULL,NULL,NULL,NULL,NULL,(800) 445-7334,NULL,NULL,NULL,805-525-3684,NULL,NULL,NULL,NULL,Customer Number 1926E,NULL,NULL,A5DDE231-3987-4FF7-A2B7-068A55D1B562,NULL,NULL,0,0.00,NULL,0,1,NULL,NULL,2023-02-23 16:19:30.000,2023-02-23 16:19:30.000
063EE677-C350-4A19-AB51-0DD68072F084,80002A35-1686778554,Interamerican Motor Corp. IMC,Interamerican Motor Corp. IMC,NULL,NULL,NULL,NULL,NULL,Interamerican Motor Corp. IMC,8901 Canoga Avenue,P.O. Box 3939,NULL,Chatsworth,CA,91313,NULL,NULL,NULL,NULL,NULL,NULL,NULL,NULL,NULL,(818) 678-1200 x 725,NULL,NULL,NULL,(818) 678-1341 Dick,www.imcparts.com,NULL,NULL,Interamerican Motor Corp. IMC,NULL,1009072,NULL,A5DDE231-3987-4FF7-A2B7-068A55D1B562,NULL,NULL,0,0.00,NULL,0,1,NULL,NULL,2023-06-14 14:35:54.000,2023-06-14 15:34:58.000
B12D6ACE-3797-4B7B-BF78-0E612AF78105,8000016A-1677183003,Geoff Hart Performance & Machine,Geoff Hart Performance & Machine,NULL,NULL,NULL,NULL,NULL,Geoff Hart Performance & Machine,2750 Sweetwater Ave Unit 6,NULL,NULL,Lake Havasu City,AZ,86406,NULL,NULL,NULL,NULL,NULL,NULL,NULL,NULL,NULL,928-680-6505,NULL,NULL,NULL,NULL,NULL,NULL,NULL,NULL,NULL,NULL,NULL,NULL,NULL,NULL,0,0.00,NULL,0,1,NULL,NULL,2023-02-23 13:10:03.000,2023-02-23 13:26:43.000
8DE38A19-6871-4085-8C23-0EF24B9EAC8B,8000562F-1721927510,Desert Cat,Desert Cat,NULL,NULL,NULL,NULL,NULL,Desert Cat,NULL,NULL,NULL,NULL,NULL,NULL,NULL,NULL,NULL,NULL,NULL,NULL,NULL,NULL,NULL,NULL,NULL,NULL,NULL,NULL,NULL,NULL,NULL,NULL,NULL,NULL,NULL,A5DDE231-3987-4FF7-A2B7-068A55D1B562,NULL,NULL,0,0.00,NULL,0,1,NULL,NULL,2024-07-25 10:11:50.000,2024-07-25 10:12:16.000
C1BB9DB4-EF1C-40D4-BDF4-0EF78F2DF109,80000254-1677184134,Petty Cash,Petty Cash,NULL,NULL,NULL,NULL,NULL,Petty Cash,NULL,NULL,NULL,NULL,NULL,NULL,NULL,NULL,NULL,NULL,NULL,NULL,NULL,NULL,NULL,NULL,NULL,NULL,NULL,NULL,NULL,NULL,NULL,NULL,NULL,NULL,NULL,AFD6687D-2F92-4A46-A75E-2FA5398BB833,NULL,NULL,0,0.00,NULL,0,1,NULL,NULL,2023-02-23 13:28:54.000,2023-02-23 13:28:54.000
7BEC4977-AFD0-452F-84E9-0F05FBE7E3DA,800002C9-1677184211,Stamps.com,Stamps.com,NULL,NULL,NULL,NULL,NULL,Stamps.com,NULL,NULL,NULL,NULL,NULL,NULL,NULL,NULL,NULL,NULL,NULL,NULL,NULL,NULL,NULL,NULL,NULL,NULL,NULL,NULL,NULL,NULL,NULL,Stamps.com,NULL,NULL,NULL,NULL,NULL,NULL,0,0.00,NULL,0,1,NULL,NULL,2023-02-23 13:30:11.000,2025-02-13 11:39:14.000
E0C36D44-6FBF-475A-97CC-0F06CD523F4C,800002A9-1677184190,Shock Therapy,Shock Therapy,NULL,NULL,NULL,NULL,NULL,Shock Therapy,23011 North 16th Lane,NULL,NULL,Phoenix,AZ,85027,NULL,NULL,NULL,NULL,NULL,NULL,NULL,NULL,NULL,623-217-4959,NULL,NULL,NULL,NULL,NULL,NULL,NULL,Shock Therapy,NULL,NULL,NULL,NULL,NULL,NULL,0,0.00,NULL,0,1,NULL,NULL,2023-02-23 13:29:50.000,2023-02-23 13:29:50.000
C4E123E8-23E6-449C-9502-0F6AF0E56BB6,800001D8-1677184067,LCE Visa - 4649,LCE Visa - 4649,NULL,NULL,NULL,NULL,NULL,NULL,NULL,NULL,NULL,LCE Visa -,NULL,4649,NULL,NULL,NULL,NULL,NULL,NULL,NULL,NULL,NULL,NULL,NULL,NULL,NULL,NULL,NULL,NULL,NULL,NULL,NULL,NULL,NULL,NULL,NULL,NULL,0,0.00,NULL,0,1,NULL,NULL,2023-02-23 13:27:47.000,2023-02-23 13:27:47.000
40F1B5F4-E5AF-4432-8F4D-0F6FCF075EDD,800029FB-1680300373,.Brian Paschoal,.Brian Paschoal,NULL,NULL,NULL,NULL,NULL,Brian Paschoal,22 White Terrace,NULL,NULL,Middletown,RI,02842,NULL,NULL,NULL,NULL,NULL,NULL,NULL,NULL,NULL,808-298-6252,NULL,NULL,NULL,NULL,NULL,NULL,NULL,NULL,NULL,NULL,NULL,NULL,NULL,NULL,0,0.00,NULL,0,1,NULL,NULL,2023-03-31 15:06:13.000,2023-04-17 15:18:06.000
39565A14-97AC-47F9-83FD-0F74A01C09E9,8000002A-1677182807,Advanced  Adapters,Advanced  Adapters,NULL,NULL,NULL,NULL,NULL,Advanced Adapters,VENDOR,NULL,NULL,NULL,NULL,NULL,NULL,NULL,NULL,NULL,NULL,NULL,NULL,NULL,NULL,(800) 350-2223,NULL,NULL,NULL,NULL,NULL,NULL,NULL,NULL,NULL,NULL,NULL,NULL,NULL,NULL,0,0.00,NULL,0,1,NULL,NULL,2023-02-23 13:06:47.000,2023-02-23 13:23:53.000
B52B9664-32BE-4F4D-BD84-0F7528249AAC,800002D1-1677184216,Sturdevants Auto Parts,Sturdevants Auto Parts,NULL,NULL,NULL,NULL,NULL,Sturdevants Auto Parts,925 Elk Vale Road Suite 100,NULL,NULL,Rapid City,SD,57703,NULL,NULL,NULL,NULL,NULL,NULL,NULL,NULL,NULL,(605) 342-4710,NULL,NULL,NULL,(605) 348-6702,NULL,NULL,NULL,NULL,NULL,NULL,NULL,162BFAF4-5263-465D-8B19-90688B4184CF,NULL,NULL,0,0.00,NULL,0,1,NULL,NULL,2023-02-23 13:30:16.000,2023-02-23 13:30:16.000
52B59B03-DB62-42BE-873B-0F7BF9918B31,80000292-1677184169,RockJock 4x4,RockJock 4x4,NULL,NULL,NULL,NULL,NULL,RockJock 4x4,1592 N. Jenks Dr.,NULL,NULL,Corona,CA,92878,NULL,NULL,NULL,NULL,NULL,NULL,NULL,NULL,NULL,714-367-1580,NULL,NULL,NULL,951-736-5668,sales@rockjock4x4.com,NULL,NULL,RockJock 4x4,NULL,NULL,NULL,NULL,NULL,NULL,0,0.00,NULL,0,1,NULL,NULL,2023-02-23 13:29:29.000,2023-09-02 16:20:56.000
E18FFD7D-F8F6-431E-96F1-0FD7D9130D4C,800001F2-1677184082,MasterCraft Safety,MasterCraft Safety,NULL,NULL,NULL,NULL,NULL,MasterCraft Safety,9335 Stevens Rd.,NULL,NULL,Santee,CA,92071,NULL,NULL,NULL,NULL,NULL,NULL,NULL,NULL,NULL,619-449-9455,NULL,NULL,NULL,619-449-9454,www.mastercraftsafety.com,NULL,NULL,NULL,NULL,NULL,NULL,NULL,NULL,NULL,0,0.00,NULL,0,1,NULL,NULL,2023-02-23 13:28:02.000,2023-02-23 13:28:02.000
563181AA-040A-40F6-9602-105C5D84796D,80004582-1712593828,leo Precision,leo Precision,NULL,NULL,NULL,NULL,NULL,leo Precision,NULL,NULL,NULL,NULL,NULL,NULL,NULL,NULL,NULL,NULL,NULL,NULL,NULL,NULL,NULL,NULL,NULL,NULL,NULL,NULL,NULL,NULL,NULL,NULL,NULL,NULL,NULL,NULL,NULL,NULL,0,0.00,NULL,0,1,NULL,NULL,2024-04-08 09:30:28.000,2024-07-25 10:11:27.000
D08A7FA4-41FD-4AC8-866E-107E1A3B2DFC,800002E3-1677184226,The Hartford,The Hartford,NULL,NULL,NULL,NULL,NULL,The Hartford,P.O. Box 2907,NULL,NULL,Hartford,CT,06104-2907,NULL,NULL,NULL,NULL,NULL,NULL,NULL,NULL,NULL,(928) 855-7884,NULL,NULL,NULL,(800) 243-8227,www.sb.thehartford.com/sbainfo.,NULL,NULL,NULL,NULL,NULL,NULL,NULL,NULL,NULL,0,0.00,NULL,0,1,NULL,NULL,2023-02-23 13:30:26.000,2025-03-11 08:01:26.000
05041D79-C38F-479A-9DD6-108EC0FE9A94,8000000E-1677182790,\10,\10,NULL,NULL,NULL,NULL,NULL,\10,NULL,NULL,NULL,NULL,NULL,NULL,NULL,NULL,NULL,NULL,NULL,NULL,NULL,NULL,NULL,NULL,NULL,NULL,NULL,NULL,NULL,NULL,NULL,NULL,NULL,NULL,NULL,NULL,NULL,NULL,0,0.00,NULL,0,0,NULL,NULL,2023-02-23 13:06:30.000,2023-02-23 13:23:38.000
7050FE89-4CD0-416D-9C13-10992DE1846B,800000CE-1677182908,Classic Gears & Machining Inc,Classic Gears & Machining Inc,NULL,Jeff,NULL,Schmid,NULL,Classic Gears & Machining Inc,Jeff Schmid,2551 northridge  drive,NULL,Kaukauna,WI,54130,NULL,NULL,NULL,NULL,NULL,NULL,NULL,NULL,NULL,920-766-6800,NULL,NULL,NULL,NULL,Lori@classicgears.com,NULL,NULL,Classic Gears & Machining Inc,NULL,NULL,NULL,NULL,NULL,NULL,0,2677.50,NULL,0,1,NULL,NULL,2023-02-23 13:08:28.000,2025-03-18 08:38:42.000
816EF34E-1F15-46B9-97DD-10C4B1C72DE6,800002A7-1677184189,"Shipping Easy, Inc.","Shipping Easy, Inc.",NULL,NULL,NULL,NULL,NULL,NULL,NULL,NULL,NULL,NULL,NULL,NULL,NULL,NULL,NULL,NULL,NULL,NULL,NULL,NULL,NULL,512-960-4101,NULL,NULL,NULL,NULL,billing@shippingeasy.com,NULL,NULL,NULL,NULL,NULL,NULL,NULL,NULL,NULL,0,0.00,NULL,0,1,NULL,NULL,2023-02-23 13:29:49.000,2023-03-06 15:16:20.000
027EBDF3-9964-4B95-AC33-113B24173241,800000D5-1677182912,cncreplacementparts.com,cncreplacementparts.com,NULL,NULL,NULL,NULL,NULL,cncreplacementparts.com,14103 W Coulee Hite Rd,NULL,NULL,Spokane,WA,99224,NULL,NULL,NULL,NULL,NULL,NULL,NULL,NULL,NULL,509-467-5887,NULL,NULL,NULL,NULL,NULL,NULL,NULL,cncreplacementparts.com,NULL,NULL,NULL,NULL,NULL,NULL,0,147.74,NULL,0,1,NULL,NULL,2023-02-23 13:08:32.000,2025-04-17 12:48:30.000
33B0AF59-4C6A-4C83-8D90-114325DE76AC,80002A62-1698105920,Volision,Volision,NULL,NULL,NULL,NULL,NULL,Volision,NULL,NULL,NULL,NULL,NULL,NULL,NULL,NULL,NULL,NULL,NULL,NULL,NULL,NULL,NULL,NULL,NULL,NULL,NULL,NULL,NULL,NULL,NULL,NULL,NULL,NULL,NULL,NULL,NULL,NULL,0,0.00,NULL,0,1,NULL,NULL,2023-10-23 17:05:20.000,2024-04-18 15:11:43.000
26C96973-D590-4AD3-B563-1203AFD7B2AE,80000315-1677184254,"UPS Supply Chain Solutions, INC","UPS Supply Chain Solutions, INC",NULL,NULL,NULL,NULL,NULL,"UPS Supply Chain Solutions, INC",28013 Network Place,NULL,NULL,Chicago,IL,60673-1280,NULL,NULL,NULL,NULL,NULL,NULL,NULL,NULL,NULL,NULL,NULL,NULL,NULL,NULL,NULL,NULL,NULL,NULL,NULL,NULL,NULL,AFD6687D-2F92-4A46-A75E-2FA5398BB833,NULL,NULL,0,50.45,NULL,0,1,NULL,NULL,2023-02-23 13:30:54.000,2025-03-31 12:42:07.000
85763568-2726-4A14-9E99-12143BF9C397,80007AD4-1744221697,Rick Newman,Rick Newman,NULL,NULL,NULL,NULL,NULL,Rick Newman,1358 Roosevelt PL,NULL,NULL,Woodland,CA,95776,NULL,NULL,NULL,NULL,NULL,NULL,NULL,NULL,NULL,NULL,NULL,NULL,NULL,NULL,NULL,NULL,NULL,NULL,NULL,NULL,NULL,AFD6687D-2F92-4A46-A75E-2FA5398BB833,NULL,NULL,0,0.00,NULL,0,1,NULL,NULL,2025-04-09 11:01:37.000,2025-04-09 11:05:55.000
E5F3AD52-67DE-471D-A700-12A1CB19277A,800001FD-1677184088,Merced,Merced,NULL,NULL,NULL,NULL,NULL,Merced,NULL,NULL,NULL,NULL,NULL,NULL,NULL,NULL,NULL,NULL,NULL,NULL,NULL,NULL,NULL,NULL,NULL,NULL,NULL,NULL,NULL,NULL,NULL,NULL,NULL,NULL,NULL,NULL,NULL,NULL,0,0.00,NULL,0,1,NULL,NULL,2023-02-23 13:28:08.000,2023-02-23 13:28:08.000
46158A2C-3006-42B6-A617-12B201DD0BB9,800002F2-1677184235,Toyota Of Dallas,Toyota Of Dallas,NULL,NULL,NULL,NULL,NULL,Toyota Of Dallas,2610 Forest Lane,NULL,NULL,Dallas,TX,75234,NULL,NULL,NULL,NULL,NULL,NULL,NULL,NULL,NULL,972-241-6655,NULL,NULL,NULL,972-484-7913,NULL,NULL,NULL,NULL,NULL,NULL,NULL,NULL,NULL,NULL,0,0.00,NULL,0,1,NULL,NULL,2023-02-23 13:30:35.000,2023-02-23 13:30:35.000
6928F4C7-7407-4DD3-B58A-12E3210F5EB2,800001B9-1677184050,Josh Timbo,Josh Timbo,NULL,NULL,NULL,NULL,NULL,Josh Timbo,594 Liberty St,NULL,NULL,Perryopolis,PA,15473,NULL,NULL,NULL,NULL,NULL,NULL,NULL,NULL,NULL,NULL,NULL,NULL,NULL,NULL,NULL,NULL,NULL,NULL,NULL,NULL,NULL,AFD6687D-2F92-4A46-A75E-2FA5398BB833,NULL,NULL,0,0.00,NULL,0,1,NULL,NULL,2023-02-23 13:27:30.000,2023-02-23 13:27:30.000
3457B36B-DF89-4757-B26B-12ECB13E4C1F,80002D9D-1701209650,L&M Grinding,L&M Grinding,NULL,Mario,NULL,NULL,NULL,L&M Grinding,1301 E Cypress Ave,NULL,NULL,Redding,CA,96002,NULL,L&M Grinding,1301 E Cypress Ave,NULL,NULL,Redding,CA,96002,NULL,530-221-7652,NULL,NULL,NULL,NULL,NULL,NULL,NULL,L&M Grinding,NULL,NULL,NULL,NULL,NULL,NULL,0,0.00,NULL,0,1,NULL,NULL,2023-11-28 15:14:10.000,2023-12-14 09:11:52.000
192C4B4C-6D92-45A1-9820-130D8587834F,800001BA-1677184051,Joshua Hansen,Joshua Hansen,NULL,Joshua,NULL,Hansen,NULL,Joshua Hansen,2353 Corona Ave,NULL,NULL,Norco,CA,92860,NULL,NULL,NULL,NULL,NULL,NULL,NULL,NULL,NULL,562-739-8159,NULL,NULL,NULL,NULL,NULL,NULL,NULL,Joshua Hansen,NULL,NULL,NULL,AFD6687D-2F92-4A46-A75E-2FA5398BB833,NULL,NULL,0,0.00,NULL,0,1,NULL,NULL,2023-02-23 13:27:31.000,2023-02-23 13:27:31.000
334371F1-0963-4F0E-87AB-133FA1613826,8000018E-1677183031,Hilix International,Hilix International,NULL,NULL,NULL,NULL,NULL,Hilix International,1619 E Wilshire Ave,NULL,NULL,Santa Ana,CA,92705,NULL,NULL,NULL,NULL,NULL,NULL,NULL,NULL,NULL,562-276-3736,NULL,NULL,NULL,206-984-0815,hilixintl@yahoo.com,NULL,NULL,NULL,NULL,NULL,NULL,162BFAF4-5263-465D-8B19-90688B4184CF,NULL,NULL,0,0.00,NULL,0,1,NULL,NULL,2023-02-23 13:10:31.000,2025-03-25 08:42:43.000
F3766DE6-D618-4206-B8AC-135EDE0AE26C,80000664-1677194331,Premier Performance Products,Premier Performance Products,NULL,NULL,NULL,NULL,NULL,Premier Performance Products,278 E Dividend Dr,NULL,NULL,Rexburg,ID,83440,NULL,NULL,NULL,NULL,NULL,NULL,NULL,NULL,NULL,888-497-3666 ext 5657,NULL,NULL,888-497-3666 ext 5643,NULL,sales@premierwd.com,NULL,NULL,Premier Performance Products,NULL,NULL,NULL,A5DDE231-3987-4FF7-A2B7-068A55D1B562,NULL,NULL,0,0.00,NULL,0,1,NULL,NULL,2023-02-23 16:18:51.000,2023-02-23 16:18:51.000
5F788A3E-0D9A-4473-B7ED-13A7C65AC4F0,80000337-1677184271,Wes Dosey,Wes Dosey,NULL,NULL,NULL,NULL,NULL,Wes Dosey,NULL,NULL,NULL,NULL,NULL,NULL,NULL,NULL,NULL,NULL,NULL,NULL,NULL,NULL,NULL,NULL,NULL,NULL,NULL,NULL,NULL,NULL,NULL,NULL,NULL,NULL,NULL,NULL,NULL,NULL,0,0.00,NULL,0,1,NULL,NULL,2023-02-23 13:31:11.000,2023-02-23 13:31:11.000
6917BCCE-AAE4-4C0E-9383-13BE88220F29,8000011A-1677182952,Dunham Metal Coating,Dunham Metal Coating,NULL,NULL,NULL,NULL,NULL,Dunham Metal Coating,P.O. Box 3736,NULL,NULL,Orange,CA,92857,NULL,NULL,NULL,NULL,NULL,NULL,NULL,NULL,NULL,(800) 386-4262,NULL,NULL,NULL,(714) 532-6251,NULL,NULL,NULL,NULL,NULL,NULL,NULL,NULL,NULL,NULL,0,0.00,NULL,0,1,NULL,NULL,2023-02-23 13:09:12.000,2023-02-23 13:26:03.000
92C2D4CD-23FA-4CF2-9B25-13DA686BB07D,80004E30-1716917265,"Bourret""s Auto Glass","Bourret""s Auto Glass",NULL,NULL,NULL,NULL,NULL,"Bourret""s Auto Glass",NULL,NULL,NULL,NULL,NULL,NULL,NULL,NULL,NULL,NULL,NULL,NULL,NULL,NULL,NULL,NULL,NULL,NULL,NULL,NULL,NULL,NULL,NULL,NULL,NULL,NULL,NULL,AFD6687D-2F92-4A46-A75E-2FA5398BB833,NULL,NULL,0,0.00,NULL,0,1,NULL,NULL,2024-05-28 10:27:45.000,2024-05-28 10:29:11.000
2B0F2269-7EDA-4EFE-AEDB-13E7E81BE4C2,80003A0A-1707144661,Advance Electric,Advance Electric,NULL,NULL,NULL,NULL,NULL,Advance Electric,3493 E. Heights Blvd,Unit 48,NULL,Lake Havasu City,AZ,86404,NULL,NULL,NULL,NULL,NULL,NULL,NULL,NULL,NULL,NULL,NULL,NULL,NULL,NULL,NULL,NULL,NULL,NULL,NULL,NULL,NULL,AFD6687D-2F92-4A46-A75E-2FA5398BB833,NULL,NULL,0,0.00,NULL,0,1,NULL,NULL,2024-02-05 07:51:01.000,2024-12-16 08:07:52.000
8285E643-A15C-4B61-AD2F-14254B7FD20B,80000194-1677183038,"I D Industries, inc.","I D Industries, inc.",NULL,NULL,NULL,NULL,NULL,"I D Industries, inc.",2755 East Philadelphia Street,NULL,NULL,Ontario,CA,91761,NULL,NULL,NULL,NULL,NULL,NULL,NULL,NULL,NULL,909-591-9597,NULL,NULL,NULL,NULL,NULL,NULL,NULL,NULL,NULL,NULL,NULL,NULL,NULL,NULL,0,0.00,NULL,0,1,NULL,NULL,2023-02-23 13:10:38.000,2023-02-23 13:27:09.000
9B2A7E73-01AD-4A60-8D02-14622DCA7CEA,80002A5B-1695311081,"Veneble, Campillo, Logan and Meaney PC","Veneble, Campillo, Logan and Meaney PC",NULL,NULL,NULL,NULL,NULL,"Veneble, Campillo, Logan and Meaney PC",NULL,NULL,NULL,NULL,"Campillo, Logan and",NULL,NULL,NULL,NULL,NULL,NULL,NULL,NULL,NULL,NULL,NULL,NULL,NULL,NULL,NULL,NULL,NULL,NULL,NULL,NULL,NULL,NULL,NULL,NULL,NULL,0,0.00,NULL,0,1,NULL,NULL,2023-09-21 08:44:41.000,2023-09-21 08:45:04.000
7297F31D-8036-42C9-8259-14A255C64F0E,800029F1-1679611571,.Wyatt Boyd,.Wyatt Boyd,NULL,NULL,NULL,NULL,NULL,Wyatt Boyd,707 Shoestring Road,NULL,NULL,Riddle,OR,97469,NULL,NULL,NULL,NULL,NULL,NULL,NULL,NULL,NULL,NULL,NULL,NULL,NULL,NULL,NULL,NULL,NULL,Wyatt Boyd,NULL,NULL,NULL,NULL,NULL,NULL,0,0.00,NULL,0,1,NULL,NULL,2023-03-23 15:46:11.000,2023-03-23 16:01:43.000
8B53A41B-CE15-4DF6-881A-14C5E3044F17,80000073-1677182852,Avalara Tax Act,Avalara Tax Act,NULL,NULL,NULL,NULL,NULL,Avalara Tax Act,NULL,NULL,NULL,NULL,NULL,NULL,NULL,NULL,NULL,NULL,NULL,NULL,NULL,NULL,NULL,NULL,NULL,NULL,NULL,NULL,NULL,NULL,NULL,NULL,NULL,NULL,NULL,AFD6687D-2F92-4A46-A75E-2FA5398BB833,NULL,NULL,0,0.00,NULL,0,1,NULL,NULL,2023-02-23 13:07:32.000,2025-04-14 09:56:06.000
5B3D123E-F0CA-426C-9709-14C7A895D086,800001B2-1677184046,Jimmy John's,Jimmy John's,NULL,NULL,NULL,NULL,NULL,Jimmy John's,NULL,NULL,NULL,NULL,NULL,NULL,NULL,NULL,NULL,NULL,NULL,NULL,NULL,NULL,NULL,NULL,NULL,NULL,NULL,NULL,NULL,NULL,NULL,NULL,NULL,NULL,NULL,NULL,NULL,NULL,0,0.00,NULL,0,1,NULL,NULL,2023-02-23 13:27:26.000,2023-02-23 13:27:26.000
25A1257A-C88E-48D6-A30B-14FED280915F,8000024A-1677184129,PCI,PCI,NULL,NULL,NULL,NULL,NULL,"Melling Manufacturing, Inc.","DBA Preferred Components, Inc.",2620 Saradan Dr.,NULL,Jackson,MI,49202,NULL,NULL,NULL,NULL,NULL,NULL,NULL,NULL,NULL,(800) 275-7394,NULL,NULL,253-864-0590,253-864-0623,jim@pcitiming.com,NULL,NULL,NULL,NULL,NULL,NULL,162BFAF4-5263-465D-8B19-90688B4184CF,NULL,NULL,0,887.65,NULL,0,1,NULL,NULL,2023-02-23 13:28:49.000,2025-04-08 10:48:27.000
C0DB6482-6C1A-49D3-ACF1-15914A6BB1EC,8000004E-1677182829,Anderson Chysler / Dodge,Anderson Chysler / Dodge,NULL,NULL,NULL,NULL,NULL,Anderson Chrysler / Dodge,3920 North Highway 95,NULL,NULL,Lake Havasu City,AZ,86403,NULL,NULL,NULL,NULL,NULL,NULL,NULL,NULL,NULL,(928) 764-5153,NULL,NULL,NULL,NULL,NULL,NULL,NULL,NULL,NULL,NULL,NULL,3EF97799-B4C4-4EF2-BF80-BD8A8C1A43AF,NULL,NULL,0,0.00,NULL,0,1,NULL,NULL,2023-02-23 13:07:09.000,2023-02-23 13:24:13.000
A01C4624-7ABD-4DFD-BC8F-159B442BBA10,80002A04-1680823322,.Fredric Spada,.Fredric Spada,NULL,NULL,NULL,NULL,NULL,Fredric Spada,2709 SE Woodward St.,NULL,NULL,Portland,OR,97202,NULL,NULL,NULL,NULL,NULL,NULL,NULL,NULL,NULL,NULL,NULL,NULL,NULL,NULL,NULL,NULL,NULL,Fredric Spada,NULL,NULL,NULL,NULL,NULL,NULL,0,0.00,NULL,0,1,NULL,NULL,2023-04-06 16:22:02.000,2023-04-06 16:32:32.000
111F7229-5435-4D3E-AB9F-15B4DE8B4F5A,800002D0-1677184216,Studio Produkcji Milosz Przepadlo,Studio Produkcji Milosz Przepadlo,NULL,NULL,NULL,NULL,NULL,Studio Produkcji Milosz Przepadlo,Al. Jana Pawla II 25A pok. 810,NULL,NULL,Stalowa Wola,podkarpackie,37-450,Poland,NULL,NULL,NULL,NULL,NULL,NULL,NULL,NULL,+48 795 111 848,NULL,NULL,NULL,NULL,biuro [@] studioprodukcji.com,NULL,NULL,Studio Produkcji Milosz Przepadlo,NULL,NULL,NULL,NULL,NULL,NULL,0,0.00,NULL,0,1,NULL,NULL,2023-02-23 13:30:16.000,2023-02-23 13:30:16.000
A9D7303B-4CEC-4BDC-AF49-15B838721D5D,8000017E-1677183020,HARLAND CLARKE CHECK PRNT,HARLAND CLARKE CHECK PRNT,NULL,NULL,NULL,NULL,NULL,HARLAND CLARKE CHECK PRNT,NULL,NULL,NULL,NULL,NULL,NULL,NULL,NULL,NULL,NULL,NULL,NULL,NULL,NULL,NULL,NULL,NULL,NULL,NULL,NULL,NULL,NULL,NULL,NULL,NULL,NULL,NULL,NULL,NULL,NULL,0,0.00,NULL,0,1,NULL,NULL,2023-02-23 13:10:20.000,2023-02-23 13:26:55.000
803B7A61-1A7F-4CC8-A7A7-15BB5DCDBDB2,8000068A-1677194348,Split Second,Split Second,NULL,NULL,NULL,NULL,NULL,Split Second,1949 East Deere Avenue,NULL,NULL,Santa Ana,CA,92705,NULL,NULL,NULL,NULL,NULL,NULL,NULL,NULL,NULL,949-863-1359,NULL,NULL,NULL,949-863-1363,Mark@Splitsec.com,NULL,NULL,NULL,NULL,NULL,NULL,A5DDE231-3987-4FF7-A2B7-068A55D1B562,NULL,NULL,0,0.00,NULL,0,1,NULL,NULL,2023-02-23 16:19:08.000,2023-02-23 16:19:08.000
880F6828-145D-44CF-9A84-15CB6BBDC4EC,8000027C-1677184155,Racetech Inc. SDS EFI,Racetech Inc. SDS EFI,NULL,NULL,NULL,NULL,NULL,Racetech Inc. SDS EFI,#5 - 304 Noorduyn Park,NULL,NULL,Calgary,AB,T3Z3S8,NULL,NULL,NULL,NULL,NULL,NULL,NULL,NULL,NULL,403-671-4015,NULL,NULL,NULL,(403)453-7687,racetech7@proton.me,NULL,NULL,NULL,NULL,NULL,NULL,3EF97799-B4C4-4EF2-BF80-BD8A8C1A43AF,NULL,NULL,0,0.00,NULL,0,1,NULL,NULL,2023-02-23 13:29:15.000,2024-08-21 10:45:32.000
BCE10B7F-F6C5-42BC-8EDD-15D9CBF5C24E,8000029F-1677184178,Sandcraft Motorsports,Sandcraft Motorsports,NULL,NULL,NULL,NULL,NULL,Sandcraft Motorsports,4025 E. Madison,NULL,NULL,Phoenix,AZ,85034,NULL,NULL,NULL,NULL,NULL,NULL,NULL,NULL,NULL,480-539-4438,NULL,NULL,NULL,NULL,info@sandcraftmotorsports.com,NULL,NULL,Sandcraft Motorsports,NULL,NULL,NULL,NULL,NULL,NULL,0,0.00,NULL,0,1,NULL,NULL,2023-02-23 13:29:38.000,2023-02-23 13:29:38.000
126A3122-4C0F-4CFC-851F-1608672FCEE8,80002A60-1696870672,Static Powdercoating LLC,Static Powdercoating LLC,NULL,NULL,NULL,NULL,NULL,Static powdercoating LLC,900 N Lake Havasu Ave B120,NULL,NULL,Lake Havasu City,AZ,86403,NULL,Static powdercoating LLC,900 N Lake Havasu Ave B120,NULL,NULL,Lake Havasu City,AZ,86403,NULL,928-486-4362,NULL,NULL,NULL,NULL,staticpowdercoating@gmail.com,NULL,NULL,Static powdercoating LLC,NULL,NULL,NULL,NULL,NULL,NULL,0,0.00,NULL,0,1,NULL,NULL,2023-10-09 09:57:52.000,2025-04-09 10:10:47.000
E63AAF61-8E59-4D9C-9A1D-1609203D24BE,8000059E-1677194240,alibaba,alibaba,NULL,NULL,NULL,NULL,NULL,alibaba,NULL,NULL,NULL,NULL,NULL,NULL,NULL,NULL,NULL,NULL,NULL,NULL,NULL,NULL,NULL,NULL,NULL,NULL,NULL,NULL,NULL,NULL,NULL,NULL,NULL,NULL,NULL,A5DDE231-3987-4FF7-A2B7-068A55D1B562,NULL,NULL,0,0.00,NULL,0,1,NULL,NULL,2023-02-23 16:17:20.000,2024-06-06 09:49:27.000
1C4766C0-019A-4CD4-9700-1633F5D94178,80000126-1677182960,Electromotive,Electromotive,NULL,NULL,NULL,NULL,NULL,Electromotive,9131 Centreville,NULL,NULL,Manassas,VA,20110,NULL,NULL,NULL,NULL,NULL,NULL,NULL,NULL,NULL,(703) 331-0100,NULL,NULL,NULL,703-331-0161,www.directignition.com,NULL,NULL,NULL,NULL,NULL,NULL,NULL,NULL,NULL,0,0.00,NULL,0,1,NULL,NULL,2023-02-23 13:09:20.000,2023-02-23 13:26:09.000
FFC3D245-2B4F-41A2-80B1-164E6085A7DB,8000023E-1677184123,Parker Hannifin Corporation Seals,Parker Hannifin Corporation Seals,NULL,NULL,NULL,NULL,NULL,Parker Hannifin Corporation Seals,14020 Collection Center Drive,NULL,NULL,Chicago,IL,60693,NULL,NULL,NULL,NULL,NULL,NULL,NULL,NULL,NULL,(305) 592-2760,NULL,NULL,NULL,419-333-1202,NULL,NULL,NULL,NULL,NULL,NULL,NULL,NULL,NULL,NULL,0,0.00,NULL,0,1,NULL,NULL,2023-02-23 13:28:43.000,2023-02-23 13:28:43.000
939AAFFA-9C31-4352-8110-167DCF678D23,800000F1-1677182927,Crown Ace Hardware,Crown Ace Hardware,NULL,NULL,NULL,NULL,NULL,Crown Ace Hardware,NULL,NULL,NULL,NULL,NULL,NULL,NULL,NULL,NULL,NULL,NULL,NULL,NULL,NULL,NULL,NULL,NULL,NULL,NULL,NULL,NULL,NULL,NULL,NULL,NULL,NULL,NULL,A5DDE231-3987-4FF7-A2B7-068A55D1B562,NULL,NULL,0,0.00,NULL,0,1,NULL,NULL,2023-02-23 13:08:47.000,2025-02-14 14:17:40.000
3435859C-D670-43A3-9CB7-168563941BA7,800002CB-1677184213,Star Galaxy Inc.,Star Galaxy Inc.,NULL,NULL,NULL,NULL,NULL,Star Galaxy Inc.,21117 Commerce Pointe Drive,NULL,NULL,Walnut,CA,91789,NULL,NULL,NULL,NULL,NULL,NULL,NULL,NULL,NULL,(866) 988-7827,NULL,NULL,(909) 598-0406,(909) 598-0466,NULL,NULL,NULL,NULL,NULL,NULL,NULL,NULL,NULL,NULL,0,0.00,NULL,0,1,NULL,NULL,2023-02-23 13:30:13.000,2023-02-23 13:30:13.000
6DD14797-C831-4227-A049-176CE9F17093,800002FE-1677184243,Turbo Re-source Inc.,Turbo Re-source Inc.,NULL,NULL,NULL,NULL,NULL,Turbo Re-source Inc.,855 Kiowa Avenue,NULL,NULL,Lake Havasu City,AZ,86403,NULL,NULL,NULL,NULL,NULL,NULL,NULL,NULL,NULL,928-505-4610,NULL,NULL,NULL,928-505-5406,NULL,NULL,NULL,NULL,NULL,NULL,NULL,NULL,NULL,NULL,0,0.00,NULL,0,1,NULL,NULL,2023-02-23 13:30:43.000,2023-02-23 13:30:43.000
8E800223-E5F8-4253-BB7A-178B0A0EFDE7,8000017D-1677183019,Hardcore Tuning,Hardcore Tuning,NULL,NULL,NULL,NULL,NULL,Hardcore Tuning,841 S 71st Ave,Attn: Chad,NULL,Phoenix,AZ,85043,NULL,NULL,NULL,NULL,NULL,NULL,NULL,NULL,NULL,844-888-8863,NULL,NULL,NULL,NULL,NULL,NULL,NULL,Hardcore Tuning,NULL,NULL,NULL,NULL,NULL,NULL,0,0.00,NULL,0,1,NULL,NULL,2023-02-23 13:10:19.000,2023-02-23 13:26:54.000
E38F88D1-E515-42BF-AD4F-17F97CE8DF70,8000066E-1677194335,Randy's Ring & Pinion,Randy's Ring & Pinion,NULL,Blue,NULL,NULL,NULL,Randy's Worldwide Automotive,"10411 Airport Road, #200",NULL,NULL,Everett,WA,98204-3540,NULL,NULL,NULL,NULL,NULL,NULL,NULL,NULL,NULL,425-347-1188 ex 5534,NULL,NULL,800-347-1188 ext. 557,(425) 355-1529,paul.tipton@randysww.com,NULL,NULL,NULL,NULL,NULL,NULL,9580D821-5672-48D7-AC2C-9A40B49B6D8F,NULL,NULL,0,1718.02,NULL,0,1,NULL,NULL,2023-02-23 16:18:55.000,2025-03-24 10:46:05.000
2BA03527-676B-400D-86D9-183ABA521D7C,8000069E-1677194357,Tiger Direct,Tiger Direct,NULL,NULL,NULL,NULL,NULL,Tiger Direct,NULL,NULL,NULL,NULL,NULL,NULL,NULL,NULL,NULL,NULL,NULL,NULL,NULL,NULL,NULL,NULL,NULL,NULL,NULL,NULL,NULL,NULL,NULL,NULL,NULL,NULL,NULL,A5DDE231-3987-4FF7-A2B7-068A55D1B562,NULL,NULL,0,0.00,NULL,0,1,NULL,NULL,2023-02-23 16:19:17.000,2023-02-23 16:19:17.000
CBF22379-795E-4043-BE26-186448FF3212,800002BD-1677184204,Spawr Industries,Spawr Industries,NULL,Walt,NULL,Spawr,NULL,2051 Spawr Cirlcle,NULL,NULL,NULL,Lake Havasu City,AZ,86403,NULL,NULL,NULL,NULL,NULL,NULL,NULL,NULL,NULL,NULL,NULL,NULL,NULL,NULL,spawr@spawrindustries.com,NULL,NULL,NULL,NULL,NULL,NULL,NULL,NULL,NULL,0,0.00,NULL,0,1,NULL,NULL,2023-02-23 13:30:04.000,2023-02-23 13:30:04.000
1FDEAF3A-03CC-435D-A71A-18B1AB6F8024,80000219-1677184103,Mustard Seed,Mustard Seed,NULL,NULL,NULL,NULL,NULL,Mustard Seed,NULL,NULL,NULL,NULL,NULL,NULL,NULL,NULL,NULL,NULL,NULL,NULL,NULL,NULL,NULL,NULL,NULL,NULL,NULL,NULL,NULL,NULL,NULL,NULL,NULL,NULL,NULL,NULL,NULL,NULL,0,0.00,NULL,0,1,NULL,NULL,2023-02-23 13:28:23.000,2023-02-23 13:28:23.000
10B28A78-D232-47CF-8775-18B568EF4F70,80000234-1677184118,ORIG CO NAMESUN LIFE CANADA,ORIG CO NAMESUN LIFE CANADA,NULL,NULL,NULL,NULL,NULL,NULL,NULL,NULL,NULL,ORIG,CO,NULL,Canada,NULL,NULL,NULL,NULL,NULL,NULL,NULL,NULL,NULL,NULL,NULL,NULL,NULL,NULL,NULL,NULL,NULL,NULL,NULL,NULL,NULL,NULL,NULL,0,0.00,NULL,0,1,NULL,NULL,2023-02-23 13:28:38.000,2023-02-23 13:28:38.000
BC974AE8-6072-4B84-93AD-18EE6B0F63E5,800006AE-1677194364,Turbosmart,Turbosmart,NULL,NULL,NULL,NULL,NULL,Turbosmart USA,8580 Milliken Ave,NULL,NULL,Rancho Cucamonga,CA,91730,NULL,NULL,NULL,NULL,NULL,NULL,NULL,NULL,NULL,909-476-2570,NULL,NULL,NULL,909-476-2594,sales@turbosmartusa.com,NULL,NULL,NULL,NULL,NULL,NULL,A5DDE231-3987-4FF7-A2B7-068A55D1B562,NULL,NULL,0,0.00,NULL,0,1,NULL,NULL,2023-02-23 16:19:24.000,2023-02-23 16:19:24.000
FC61A6ED-48EC-46A4-9BDB-194D9C567694,80000252-1677184132,Perma-Cool,Perma-Cool,NULL,NULL,NULL,NULL,NULL,Perma-Cool,1466 Mesa View Street,NULL,NULL,Hemet,CA,92543,NULL,NULL,NULL,NULL,NULL,NULL,NULL,NULL,NULL,951-654-2227,NULL,NULL,NULL,951-654-2229,admin@perma-cool.com,NULL,NULL,NULL,NULL,NULL,NULL,162BFAF4-5263-465D-8B19-90688B4184CF,NULL,NULL,0,1706.99,NULL,0,1,NULL,NULL,2023-02-23 13:28:52.000,2025-02-13 07:07:48.000
7C1D69B7-B36B-4FCE-8126-196991F2B214,80002A12-1682024648,DNJ Engine Components,DNJ Engine Components,NULL,NULL,NULL,NULL,NULL,DNJ Engine Components,2229 N 23rd Drive,NULL,NULL,Phoenix,AZ,85009,NULL,DNJ Engine Components,2229 N 23rd Drive,NULL,NULL,Phoenix,AZ,85009,NULL,602-462-1007,NULL,NULL,NULL,NULL,NULL,NULL,NULL,DNJ Engine Components,NULL,NULL,NULL,A5DDE231-3987-4FF7-A2B7-068A55D1B562,NULL,NULL,0,45.63,NULL,0,1,NULL,NULL,2023-04-20 14:04:08.000,2025-04-17 12:48:46.000
2A720AFD-A957-4147-84A0-199DFDBE6614,8000067E-1677194342,schlotskys,schlotskys,NULL,NULL,NULL,NULL,NULL,schlotskys,NULL,NULL,NULL,NULL,NULL,NULL,NULL,NULL,NULL,NULL,NULL,NULL,NULL,NULL,NULL,NULL,NULL,NULL,NULL,NULL,NULL,NULL,NULL,NULL,NULL,NULL,NULL,A5DDE231-3987-4FF7-A2B7-068A55D1B562,NULL,NULL,0,0.00,NULL,0,1,NULL,NULL,2023-02-23 16:19:02.000,2023-02-23 16:19:02.000
3079AD24-883B-4F80-B297-19EA2AD554F6,800001D0-1677184063,Lancast Aluminum,Lancast Aluminum,NULL,Nick,NULL,Norton,NULL,Lancast Aluminum,1604 139th St,NULL,NULL,Gardena,CA,90249,NULL,NULL,NULL,NULL,NULL,NULL,NULL,NULL,NULL,310-532-7068,NULL,NULL,NULL,NULL,lancastaluminum@att.net,NULL,NULL,Lancast Aluminum,NULL,NULL,NULL,162BFAF4-5263-465D-8B19-90688B4184CF,NULL,NULL,0,0.00,NULL,0,1,NULL,NULL,2023-02-23 13:27:43.000,2024-02-14 08:29:21.000
8FB310FA-6161-47F7-B047-19EB09BEE399,80005CDB-1726161526,L & M Grinding,L & M Grinding,NULL,NULL,NULL,NULL,NULL,L & M Grinding,2486 Progress Dr,Unit 3,NULL,Redding,CA,96001,NULL,NULL,NULL,NULL,NULL,NULL,NULL,NULL,NULL,NULL,NULL,NULL,NULL,NULL,NULL,NULL,NULL,NULL,NULL,NULL,NULL,AFD6687D-2F92-4A46-A75E-2FA5398BB833,NULL,NULL,0,0.00,NULL,0,1,NULL,NULL,2024-09-12 10:18:46.000,2025-04-15 11:06:21.000
20ADE1AF-5CFD-4E91-B4B4-1A226F86E9CA,80000139-1677182973,Everybody's Gotta Eat Promotions,Everybody's Gotta Eat Promotions,NULL,NULL,NULL,NULL,NULL,Everybody's Gotta Eat Promotions,NULL,NULL,NULL,NULL,NULL,NULL,NULL,NULL,NULL,NULL,NULL,NULL,NULL,NULL,NULL,NULL,NULL,NULL,NULL,NULL,NULL,NULL,NULL,NULL,NULL,NULL,NULL,NULL,NULL,NULL,0,0.00,NULL,0,1,NULL,NULL,2023-02-23 13:09:33.000,2023-02-23 13:26:18.000
F31A2AAC-4630-4F44-AE48-1A49150BAB0C,8000030E-1677184251,United States Treasury,United States Treasury,NULL,NULL,NULL,NULL,NULL,United States Treasury,Internal Revenue Service,NULL,NULL,Ogden,UT,84201-0039,NULL,NULL,NULL,NULL,NULL,NULL,NULL,NULL,NULL,NULL,NULL,NULL,NULL,NULL,NULL,NULL,NULL,NULL,NULL,NULL,NULL,AFD6687D-2F92-4A46-A75E-2FA5398BB833,NULL,NULL,0,0.00,NULL,0,1,NULL,NULL,2023-02-23 13:30:51.000,2025-02-04 09:48:35.000
99917850-BB51-4F5E-A640-1A886EEFF1A3,80002A0A-1680823657,.Will Lachmann,.Will Lachmann,NULL,NULL,NULL,NULL,NULL,Will Lachmann,8067 Bailey Lake Road,NULL,NULL,Waterville,NY,13480,NULL,NULL,NULL,NULL,NULL,NULL,NULL,NULL,NULL,NULL,NULL,NULL,NULL,NULL,NULL,NULL,NULL,Will Lachmann,NULL,NULL,NULL,NULL,NULL,NULL,0,0.00,NULL,0,1,NULL,NULL,2023-04-06 16:27:37.000,2023-04-11 13:49:30.000
38B69C6A-F6EC-4AC3-A64F-1B06F5021E28,80002A2A-1684534484,Penn Mutual,Penn Mutual,NULL,NULL,NULL,NULL,NULL,Penn Mutual Life Ins. Co,PO Box 7460,NULL,NULL,Philadelphia,PA,19101,NULL,NULL,NULL,NULL,NULL,NULL,NULL,NULL,NULL,NULL,NULL,NULL,NULL,NULL,NULL,NULL,NULL,NULL,NULL,NULL,NULL,AFD6687D-2F92-4A46-A75E-2FA5398BB833,NULL,NULL,0,0.00,NULL,0,1,NULL,NULL,2023-05-19 15:14:44.000,2023-11-14 07:55:00.000
0F5F0372-88A9-4ACC-AEA2-1BDC649DFC80,800001C7-1677184057,KFC,KFC,NULL,NULL,NULL,NULL,NULL,KFC,NULL,NULL,NULL,NULL,NULL,NULL,NULL,NULL,NULL,NULL,NULL,NULL,NULL,NULL,NULL,NULL,NULL,NULL,NULL,NULL,NULL,NULL,NULL,NULL,NULL,NULL,NULL,NULL,NULL,NULL,0,0.00,NULL,0,1,NULL,NULL,2023-02-23 13:27:37.000,2023-02-23 13:27:37.000
D99EE714-C64D-46F5-8C39-1BF0289E14A4,8000020B-1677184096,Mike Smeltzer,Mike Smeltzer,NULL,NULL,NULL,NULL,NULL,Mike Smeltzer,NULL,NULL,NULL,NULL,NULL,NULL,NULL,NULL,NULL,NULL,NULL,NULL,NULL,NULL,NULL,NULL,NULL,NULL,NULL,NULL,NULL,NULL,NULL,NULL,NULL,NULL,NULL,AFD6687D-2F92-4A46-A75E-2FA5398BB833,NULL,NULL,0,0.00,NULL,0,1,NULL,NULL,2023-02-23 13:28:16.000,2023-02-23 13:28:16.000
5C4015D5-B050-411A-A2C0-1C3D811DD31E,8000063B-1677194311,"Lovejoy Tool Company, Inc.","Lovejoy Tool Company, Inc.",NULL,NULL,NULL,NULL,NULL,"Lovejoy Tool Company, Inc.",133 Main Street,P.O. Box 949,NULL,Springfield,VT,85156,NULL,NULL,NULL,NULL,NULL,NULL,NULL,NULL,NULL,1-800-843-8376,NULL,NULL,NULL,1-802-885-7009,NULL,NULL,NULL,NULL,NULL,NULL,NULL,A5DDE231-3987-4FF7-A2B7-068A55D1B562,NULL,NULL,0,0.00,NULL,0,1,NULL,NULL,2023-02-23 16:18:31.000,2024-07-25 10:33:32.000
B440EA9D-C1E6-4F8C-BC3D-1C65F0277A86,80000012-1677182793,4WD Toyota Owners Magazine,4WD Toyota Owners Magazine,NULL,NULL,NULL,NULL,NULL,4WD Toyota Owners Magazine,P.O. Box 1970,NULL,NULL,Gig Harbor,WA,98335,NULL,NULL,NULL,NULL,NULL,NULL,NULL,NULL,NULL,(213) 944-3746,NULL,NULL,NULL,253-857-8567,davidz@4wdtoyotaowner.com,NULL,NULL,NULL,NULL,NULL,NULL,NULL,NULL,NULL,0,0.00,NULL,0,0,NULL,NULL,2023-02-23 13:06:33.000,2023-02-23 13:23:40.000
6A65DE42-B905-4B3A-968F-1C7E2B7A1966,80002A2E-1684536792,Arizona Escrow & Financial Corporate,Arizona Escrow & Financial Corporate,NULL,NULL,NULL,NULL,NULL,Arizona Escrow & Financial Corporate,NULL,NULL,NULL,NULL,NULL,NULL,NULL,NULL,NULL,NULL,NULL,NULL,NULL,NULL,NULL,NULL,NULL,NULL,NULL,NULL,NULL,NULL,NULL,NULL,NULL,NULL,NULL,NULL,NULL,NULL,0,0.00,NULL,0,1,NULL,NULL,2023-05-19 15:53:12.000,2023-05-19 15:57:52.000
01A3AACF-899D-409B-9772-1C884FF58101,800006A9-1677194362,TRD Sparks,TRD Sparks,NULL,NULL,NULL,NULL,NULL,TRD Sparks,4855 Hwy 501,NULL,NULL,Myrtle Beach,SC,29579,NULL,NULL,NULL,NULL,NULL,NULL,NULL,NULL,NULL,866-249-3607 Micah,NULL,NULL,NULL,NULL,parts@trdsparks.com,NULL,NULL,TRD Sparks,NULL,NULL,NULL,A5DDE231-3987-4FF7-A2B7-068A55D1B562,NULL,NULL,0,0.00,NULL,0,1,NULL,NULL,2023-02-23 16:19:22.000,2023-02-23 16:19:22.000
E045A63F-8A60-4F2F-A624-1CB117A2C9F6,800001B3-1677184048,John Kimes,John Kimes,NULL,NULL,NULL,NULL,NULL,John Kimes,668 Yosemite Court,NULL,NULL,Lake Havasu City,AZ,86406,NULL,NULL,NULL,NULL,NULL,NULL,NULL,NULL,NULL,928-505-2501,NULL,NULL,NULL,NULL,NULL,NULL,NULL,NULL,NULL,NULL,NULL,AFD6687D-2F92-4A46-A75E-2FA5398BB833,NULL,NULL,1,0.00,NULL,0,1,NULL,NULL,2023-02-23 13:27:28.000,2025-01-13 10:52:11.000
F2781410-F3CA-4E7D-8171-1CBC3B5FE02E,80002A5C-1695322540,BelMetric,BelMetric,NULL,NULL,NULL,NULL,NULL,BelMetric,35 Westech Drive,NULL,NULL,Tyngsboro,MA,01879,NULL,BelMetric,35 Westech Drive,NULL,NULL,Tyngsboro,MA,01879,NULL,978-649-6201,NULL,NULL,NULL,NULL,sales@belmetric.com,NULL,NULL,BelMetric,NULL,NULL,NULL,NULL,NULL,NULL,0,0.00,NULL,0,1,NULL,NULL,2023-09-21 11:55:40.000,2023-10-05 14:57:41.000
77E32195-868B-435F-9311-1CC72E81C83D,800005C4-1677194257,BMA Auto Parts,BMA Auto Parts,NULL,NULL,NULL,NULL,NULL,BMA Auto Parts,1822 Victory Blvd,NULL,NULL,Glendale,CA,91201,NULL,NULL,NULL,NULL,NULL,NULL,NULL,NULL,NULL,818-240-1223,NULL,NULL,NULL,NULL,NULL,NULL,NULL,BMA Auto Parts,NULL,NULL,NULL,A5DDE231-3987-4FF7-A2B7-068A55D1B562,NULL,NULL,0,-209.20,NULL,0,1,NULL,NULL,2023-02-23 16:17:37.000,2025-03-13 11:25:21.000
CCE63BE0-E487-497E-9C60-1CF0C1D3EB81,80000180-1677183021,Hatton-Brown Publishers,Hatton-Brown Publishers,NULL,NULL,NULL,NULL,NULL,Hatton-Brown Publishers,P.O. Box 2268,NULL,NULL,Montgomery,AL,36102-2268,NULL,NULL,NULL,NULL,NULL,NULL,NULL,NULL,NULL,(334) 834-1170,NULL,NULL,NULL,(334) 834-4525,NULL,NULL,NULL,NULL,NULL,NULL,NULL,NULL,NULL,NULL,0,0.00,NULL,0,1,NULL,NULL,2023-02-23 13:10:21.000,2023-02-23 13:26:56.000
324AC05C-F43E-43A9-A18E-1CFF52FEF133,800005A4-1677194243,ALSCO,ALSCO,NULL,NULL,NULL,NULL,NULL,ALSCO,4707 W. Camelback Road,Linen Service,NULL,Phoenix,AZ,85031,NULL,NULL,NULL,NULL,NULL,NULL,NULL,NULL,NULL,(602)258-5361,NULL,NULL,NULL,NULL,NULL,NULL,NULL,NULL,NULL,NULL,NULL,62397A73-1D52-42B0-B4FB-376D605D8ED7,NULL,NULL,0,212.65,NULL,0,1,NULL,NULL,2023-02-23 16:17:23.000,2025-04-17 11:20:02.000
3FFDDB2A-A3DB-400C-B2D5-1D78E435BC92,800029DD-1678832502,.Theresa McClain,.Theresa McClain,NULL,NULL,NULL,NULL,NULL,Theresa McClain,16 Carson St.,NULL,NULL,Veguita,NM,87062,NULL,NULL,NULL,NULL,NULL,NULL,NULL,NULL,NULL,505-389-3598,NULL,NULL,NULL,NULL,NULL,NULL,NULL,Theresa McClain,NULL,NULL,NULL,NULL,NULL,NULL,0,0.00,NULL,0,1,NULL,NULL,2023-03-14 15:21:42.000,2023-03-14 15:40:52.000
29D81137-DDEF-4292-8D23-1D7AFC825F11,800005ED-1677194276,Eagle Specialty Products,Eagle Specialty Products,NULL,NULL,NULL,NULL,NULL,Eagle Specialty Products,8530 Aaron Lane,P.O. Box 1079,NULL,Southaven,MS,38671,NULL,NULL,NULL,NULL,NULL,NULL,NULL,NULL,NULL,(662) 796-7373 x382,NULL,NULL,NULL,(662) 796-7374,tim.polk@eaglerod.com,NULL,NULL,NULL,NULL,NULL,NULL,A5DDE231-3987-4FF7-A2B7-068A55D1B562,NULL,NULL,0,0.00,NULL,0,1,NULL,NULL,2023-02-23 16:17:56.000,2025-04-08 11:53:34.000
A9064885-8927-4C5F-B9B1-1DBABC139460,80002A1D-1683038144,The Cincinnati Insurance Co,The Cincinnati Insurance Co,NULL,NULL,NULL,NULL,NULL,The Cincinnati Insurance Co,PO Box 145620,NULL,NULL,Cincinnati,OH,45250-5620,NULL,NULL,NULL,NULL,NULL,NULL,NULL,NULL,NULL,602-279-5800,NULL,NULL,NULL,NULL,NULL,NULL,NULL,The Cincinnati Insurance Co.,NULL,1000665755,NULL,NULL,NULL,NULL,0,-1154.00,NULL,0,1,NULL,NULL,2023-05-02 07:35:44.000,2025-02-24 09:10:41.000
51E67301-833F-4AAF-B260-1DC6574647A3,80000677-1677194339,River Rat Motorsports,River Rat Motorsports,NULL,NULL,NULL,NULL,NULL,River Rat Motorsports,1030 Hwy 95,NULL,NULL,Bullhead City,AZ,86429,NULL,NULL,NULL,NULL,NULL,NULL,NULL,NULL,NULL,928-757-2480,NULL,NULL,NULL,928-833-8869,NULL,NULL,NULL,NULL,NULL,50773,NULL,A5DDE231-3987-4FF7-A2B7-068A55D1B562,NULL,NULL,0,0.00,NULL,0,1,NULL,NULL,2023-02-23 16:18:59.000,2023-02-23 16:18:59.000
FCA2DCFC-D6F7-4BA4-AF5C-1DC6C708FA7E,800000AC-1677182888,Calmini Products,Calmini Products,NULL,NULL,NULL,NULL,NULL,Calmini Products,6951 McDivitt Drive,NULL,NULL,Bakersfield,CA,93313,NULL,NULL,NULL,NULL,NULL,NULL,NULL,NULL,NULL,800-345-3305,NULL,NULL,NULL,661-398-9555,NULL,NULL,NULL,NULL,NULL,NULL,NULL,NULL,NULL,NULL,0,0.00,NULL,0,1,NULL,NULL,2023-02-23 13:08:08.000,2023-02-23 13:25:06.000
BD1C369E-4A02-43C3-A31B-1E0591B47FD9,80000593-1677194235,A & B Propane,A & B Propane,NULL,NULL,NULL,NULL,NULL,A & B Propane,2001 Centers Ave,NULL,NULL,Lake Havasu City,AZ,86403,NULL,NULL,NULL,NULL,NULL,NULL,NULL,NULL,NULL,928-854-4099,NULL,NULL,NULL,NULL,NULL,NULL,NULL,A & B Propane,NULL,NULL,NULL,3DD1DEF5-C7AA-41E7-964E-EFCE3AFB8E29,NULL,NULL,0,0.00,NULL,0,1,NULL,NULL,2023-02-23 16:17:15.000,2025-01-28 07:53:05.000
F91D01BD-B1B3-40FF-AB72-1E49EEBB6F06,80000209-1677184094,Mike Davis,Mike Davis,NULL,NULL,NULL,NULL,NULL,Mike Davis,4345 Pinal St,NULL,NULL,Kingman,AZ,86409,NULL,NULL,NULL,NULL,NULL,NULL,NULL,NULL,NULL,NULL,NULL,NULL,NULL,NULL,NULL,NULL,NULL,NULL,NULL,NULL,NULL,NULL,NULL,NULL,0,0.00,NULL,0,1,NULL,NULL,2023-02-23 13:28:14.000,2023-02-23 13:28:14.000
CC277FA3-1748-4435-993B-1E8390BEF21B,80000186-1677183025,Havasu Office Supply,Havasu Office Supply,NULL,NULL,NULL,NULL,NULL,Havasu Office Supply,2078 McCulloch Blvd.,NULL,NULL,Lake Havasu City,AZ,86403,NULL,NULL,NULL,NULL,NULL,NULL,NULL,NULL,NULL,(520) 855-2717,NULL,NULL,NULL,NULL,NULL,NULL,NULL,NULL,NULL,NULL,NULL,NULL,NULL,NULL,0,0.00,NULL,0,1,NULL,NULL,2023-02-23 13:10:25.000,2023-02-23 13:26:59.000
CC573844-F309-44A7-B01B-1EA5B96029B5,80000048-1677182826,American Graphics,American Graphics,NULL,NULL,NULL,NULL,NULL,American Graphics,2210 College Drive,NULL,NULL,Lake Havasu City,AZ,86403,NULL,NULL,NULL,NULL,NULL,NULL,NULL,NULL,NULL,(928) 680-3841,NULL,NULL,NULL,(928) 680-3846,orders@amgraph.net,NULL,NULL,NULL,NULL,NULL,NULL,162BFAF4-5263-465D-8B19-90688B4184CF,NULL,NULL,0,0.00,NULL,0,1,NULL,NULL,2023-02-23 13:07:06.000,2024-02-08 09:25:59.000
77CF2144-B1D4-4C40-A789-1EAEF311DCB1,8000004A-1677182827,AmeriGas,AmeriGas,NULL,NULL,NULL,NULL,NULL,AmeriGas,13250 West Hobson Way,NULL,NULL,Blythe,CA,92225-2366,NULL,NULL,NULL,NULL,NULL,NULL,NULL,NULL,NULL,(800) 427-1158,NULL,NULL,NULL,NULL,NULL,NULL,NULL,NULL,NULL,NULL,NULL,NULL,NULL,NULL,0,0.00,NULL,0,1,NULL,NULL,2023-02-23 13:07:07.000,2023-02-23 13:24:11.000
EF2AFB33-CA79-4196-8373-1EB873F22AC7,8000023D-1677184122,Parker Doors,Parker Doors,NULL,NULL,NULL,NULL,NULL,Parker Doors,NULL,NULL,NULL,NULL,NULL,NULL,NULL,NULL,NULL,NULL,NULL,NULL,NULL,NULL,NULL,NULL,NULL,NULL,NULL,NULL,NULL,NULL,NULL,NULL,NULL,NULL,NULL,AFD6687D-2F92-4A46-A75E-2FA5398BB833,NULL,NULL,0,0.00,NULL,0,1,NULL,NULL,2023-02-23 13:28:42.000,2023-02-23 13:28:42.000
DB29A5AD-3E8C-4BEB-B3F0-1ED9EE394AA8,80000188-1677183026,Havasu Power Sports,Havasu Power Sports,NULL,NULL,NULL,NULL,NULL,Havasu Power Sports,NULL,NULL,NULL,NULL,NULL,NULL,NULL,NULL,NULL,NULL,NULL,NULL,NULL,NULL,NULL,NULL,NULL,NULL,NULL,NULL,NULL,NULL,NULL,NULL,NULL,NULL,NULL,AFD6687D-2F92-4A46-A75E-2FA5398BB833,NULL,NULL,0,0.00,NULL,0,1,NULL,NULL,2023-02-23 13:10:26.000,2023-02-23 13:27:00.000
69218494-68EF-4195-A5E6-1F0E4E1E64B6,800000EE-1677182925,Crane Cams,Crane Cams,NULL,NULL,NULL,NULL,NULL,Crane Cams,P.O. Box 12057,NULL,NULL,Daytona Beach,FL,32120,NULL,NULL,NULL,NULL,NULL,NULL,NULL,NULL,NULL,866-388-5120,NULL,NULL,NULL,608-627-0480,sales@cranecams.com,NULL,NULL,NULL,NULL,NULL,NULL,162BFAF4-5263-465D-8B19-90688B4184CF,NULL,NULL,0,0.00,NULL,0,1,NULL,NULL,2023-02-23 13:08:45.000,2023-02-23 13:25:40.000
E9EDD9B0-E1FC-4905-AD9C-1F39C633702E,8000716E-1738869372,Superbreakers,Superbreakers,NULL,NULL,NULL,NULL,NULL,Superbreakers,NULL,NULL,NULL,NULL,NULL,NULL,NULL,NULL,NULL,NULL,NULL,NULL,NULL,NULL,NULL,NULL,NULL,NULL,NULL,NULL,NULL,NULL,NULL,NULL,NULL,NULL,NULL,NULL,NULL,NULL,0,0.00,NULL,0,1,NULL,NULL,2025-02-06 12:16:12.000,2025-02-14 14:17:29.000
1C3883F7-4E3C-48BB-9A80-1F617FE768CA,80002A08-1680823560,.David Book,.David Book,NULL,NULL,NULL,NULL,NULL,David Book,203 N. Eisenhower Street,NULL,NULL,Oregon,MO,64473,NULL,NULL,NULL,NULL,NULL,NULL,NULL,NULL,NULL,NULL,NULL,NULL,NULL,NULL,NULL,NULL,NULL,David Book,NULL,NULL,NULL,NULL,NULL,NULL,0,0.00,NULL,0,1,NULL,NULL,2023-04-06 16:26:00.000,2023-04-06 16:39:38.000
EED305A5-5D83-49A1-924C-1F9DA63ECFBC,8000014D-1677182985,FinditParts,FinditParts,NULL,NULL,NULL,NULL,NULL,FinditParts,11858 La Grange Ave Suite 202,NULL,NULL,Los Angeles,CA,90025,NULL,NULL,NULL,NULL,NULL,NULL,NULL,NULL,NULL,888-312-8812,NULL,NULL,NULL,888-212-0151,support@finditparts.com,NULL,NULL,FinditParts,NULL,NULL,NULL,NULL,NULL,NULL,0,0.00,NULL,0,1,NULL,NULL,2023-02-23 13:09:45.000,2023-02-23 13:26:28.000
3A8BB906-7DB4-46B2-BADA-200E542B0DA5,800002F7-1677184238,TRD - Toyota Motorsports,TRD - Toyota Motorsports,NULL,NULL,NULL,NULL,NULL,TRD - Toyota Motorsports,335 East Baker Street,NULL,NULL,Costa Mesa,CA,92626,NULL,NULL,NULL,NULL,NULL,NULL,NULL,NULL,NULL,(310) 468-4745,NULL,NULL,NULL,(310) 468-7683,714-957-4163  Gary Boler,NULL,NULL,NULL,NULL,NULL,NULL,NULL,NULL,NULL,0,0.00,NULL,0,1,NULL,NULL,2023-02-23 13:30:38.000,2023-02-23 13:30:38.000
F7D2885B-714C-4337-B92D-204D075F8727,800061A3-1729185077,Petrolhead,Petrolhead,NULL,NULL,NULL,NULL,NULL,Petrolhead,NULL,NULL,NULL,NULL,NULL,NULL,NULL,NULL,NULL,NULL,NULL,NULL,NULL,NULL,NULL,NULL,NULL,NULL,NULL,NULL,NULL,NULL,NULL,NULL,NULL,NULL,NULL,AFD6687D-2F92-4A46-A75E-2FA5398BB833,NULL,NULL,0,0.00,NULL,0,1,NULL,NULL,2024-10-17 10:11:17.000,2024-10-17 10:11:48.000
E6ADF85D-347A-4D9D-997E-2052BBCDA639,800002A5-1677184188,Shell,Shell,NULL,NULL,NULL,NULL,NULL,Shell,NULL,NULL,NULL,NULL,NULL,NULL,NULL,NULL,NULL,NULL,NULL,NULL,NULL,NULL,NULL,NULL,NULL,NULL,NULL,NULL,NULL,NULL,NULL,NULL,NULL,NULL,NULL,A5DDE231-3987-4FF7-A2B7-068A55D1B562,NULL,NULL,0,0.00,NULL,0,1,NULL,NULL,2023-02-23 13:29:48.000,2025-01-08 12:09:56.000
8DBB456F-E8EA-435A-8D1D-2065DF3F57A8,800001B4-1677184048,John Naper,John Naper,NULL,NULL,NULL,NULL,NULL,John Naper,NULL,NULL,NULL,NULL,NULL,NULL,NULL,NULL,NULL,NULL,NULL,NULL,NULL,NULL,NULL,NULL,NULL,NULL,NULL,NULL,marketing@lcengineering.com,NULL,NULL,John Naper,NULL,NULL,NULL,NULL,NULL,NULL,0,0.00,NULL,0,1,NULL,NULL,2023-02-23 13:27:28.000,2023-02-23 13:27:28.000
CA7E8C98-FCF7-4300-8FF9-206AD2787427,800005E4-1677194272,"Dayton Parts, LLC","Dayton Parts, LLC",NULL,NULL,NULL,NULL,NULL,"Dayton Parts, LLC",PO Box 643417,NULL,NULL,Pittsburgh,PA,15264-3417,NULL,NULL,NULL,NULL,NULL,NULL,NULL,NULL,NULL,717-255-8518 Cust Svc,NULL,NULL,NULL,NULL,NULL,NULL,NULL,"Dayton Parts, LLC",NULL,NULL,NULL,3BAE91B1-8F3D-47F8-A28A-D113EBF985C5,NULL,NULL,0,125.73,NULL,0,1,NULL,NULL,2023-02-23 16:17:52.000,2025-04-16 11:02:18.000
DED0FE62-FFFE-4E15-9330-207F2C01B86D,80002A0D-1681414602,Bild Industries Inc,Bild Industries Inc,NULL,NULL,NULL,NULL,NULL,Bild Industries Inc.,800 Clearwater Loop,NULL,NULL,Post Falls,ID,83854,NULL,Bild Industries Inc.,800 Clearwater Loop,NULL,NULL,Post Falls,ID,83854,NULL,(208)773-0630,NULL,NULL,NULL,NULL,cfelix@bildindustries.com,NULL,NULL,NULL,NULL,NULL,NULL,162BFAF4-5263-465D-8B19-90688B4184CF,NULL,NULL,0,0.00,NULL,0,1,NULL,NULL,2023-04-13 12:36:42.000,2023-05-08 16:00:05.000
CE888182-E198-4E77-8A1A-2084C06E3FA8,80000109-1677182941,Derel Gabelein,Derel Gabelein,NULL,NULL,NULL,NULL,NULL,Derel Gabelein,5359 Woodsy Pl,NULL,NULL,Langley,WA,98260,NULL,NULL,NULL,NULL,NULL,NULL,NULL,NULL,NULL,360-969-2239,NULL,NULL,NULL,NULL,NULL,NULL,NULL,Derel Gabelein,NULL,NULL,NULL,NULL,NULL,NULL,0,0.00,NULL,0,1,NULL,NULL,2023-02-23 13:09:01.000,2023-02-23 13:25:53.000
1DE67D09-F04E-497E-83EC-209C5201B865,80000693-1677194352,Stillen,Stillen,NULL,NULL,NULL,NULL,NULL,Stillen,3176 Airway Avenue,NULL,NULL,Costa Mesa,CA,92626,NULL,NULL,NULL,NULL,NULL,NULL,NULL,NULL,NULL,714-540-5566 x 132,NULL,NULL,NULL,NULL,dianal@stillen.com,NULL,NULL,Stillen,NULL,NULL,NULL,A5DDE231-3987-4FF7-A2B7-068A55D1B562,NULL,NULL,0,0.00,NULL,0,1,NULL,NULL,2023-02-23 16:19:12.000,2023-02-23 16:19:12.000
C2E70571-1079-47D1-9531-20B77C0A5DB0,800006BB-1677194371,WSM,WSM,NULL,Harry,NULL,Benanti,NULL,WSM,Harry Benanti,61 Floyd Run,NULL,Bohemia,NY,11716,NULL,NULL,NULL,NULL,NULL,NULL,NULL,NULL,NULL,1-800-222-3375,NULL,NULL,NULL,NULL,hbenanti@wsmparts.com,NULL,NULL,WSM,NULL,NULL,NULL,A5DDE231-3987-4FF7-A2B7-068A55D1B562,NULL,NULL,0,0.00,NULL,0,1,NULL,NULL,2023-02-23 16:19:31.000,2023-02-23 16:19:31.000
E42265E3-793D-43BD-99FE-20C320FA3C1D,8000024B-1677184129,PEG / Preffered Engine Parts,PEG / Preffered Engine Parts,NULL,NULL,NULL,NULL,NULL,PEG / Preffered Engine Parts,701 Sonora Avenue,NULL,NULL,Glendale,CA,91201,NULL,NULL,NULL,NULL,NULL,NULL,NULL,NULL,NULL,(818) 409-9494,NULL,NULL,NULL,818-409-9151,NULL,NULL,NULL,NULL,NULL,NULL,NULL,NULL,NULL,NULL,0,0.00,NULL,0,1,NULL,NULL,2023-02-23 13:28:49.000,2023-02-23 13:28:49.000
33D4E1A4-CF72-4EED-AD0F-20CEDC83F7B8,8000017C-1677183018,Halo Branded Solutions,Halo Branded Solutions,NULL,NULL,NULL,NULL,NULL,Halo Branded Solutions,3182 Momentum Place,NULL,NULL,Chicago,IL,60689-5331,NULL,NULL,NULL,NULL,NULL,NULL,NULL,NULL,NULL,815-625-0980,NULL,NULL,NULL,NULL,NULL,NULL,NULL,Halo Branded Solutions,NULL,NULL,NULL,NULL,NULL,NULL,0,0.00,NULL,0,1,NULL,NULL,2023-02-23 13:10:18.000,2023-02-23 13:26:53.000
970F3B95-1FC7-4A1F-BB15-20D8527DC895,8000068F-1677194350,Stans Headers,Stans Headers,NULL,Jason,NULL,Switzer,NULL,Stans Headers,Jason Switzer,4715 Auburn Way N,NULL,Auburn,WA,98002,NULL,NULL,NULL,NULL,NULL,NULL,NULL,NULL,NULL,253) 854-5310,NULL,NULL,NULL,NULL,jason@stans-headers.com,NULL,NULL,Stans Headers,NULL,NULL,NULL,A5DDE231-3987-4FF7-A2B7-068A55D1B562,NULL,NULL,0,0.00,NULL,0,1,NULL,NULL,2023-02-23 16:19:10.000,2023-02-23 16:19:10.000
CCB2A8AD-77BF-4F90-9AB5-213C49148A5F,800001DF-1677184071,"Limit Engineering, Inc","Limit Engineering, Inc",NULL,NULL,NULL,NULL,NULL,"Limit Engineering, Inc.",851 Scout Drive,NULL,NULL,Lake Havasu City,AZ,86406,NULL,NULL,NULL,NULL,NULL,NULL,NULL,NULL,NULL,(928) 453-7321,NULL,NULL,NULL,(928) 453-0789,limiteng@frontiernet.net,NULL,NULL,"Limit Engineering, Inc",NULL,NULL,NULL,162BFAF4-5263-465D-8B19-90688B4184CF,NULL,NULL,0,0.00,NULL,0,1,NULL,NULL,2023-02-23 13:27:51.000,2023-02-23 13:27:51.000
4440C73C-81A7-415F-8A30-21B827BC41D5,80000590-1677194234,600 Racing Inc.,600 Racing Inc.,NULL,NULL,NULL,NULL,NULL,600 Racing Inc.,5245 NC 49 South,NULL,NULL,Harrisburg,NC,28075,NULL,NULL,NULL,NULL,NULL,NULL,NULL,NULL,NULL,(704)455-1425 Kyle,NULL,NULL,(704) 455-3896,704-455-6005,"kmcgowan@uslegendcars.com, ndavis@uslegendcars.com",NULL,NULL,NULL,NULL,NULL,NULL,A5DDE231-3987-4FF7-A2B7-068A55D1B562,NULL,NULL,0,0.00,NULL,0,1,NULL,NULL,2023-02-23 16:17:14.000,2025-04-15 09:12:33.000
9A39DAE5-BC4B-461B-86BB-21C79400A212,800000D4-1677182911,CNC Associates,CNC Associates,NULL,NULL,NULL,NULL,NULL,CNC Associates,DEPT. LA 22217,NULL,NULL,Pasadena,CA,91185-2217,NULL,NULL,NULL,NULL,NULL,NULL,NULL,NULL,NULL,(888) 350-4262,NULL,NULL,NULL,NULL,NULL,NULL,NULL,NULL,NULL,NULL,NULL,NULL,NULL,NULL,0,0.00,NULL,0,1,NULL,NULL,2023-02-23 13:08:31.000,2025-04-08 11:03:45.000
EB6AC343-3DE2-42DC-8663-21DC24314709,80000298-1677184172,RYAN L ONG,RYAN L ONG,NULL,NULL,NULL,NULL,NULL,RYAN L ONG,NULL,NULL,NULL,NULL,NULL,NULL,NULL,NULL,NULL,NULL,NULL,NULL,NULL,NULL,NULL,NULL,NULL,NULL,NULL,NULL,NULL,NULL,NULL,NULL,NULL,NULL,NULL,AFD6687D-2F92-4A46-A75E-2FA5398BB833,NULL,NULL,0,0.00,NULL,0,1,NULL,NULL,2023-02-23 13:29:32.000,2023-02-23 13:29:32.000
3EF12953-ADAA-4776-B43E-21E4F148FD12,800000B5-1677182893,carparts.com,carparts.com,NULL,NULL,NULL,NULL,NULL,carparts.com,761 Progress Parkway,NULL,NULL,La Salle,IL,61301,NULL,NULL,NULL,NULL,NULL,NULL,NULL,NULL,NULL,866-529-0412,NULL,NULL,NULL,NULL,NULL,NULL,NULL,carparts.com,NULL,NULL,NULL,NULL,NULL,NULL,0,0.00,NULL,0,1,NULL,NULL,2023-02-23 13:08:13.000,2023-02-23 13:25:10.000
5E25B22B-1C77-4B98-814B-2245575D9353,80000130-1677182966,Energy Suspension,Energy Suspension,NULL,NULL,NULL,NULL,NULL,Energy Suspension,1131 Via Callejon,NULL,NULL,San Clemente,CA,92673,NULL,NULL,NULL,NULL,NULL,NULL,NULL,NULL,NULL,(949) 361-3935x 244 P,NULL,NULL,NULL,(949) 361-3940,tpiersant@energysuspension.com,NULL,NULL,NULL,NULL,42956,NULL,162BFAF4-5263-465D-8B19-90688B4184CF,NULL,NULL,0,516.62,NULL,0,1,NULL,NULL,2023-02-23 13:09:26.000,2025-04-17 12:49:35.000
59724EAC-27BF-464D-A837-226E69AF095C,8000012F-1677182965,Endura Steel,Endura Steel,NULL,NULL,NULL,NULL,NULL,Endura Steel,17671 Bear Valley Road,NULL,NULL,Hesperia,CA,92345,NULL,NULL,NULL,NULL,NULL,NULL,NULL,NULL,NULL,928-754-7000,NULL,NULL,NULL,928-768-8100,SGarza@robar.com,NULL,NULL,NULL,NULL,NULL,NULL,162BFAF4-5263-465D-8B19-90688B4184CF,NULL,NULL,0,0.00,NULL,0,1,NULL,NULL,2023-02-23 13:09:25.000,2023-02-23 13:26:14.000
C4B920E1-F646-4C91-B402-22FF1FE7A5C3,80004D74-1716400026,air Cleaning Specialists,air Cleaning Specialists,NULL,NULL,NULL,NULL,NULL,air Cleaning Specialists,NULL,NULL,NULL,NULL,NULL,NULL,NULL,NULL,NULL,NULL,NULL,NULL,NULL,NULL,NULL,NULL,NULL,NULL,NULL,NULL,NULL,NULL,NULL,NULL,NULL,NULL,NULL,NULL,NULL,NULL,0,0.00,NULL,0,1,NULL,NULL,2024-05-22 10:47:06.000,2024-05-22 11:50:24.000
1F2811FB-D9C3-45DD-A421-233818F8FB97,8000017B-1677183018,Hajoca Corporation,Hajoca Corporation,NULL,NULL,NULL,NULL,NULL,Hajoca Corporation,NULL,NULL,NULL,NULL,NULL,NULL,NULL,NULL,NULL,NULL,NULL,NULL,NULL,NULL,NULL,NULL,NULL,NULL,NULL,NULL,NULL,NULL,NULL,NULL,NULL,NULL,NULL,NULL,NULL,NULL,0,0.00,NULL,0,1,NULL,NULL,2023-02-23 13:10:18.000,2023-02-23 13:26:53.000
08BA446D-BE6A-46A4-99F5-2345BDE28C00,800002F1-1677184235,Tower Oil & Technology,Tower Oil & Technology,NULL,NULL,NULL,NULL,NULL,Tower Oil & Technology,4300 South Tripp  Avenue,NULL,NULL,Chicago,IL,60632,NULL,NULL,NULL,NULL,NULL,NULL,NULL,NULL,NULL,773-927-6161,NULL,NULL,NULL,773-927-3105,NULL,NULL,NULL,NULL,NULL,NULL,NULL,162BFAF4-5263-465D-8B19-90688B4184CF,NULL,NULL,0,0.00,NULL,0,1,NULL,NULL,2023-02-23 13:30:35.000,2024-05-30 09:09:56.000
E27AEE40-A499-4A66-82F2-234B06978B2A,80000031-1677182811,Aeromotive Inc.,Aeromotive Inc.,NULL,NULL,NULL,NULL,NULL,Aeromotive Inc.,10955 Mill Creek Rd,NULL,NULL,Olathe,KS,66061,NULL,NULL,NULL,NULL,NULL,NULL,NULL,NULL,NULL,913-647-7300,NULL,NULL,NULL,913-647-7207,orders@aeromotiveinc.com,NULL,NULL,Aeromotive,NULL,NULL,NULL,162BFAF4-5263-465D-8B19-90688B4184CF,NULL,NULL,0,1277.62,NULL,0,1,NULL,NULL,2023-02-23 13:06:51.000,2025-03-20 11:14:10.000
FE83E2ED-E579-4FBD-B474-236087950D9E,8000005F-1677182839,Arizona Industrial Hardware,Arizona Industrial Hardware,NULL,NULL,NULL,NULL,NULL,Arizona Industrial Hardware,6628 South Dateland Drive,NULL,NULL,Tempe,AZ,85283,NULL,NULL,NULL,NULL,NULL,NULL,NULL,NULL,NULL,(480) 831-6003,NULL,NULL,NULL,480-831-7884,NULL,NULL,NULL,NULL,NULL,NULL,NULL,NULL,NULL,NULL,0,0.00,NULL,0,1,NULL,NULL,2023-02-23 13:07:19.000,2023-02-23 13:24:22.000
33F4EB71-9738-4299-81CD-23672C707D1C,800002F0-1677184234,Tower Communications,Tower Communications,NULL,NULL,NULL,NULL,NULL,Tower Communications,3644 South Jamaica Blvd.,NULL,NULL,Lake Havasu City,AZ,86406,NULL,NULL,NULL,NULL,NULL,NULL,NULL,NULL,NULL,(928) 855-7373,NULL,NULL,NULL,NULL,NULL,NULL,NULL,NULL,NULL,NULL,NULL,NULL,NULL,NULL,0,0.00,NULL,0,1,NULL,NULL,2023-02-23 13:30:34.000,2023-02-23 13:30:34.000
87868881-2EA2-4014-A867-236CA2BC406D,800001CC-1677184060,La Vita Dolce,La Vita Dolce,NULL,NULL,NULL,NULL,NULL,NULL,NULL,NULL,NULL,NULL,LA,NULL,NULL,NULL,NULL,NULL,NULL,NULL,NULL,NULL,NULL,NULL,NULL,NULL,NULL,NULL,NULL,NULL,NULL,NULL,NULL,NULL,NULL,NULL,NULL,NULL,0,0.00,NULL,0,1,NULL,NULL,2023-02-23 13:27:40.000,2023-02-23 13:27:40.000
7B13D7F4-FB07-4743-95F1-23F8E18914DE,8000018C-1677183029,Hercules Sealing Products,Hercules Sealing Products,NULL,NULL,NULL,NULL,NULL,Hercules Sealing Products,PO Box 736286,NULL,NULL,Dallas,TX,75373-6286,NULL,NULL,NULL,NULL,NULL,NULL,NULL,NULL,NULL,(800) 777-5617 x1038,NULL,NULL,NULL,(800) 759-6391,sales@herculesus.com,NULL,NULL,Hercules Sealing Products / Bulldog,NULL,L5244,NULL,162BFAF4-5263-465D-8B19-90688B4184CF,NULL,NULL,0,0.00,NULL,0,1,NULL,NULL,2023-02-23 13:10:29.000,2024-08-12 07:05:41.000
D78A6A99-84F9-4D8C-9CCC-241638ADD841,800000D7-1677182913,Coastal Metals,Coastal Metals,NULL,NULL,NULL,NULL,NULL,Coastal Metals Inc.,PO Box 90490,NULL,NULL,San Bernardino,CA,92427,NULL,NULL,NULL,NULL,NULL,NULL,NULL,NULL,NULL,909-887-6610,NULL,NULL,NULL,909-887-5910,brandt@coastalmetals.com,NULL,NULL,Coastal Metals Inc.,NULL,NULL,NULL,162BFAF4-5263-465D-8B19-90688B4184CF,NULL,NULL,0,0.00,NULL,0,1,NULL,NULL,2023-02-23 13:08:33.000,2023-02-23 13:25:28.000
D9AA71DB-E244-4BD0-9E0C-24317A1DE90D,8000726F-1739470812,Auto parts International,Auto parts International,NULL,NULL,NULL,NULL,NULL,Auto parts International,NULL,NULL,NULL,NULL,NULL,NULL,NULL,NULL,NULL,NULL,NULL,NULL,NULL,NULL,NULL,NULL,NULL,NULL,NULL,NULL,NULL,NULL,NULL,NULL,NULL,NULL,NULL,NULL,NULL,NULL,0,0.00,NULL,0,1,NULL,NULL,2025-02-13 11:20:12.000,2025-02-13 11:20:12.000
DF6966E7-FE94-4635-BF4B-2471719CA664,800052FC-1719855950,dan horack,dan horack,NULL,NULL,NULL,NULL,NULL,dan horack,NULL,NULL,NULL,NULL,NULL,NULL,NULL,NULL,NULL,NULL,NULL,NULL,NULL,NULL,NULL,NULL,NULL,NULL,NULL,NULL,NULL,NULL,NULL,NULL,NULL,NULL,NULL,NULL,NULL,NULL,0,0.00,NULL,0,1,NULL,NULL,2024-07-01 10:45:50.000,2024-07-01 10:45:50.000
D6C5619C-710D-466E-B0E1-24852F8EFABB,80000038-1677182814,Air Compressor Services,Air Compressor Services,NULL,NULL,NULL,NULL,NULL,Air Compressor Services,3 Custom Mill Ct,NULL,NULL,Greenville,SC,29609,NULL,NULL,NULL,NULL,NULL,NULL,NULL,NULL,NULL,877-959-4362,NULL,NULL,NULL,NULL,NULL,NULL,NULL,Air Compressor Services,NULL,NULL,NULL,NULL,NULL,NULL,0,0.00,NULL,0,1,NULL,NULL,2023-02-23 13:06:54.000,2023-02-23 13:24:00.000
25F39D8C-1704-45D4-B640-24D0E8090E5F,800001D9-1677184067,"Legend Brands, INC","Legend Brands, INC",NULL,NULL,NULL,NULL,NULL,"Legend Brands, INC.",P.O. BOX  772688,NULL,NULL,Chicago,IL,60677-2688,NULL,NULL,NULL,NULL,NULL,NULL,NULL,NULL,NULL,800-851-1510Suex1523,NULL,NULL,NULL,253-922-0226,salesorderdesk@legendbrands.net,NULL,NULL,"Legend Brands, INC",NULL,NULL,NULL,162BFAF4-5263-465D-8B19-90688B4184CF,NULL,NULL,0,0.00,NULL,0,1,NULL,NULL,2023-02-23 13:27:47.000,2025-04-14 10:05:05.000
A7F7D2EE-194B-45FE-B94E-24FA163F766C,80000115-1677182948,"DNJ Engine Components, Inc.","DNJ Engine Components, Inc.",NULL,NULL,NULL,NULL,NULL,"DNJ Engine Components, Inc.",8960 Lurline Ave.,NULL,NULL,Chatsworth,CA,91311,NULL,NULL,NULL,NULL,NULL,NULL,NULL,NULL,NULL,(877) 817-8350 PHX,NULL,NULL,NULL,NULL,phoenix@enginecomponents.com,NULL,NULL,"DNJ Engine Components, Inc.",NULL,NULL,NULL,NULL,NULL,NULL,0,0.00,NULL,0,0,NULL,NULL,2023-02-23 13:09:08.000,2023-02-23 13:25:59.000
B9944431-C118-4938-90FD-250DCAD0AA8B,8000755A-1741120614,Rudy Glass Co.,Rudy Glass Co.,NULL,NULL,NULL,NULL,NULL,NULL,NULL,NULL,NULL,Rudy Glass,CO,NULL,NULL,NULL,NULL,NULL,NULL,NULL,NULL,NULL,NULL,NULL,NULL,NULL,NULL,NULL,NULL,NULL,NULL,NULL,NULL,NULL,NULL,NULL,NULL,NULL,0,0.00,NULL,0,1,NULL,NULL,2025-03-04 13:36:54.000,2025-03-04 13:37:37.000
51B7B28E-6CAD-46E7-A713-251EB9B84582,80000065-1677182843,ASAP Digital Printing,ASAP Digital Printing,NULL,NULL,NULL,NULL,NULL,ASAP Digital Printing,911 Lake Havasu Ave,NULL,NULL,Lake Havasu City,AZ,86403,NULL,NULL,NULL,NULL,NULL,NULL,NULL,NULL,NULL,NULL,NULL,NULL,NULL,NULL,NULL,NULL,NULL,NULL,NULL,NULL,NULL,A5DDE231-3987-4FF7-A2B7-068A55D1B562,NULL,NULL,0,0.00,NULL,0,1,NULL,NULL,2023-02-23 13:07:23.000,2025-04-16 08:28:17.000
65E2669E-3D08-442B-B813-25A0CB894561,80000657-1677194325,O'Reillys Auto Parts,O'Reillys Auto Parts,NULL,NULL,NULL,NULL,NULL,O'Reillys Auto Parts,265 Lake Havasu Ave South,NULL,NULL,Lake Havasu City,AZ,86403,NULL,NULL,NULL,NULL,NULL,NULL,NULL,NULL,NULL,928-855-6094,NULL,NULL,NULL,NULL,NULL,NULL,NULL,O'Reillys Auto Parts,NULL,NULL,NULL,A5DDE231-3987-4FF7-A2B7-068A55D1B562,NULL,NULL,0,0.00,NULL,0,1,NULL,NULL,2023-02-23 16:18:45.000,2025-03-13 10:28:04.000
DCC91A5A-13DF-4792-A53B-25BF9652FDB8,8000422B-1710952703,Marlin Toy Works,Marlin Toy Works,NULL,NULL,NULL,NULL,NULL,Marlin Toy Works,105 W Dakota Ave #108,NULL,NULL,Clovis,CA,93612,NULL,NULL,NULL,NULL,NULL,NULL,NULL,NULL,NULL,NULL,NULL,NULL,NULL,NULL,NULL,NULL,NULL,NULL,NULL,NULL,NULL,NULL,NULL,NULL,0,0.00,NULL,0,1,NULL,NULL,2024-03-20 09:38:23.000,2024-03-20 09:40:32.000
E86DC93E-A73C-473E-982D-266198266559,80000639-1677194310,Live Chat,Live Chat,NULL,NULL,NULL,NULL,NULL,Live Chat,101 Arch Street,8th Floor,NULL,Boston,MA,02110,NULL,NULL,NULL,NULL,NULL,NULL,NULL,NULL,NULL,857-347-4433,NULL,NULL,NULL,NULL,NULL,NULL,NULL,Live Chat,NULL,NULL,NULL,A5DDE231-3987-4FF7-A2B7-068A55D1B562,NULL,NULL,0,0.00,NULL,0,1,NULL,NULL,2023-02-23 16:18:30.000,2024-02-22 09:28:13.000
EDB6C728-B729-473C-994A-266FA5136637,80000670-1677194336,RCV Performance Products,RCV Performance Products,Mr,Dean,NULL,NULL,NULL,RCV Performance Products,611 Beacon Street,NULL,NULL,Loves Park,IL,61111,NULL,NULL,NULL,NULL,NULL,NULL,NULL,NULL,NULL,815-877-7473,NULL,NULL,NULL,815-877-1218,sharedsales@rcvperformance.com,NULL,NULL,RCV Performance Products,NULL,NULL,NULL,A5DDE231-3987-4FF7-A2B7-068A55D1B562,NULL,NULL,0,0.00,NULL,0,1,NULL,NULL,2023-02-23 16:18:56.000,2025-03-31 12:28:47.000
20D7E10B-A9AD-4834-8C39-2673319D843A,80006F36-1737469480,Crosscutt,Crosscutt,NULL,NULL,NULL,NULL,NULL,Crosscutt,NULL,NULL,NULL,NULL,NULL,NULL,NULL,NULL,NULL,NULL,NULL,NULL,NULL,NULL,NULL,NULL,NULL,NULL,NULL,NULL,NULL,NULL,NULL,NULL,NULL,NULL,NULL,AFD6687D-2F92-4A46-A75E-2FA5398BB833,NULL,NULL,0,0.00,NULL,0,1,NULL,NULL,2025-01-21 07:24:40.000,2025-01-21 07:30:13.000
C01CC509-C345-4809-A428-26961063B72E,8000011C-1677182953,Dynamite Roofing,Dynamite Roofing,NULL,NULL,NULL,NULL,NULL,Dynamite Roofing,110 Viscount Ln,NULL,NULL,Lake Havasu City,AZ,86403,NULL,NULL,NULL,NULL,NULL,NULL,NULL,NULL,NULL,NULL,NULL,NULL,NULL,NULL,NULL,NULL,NULL,NULL,NULL,NULL,NULL,AFD6687D-2F92-4A46-A75E-2FA5398BB833,NULL,NULL,0,0.00,NULL,0,1,NULL,NULL,2023-02-23 13:09:13.000,2024-05-02 08:57:08.000
C77D5086-B2A4-451D-89AB-27639DE772B7,800006AF-1677194365,Turn 14 Distribution,Turn 14 Distribution,NULL,NULL,NULL,NULL,NULL,Turn 14 Distribution,100 Tournament Dr.,NULL,NULL,Horsham,PA,19044,NULL,NULL,NULL,NULL,NULL,NULL,NULL,NULL,NULL,267-468-0350x8197Fran,NULL,NULL,NULL,NULL,"fnouel@turn14.com, orders@turn14.com",NULL,NULL,Turn 14 Distribution,NULL,NULL,NULL,62397A73-1D52-42B0-B4FB-376D605D8ED7,NULL,NULL,0,3008.46,NULL,0,1,NULL,NULL,2023-02-23 16:19:25.000,2025-04-17 12:49:07.000
D6762AFD-167A-45E2-B664-278C680C3B93,80000054-1677182833,Angelina's,Angelina's,NULL,NULL,NULL,NULL,NULL,Angelina's,NULL,NULL,NULL,NULL,NULL,NULL,NULL,NULL,NULL,NULL,NULL,NULL,NULL,NULL,NULL,NULL,NULL,NULL,NULL,NULL,NULL,NULL,NULL,NULL,NULL,NULL,NULL,NULL,NULL,NULL,0,0.00,NULL,0,1,NULL,NULL,2023-02-23 13:07:13.000,2023-02-23 13:24:16.000
AC9D294A-080D-4E9F-B61E-27F737FCE496,8000000F-1677182791,"3-T's RV Products, Inc","3-T's RV Products, Inc",NULL,NULL,NULL,NULL,NULL,"3-T's RV Products, Inc",NULL,NULL,NULL,NULL,NULL,NULL,NULL,NULL,NULL,NULL,NULL,NULL,NULL,NULL,NULL,NULL,NULL,NULL,NULL,NULL,NULL,NULL,NULL,NULL,NULL,NULL,NULL,AFD6687D-2F92-4A46-A75E-2FA5398BB833,NULL,NULL,0,0.00,NULL,0,0,NULL,NULL,2023-02-23 13:06:31.000,2023-02-23 13:23:39.000
A9C5C82C-4A87-451F-8B77-27FF9894A266,80000679-1677194340,Rocket Distribution,Rocket Distribution,NULL,Curtis,NULL,Johnson,NULL,Rocket Distribution,Curtis johnson,3845 Tennyson Street,Ste 162,Denver,CO,80212,NULL,NULL,NULL,NULL,NULL,NULL,NULL,NULL,NULL,888-621-0794,NULL,NULL,NULL,NULL,flamethrowerinjectors@gmail.com,NULL,NULL,Rocket Distribution,NULL,NULL,NULL,F9951A1C-DEA6-43D9-8D46-A9C4985EF3B2,NULL,NULL,0,0.00,NULL,0,1,NULL,NULL,2023-02-23 16:19:00.000,2023-02-23 16:19:00.000
690770FB-733A-47DE-ACFA-283DDC047A66,8000007C-1677182858,Baron Fuels,Baron Fuels,NULL,NULL,NULL,NULL,NULL,Baron Fuels,NULL,NULL,NULL,NULL,NULL,NULL,NULL,NULL,NULL,NULL,NULL,NULL,NULL,NULL,NULL,NULL,NULL,NULL,NULL,NULL,NULL,NULL,NULL,NULL,NULL,NULL,NULL,NULL,NULL,NULL,0,0.00,NULL,0,1,NULL,NULL,2023-02-23 13:07:38.000,2023-02-23 13:24:39.000
C7D068DA-FBF2-4034-B8E0-2872D5E45A8F,8000033D-1677184274,William Fahrenkrog Core1,William Fahrenkrog Core1,NULL,Bill,NULL,Fahrenkrog,NULL,Bill Fahrenkrog,2226 Mississippi Avenue,NULL,NULL,Davenport,IA,52803,NULL,NULL,NULL,NULL,NULL,NULL,NULL,NULL,NULL,563-320-1327 Cell,NULL,NULL,NULL,NULL,yota_one@yahoo.com,NULL,NULL,NULL,NULL,NULL,NULL,NULL,NULL,NULL,0,0.00,NULL,0,1,NULL,NULL,2023-02-23 13:31:14.000,2023-02-23 13:31:14.000
A705C4C3-22F6-45C8-B5B3-2894B0AE8B2D,800002A6-1677184189,Sherwin Willams Co.,Sherwin Willams Co.,NULL,NULL,NULL,NULL,NULL,Sherwin Willams Co.,609 North Lake Havasu Avenue,NULL,NULL,Lake Havasu City,AZ,86403-3657,NULL,NULL,NULL,NULL,NULL,NULL,NULL,NULL,NULL,(928) 855-8586,NULL,NULL,NULL,NULL,NULL,NULL,NULL,NULL,NULL,NULL,NULL,AFD6687D-2F92-4A46-A75E-2FA5398BB833,NULL,NULL,0,0.00,NULL,0,1,NULL,NULL,2023-02-23 13:29:49.000,2023-02-23 13:29:49.000
FDF0784F-7BB1-49DF-A268-28E1BD565748,8000067F-1677194343,"Schmidt, Pritchard & Co., Inc.","Schmidt, Pritchard & Co., Inc.",NULL,NULL,NULL,NULL,NULL,"Schmidt, Pritchard & Co., Inc.",9801 W. Larwrence Avenue,NULL,NULL,Schiller Park,IL,60176,NULL,NULL,NULL,NULL,NULL,NULL,NULL,NULL,NULL,847-671-5130,NULL,NULL,NULL,847-671-1894,NULL,NULL,NULL,"Schmidt, Pritchard & Co., Inc.",NULL,NULL,NULL,3DD1DEF5-C7AA-41E7-964E-EFCE3AFB8E29,NULL,NULL,0,0.00,NULL,0,1,NULL,NULL,2023-02-23 16:19:03.000,2023-10-31 15:58:52.000
BCACA600-8859-4F90-8F85-28FAA6ECEE61,800001AC-1677184041,Jaspers,Jaspers,NULL,NULL,NULL,NULL,NULL,Jaspers,NULL,NULL,NULL,NULL,NULL,NULL,NULL,NULL,NULL,NULL,NULL,NULL,NULL,NULL,NULL,NULL,NULL,NULL,NULL,NULL,NULL,NULL,NULL,NULL,NULL,NULL,NULL,NULL,NULL,NULL,0,0.00,NULL,0,1,NULL,NULL,2023-02-23 13:27:21.000,2023-02-23 13:27:21.000
517D6C10-7AB7-4FDF-AF3B-28FB8FE553C4,80002A49-1690823504,CarCover.com,CarCover.com,NULL,NULL,NULL,NULL,NULL,CarCover.com,NULL,NULL,NULL,NULL,NULL,NULL,NULL,NULL,NULL,NULL,NULL,NULL,NULL,NULL,NULL,NULL,NULL,NULL,NULL,NULL,NULL,NULL,NULL,NULL,NULL,NULL,NULL,A5DDE231-3987-4FF7-A2B7-068A55D1B562,NULL,NULL,0,0.00,NULL,0,1,NULL,NULL,2023-07-31 10:11:44.000,2023-07-31 10:12:37.000
FCCA5ED4-5E44-45F4-BD5B-29F24F3D2416,80006E85-1736969013,IRMCO,IRMCO,NULL,NULL,NULL,NULL,NULL,IRMCO,NULL,NULL,NULL,NULL,NULL,NULL,NULL,NULL,NULL,NULL,NULL,NULL,NULL,NULL,NULL,NULL,NULL,NULL,NULL,NULL,NULL,NULL,NULL,NULL,NULL,NULL,NULL,NULL,NULL,NULL,0,135.00,NULL,0,1,NULL,NULL,2025-01-15 12:23:33.000,2025-02-12 12:18:42.000
6AEC934C-F2AC-47A2-8B53-2A170AF0642F,800029EF-1679608728,.Bobby Mejia,.Bobby Mejia,NULL,NULL,NULL,NULL,NULL,Bobby Mejia,6061 Hillandale Dr.,NULL,NULL,Los Angeles,CA,90042,NULL,NULL,NULL,NULL,NULL,NULL,NULL,NULL,NULL,323-459-1155,NULL,NULL,NULL,NULL,NULL,NULL,NULL,Bobby Mejia,NULL,NULL,NULL,NULL,NULL,NULL,0,0.00,NULL,0,1,NULL,NULL,2023-03-23 14:58:48.000,2023-03-23 16:00:05.000
418DEE4E-A241-4474-BD6E-2A7C3D4B3E8F,8000016F-1677183008,Golden Wings,Golden Wings,NULL,NULL,NULL,NULL,NULL,Golden Wings,PO Box 886,NULL,NULL,Lake Havasu City,AZ,86405,NULL,NULL,NULL,NULL,NULL,NULL,NULL,NULL,NULL,NULL,NULL,NULL,NULL,NULL,NULL,NULL,NULL,NULL,NULL,NULL,NULL,AFD6687D-2F92-4A46-A75E-2FA5398BB833,NULL,NULL,0,0.00,NULL,0,1,NULL,NULL,2023-02-23 13:10:08.000,2023-02-23 13:26:46.000
407A51FB-AEF4-45A1-89DA-2AE9860CF7A0,800001AB-1677184040,JamSpot Media,JamSpot Media,NULL,Keith,NULL,Hook,NULL,JamSpot Media,Keith Hook,55 Lake Havasu Ave S Ste F356,NULL,Lake Havasu Ciy,AZ,86403,NULL,NULL,NULL,NULL,NULL,NULL,NULL,NULL,NULL,928-793-2332,NULL,NULL,NULL,NULL,keith@jamspotmedia.com,NULL,NULL,JamSpot Media,NULL,NULL,NULL,AFD6687D-2F92-4A46-A75E-2FA5398BB833,NULL,NULL,0,0.00,NULL,0,1,NULL,NULL,2023-02-23 13:27:20.000,2023-02-23 13:27:20.000
2C8C3854-4E86-47FD-B3A9-2AFC4AE0CCD6,80000280-1677184157,Randy Green Core 1,Randy Green Core 1,NULL,Randy,NULL,Green,NULL,Randy Green,NULL,NULL,NULL,NULL,NULL,NULL,NULL,NULL,NULL,NULL,NULL,NULL,NULL,NULL,NULL,207-713-8598,NULL,NULL,NULL,NULL,NULL,NULL,NULL,NULL,NULL,NULL,NULL,NULL,NULL,NULL,0,0.00,NULL,0,1,NULL,NULL,2023-02-23 13:29:17.000,2023-02-23 13:29:17.000
3002FD1A-62EA-414A-8B32-2B225D331889,80000616-1677194294,"I Spring Water Systems, LLC","I Spring Water Systems, LLC",NULL,NULL,NULL,NULL,NULL,"I Spring Water Systems, LLC",3020 Trotters Pkwy,NULL,NULL,Alparetta,GA,30004,NULL,NULL,NULL,NULL,NULL,NULL,NULL,NULL,NULL,678-261-7611,NULL,NULL,NULL,NULL,NULL,NULL,NULL,"I Spring Water Systems, LLC",NULL,NULL,NULL,A5DDE231-3987-4FF7-A2B7-068A55D1B562,NULL,NULL,0,0.00,NULL,0,1,NULL,NULL,2023-02-23 16:18:14.000,2023-02-23 16:18:14.000
0BA2E61D-6705-4188-8C65-2B2D57371D48,800001F1-1677184082,Master Marketing Products,Master Marketing Products,NULL,NULL,NULL,NULL,NULL,Master Marketing Products,1304 53rd Ave. West,NULL,NULL,Bradenton,FL,34207,NULL,NULL,NULL,NULL,NULL,NULL,NULL,NULL,NULL,NULL,NULL,NULL,NULL,NULL,daveb1944@yahoo.com,NULL,NULL,Master Marketing Products,NULL,NULL,NULL,NULL,NULL,NULL,0,0.00,NULL,0,1,NULL,NULL,2023-02-23 13:28:02.000,2023-02-23 13:28:02.000
4BC2D119-3C92-4B84-9745-2B89095A22AE,80000124-1677182959,Eisenking Products Inc,Eisenking Products Inc,NULL,NULL,NULL,NULL,NULL,Eisenking Products Inc,2810 E Franklin Rd,NULL,NULL,Meridian,ID,83642,NULL,NULL,NULL,NULL,NULL,NULL,NULL,NULL,NULL,818-429-4808,NULL,NULL,NULL,208-274-8200,adrian.epinc@yahoo.com,NULL,NULL,Eisenking Products Inc,NULL,NULL,NULL,162BFAF4-5263-465D-8B19-90688B4184CF,NULL,NULL,0,2945.85,NULL,0,1,NULL,NULL,2023-02-23 13:09:19.000,2025-04-17 09:41:39.000
B45147CE-A8EC-4177-8EC6-2BAADF366ECE,800029EA-1679608282,.Eddie Ekberg,.Eddie Ekberg,NULL,NULL,NULL,NULL,NULL,Eddie Ekberg,656 Jetway Dr.,Unit F,NULL,Belgrade,MT,59714,NULL,NULL,NULL,NULL,NULL,NULL,NULL,NULL,NULL,NULL,NULL,NULL,NULL,NULL,NULL,NULL,NULL,Eddie Ekberg,NULL,NULL,NULL,NULL,NULL,NULL,0,0.00,NULL,0,1,NULL,NULL,2023-03-23 14:51:22.000,2023-03-23 15:55:20.000
20CC9E25-767E-43E1-836A-2BAADFD8DBBF,80000064-1677182842,ARP Products,ARP Products,NULL,NULL,NULL,NULL,NULL,ARP Products,1863 Eastman Avenue,NULL,NULL,Ventura,CA,93003,NULL,NULL,NULL,NULL,NULL,NULL,NULL,NULL,NULL,(800) 826-3045,NULL,NULL,NULL,805-650-0742,arp-esales@arpfasteners.com,NULL,NULL,NULL,Code: LCENG,NULL,NULL,162BFAF4-5263-465D-8B19-90688B4184CF,NULL,NULL,0,-1122.29,NULL,0,1,NULL,NULL,2023-02-23 13:07:22.000,2025-04-15 12:48:24.000
B6832A58-309E-4911-8670-2BC23CE0FBB8,800001EB-1677184078,Marcella Kimes,Marcella Kimes,NULL,NULL,NULL,NULL,NULL,Marcella Kimes,668 Yosemite Ct,NULL,NULL,Lake Havasu City,AZ,86403,NULL,NULL,NULL,NULL,NULL,NULL,NULL,NULL,NULL,NULL,NULL,NULL,NULL,NULL,NULL,NULL,NULL,NULL,NULL,NULL,NULL,AFD6687D-2F92-4A46-A75E-2FA5398BB833,NULL,NULL,0,0.00,NULL,0,1,NULL,NULL,2023-02-23 13:27:58.000,2023-02-23 13:27:58.000
A3FFCF2A-00B4-4C8A-9377-2C250C9B1AEC,80000662-1677194330,Power Source Machine Tools,Power Source Machine Tools,NULL,NULL,NULL,NULL,NULL,Power Source Machine Tools,3334 W. 61st Street,NULL,NULL,Tulsa,OK,74132,NULL,NULL,NULL,NULL,NULL,NULL,NULL,NULL,NULL,918-894-8001,NULL,NULL,NULL,NULL,sales@powersourcemachinetools.com,NULL,NULL,Power Source Machine Tools,NULL,NULL,NULL,F9951A1C-DEA6-43D9-8D46-A9C4985EF3B2,NULL,NULL,0,0.00,NULL,0,1,NULL,NULL,2023-02-23 16:18:50.000,2023-02-23 16:18:50.000
A04D4FDF-C043-402E-BEB5-2C48F7370D5B,800000AB-1677182888,California Hard Parts,California Hard Parts,NULL,NULL,NULL,NULL,NULL,California Hard Parts,2200 Business Way,NULL,NULL,Riverside,CA,92501,NULL,NULL,NULL,NULL,NULL,NULL,NULL,NULL,NULL,(951) 682-6085,NULL,NULL,NULL,(951) 682-1848,NULL,NULL,NULL,NULL,NULL,NULL,NULL,NULL,NULL,NULL,0,0.00,NULL,0,1,NULL,NULL,2023-02-23 13:08:08.000,2023-02-23 13:25:05.000
5AA9A049-A372-4F4D-9288-2C9DEA07D546,800001D6-1677184066,LC Engineering Archive Old Parts,LC Engineering Archive Old Parts,NULL,NULL,NULL,NULL,NULL,LC Engineering Archive Old Parts,2031 Holly Avenue,NULL,NULL,LHC,AZ,86403,NULL,NULL,NULL,NULL,NULL,NULL,NULL,NULL,NULL,NULL,NULL,NULL,NULL,NULL,NULL,NULL,NULL,NULL,NULL,NULL,NULL,NULL,NULL,NULL,0,0.00,NULL,0,1,NULL,NULL,2023-02-23 13:27:46.000,2023-02-23 13:27:46.000
58511042-B249-4759-A2E0-2CAA6158CF64,800000D2-1677182910,Clutch Specialties,Clutch Specialties,NULL,NULL,NULL,NULL,NULL,Clutch Specialties,"659 South State College Blvd., #51",NULL,NULL,Fullerton,CA,92831,NULL,NULL,NULL,NULL,NULL,NULL,NULL,NULL,NULL,(714) 525-4272,NULL,NULL,NULL,(714) 525-3850,NULL,NULL,NULL,NULL,NULL,NULL,NULL,NULL,NULL,NULL,0,0.00,NULL,0,1,NULL,NULL,2023-02-23 13:08:30.000,2023-02-23 13:25:26.000
F7F80803-C177-4809-8648-2CDE09C5C0EE,80000151-1677182988,Flagstaff Auto Recyclers,Flagstaff Auto Recyclers,NULL,NULL,NULL,NULL,NULL,Flagstaff Auto Recyclers,7201 North Leupp Road,NULL,NULL,Flagstaff,AZ,86004,NULL,NULL,NULL,NULL,NULL,NULL,NULL,NULL,NULL,(800) 352-8737,NULL,NULL,NULL,(928) 527-8676,NULL,NULL,NULL,NULL,NULL,NULL,NULL,NULL,NULL,NULL,0,0.00,NULL,0,1,NULL,NULL,2023-02-23 13:09:48.000,2023-02-23 13:26:31.000
D146BD3A-5488-40A9-B79E-2CEB8D582CF0,80000274-1677184151,Quadratec.com,Quadratec.com,NULL,NULL,NULL,NULL,NULL,Quadratec.com,NULL,NULL,NULL,NULL,NULL,NULL,NULL,NULL,NULL,NULL,NULL,NULL,NULL,NULL,NULL,NULL,NULL,NULL,NULL,NULL,NULL,NULL,NULL,Quadratec.com,NULL,NULL,NULL,NULL,NULL,NULL,0,0.00,NULL,0,1,NULL,NULL,2023-02-23 13:29:11.000,2023-02-23 13:29:11.000
6FAD9737-83E8-401D-8BB7-2CFF28967576,800029DE-1678832568,.Travis Young,.Travis Young,NULL,NULL,NULL,NULL,NULL,Travis Young,8655 Austin Tracy Road,NULL,NULL,Fountain Run,KY,42133,NULL,NULL,NULL,NULL,NULL,NULL,NULL,NULL,NULL,270-861-5146,NULL,NULL,NULL,NULL,NULL,NULL,NULL,Ty Farms,NULL,NULL,NULL,NULL,NULL,NULL,0,0.00,NULL,0,1,NULL,NULL,2023-03-14 15:22:48.000,2023-03-14 15:40:23.000
C48C9017-90E7-4632-A0BD-2D110B805850,800002EB-1677184231,Time Fastener Co.,Time Fastener Co.,NULL,NULL,NULL,NULL,NULL,Time Fastener Co.,5301-G Longley Lane,NULL,NULL,Reno,NV,89511,NULL,NULL,NULL,NULL,NULL,NULL,NULL,NULL,NULL,(775) 829-1026,NULL,NULL,NULL,775-829-1989,orders1@timesert.com,NULL,NULL,NULL,NULL,NULL,NULL,162BFAF4-5263-465D-8B19-90688B4184CF,NULL,NULL,0,0.00,NULL,0,1,NULL,NULL,2023-02-23 13:30:31.000,2025-02-10 10:33:40.000
3BE309B8-7C9B-485E-B7B6-2D39F0814614,800002BE-1677184205,SPD Inc.,SPD Inc.,NULL,NULL,NULL,NULL,NULL,SPD Inc.,11252 Sunco Drive,NULL,NULL,Rancho Cordova,CA,95742,NULL,NULL,NULL,NULL,NULL,NULL,NULL,NULL,NULL,(916) 635-8108,NULL,NULL,NULL,916  635 2970,NULL,NULL,NULL,NULL,NULL,NULL,NULL,NULL,NULL,NULL,0,0.00,NULL,0,1,NULL,NULL,2023-02-23 13:30:05.000,2023-02-23 13:30:05.000
1B96C04A-16B8-4DDC-B2BF-2D3A405D3A07,800029EB-1679608367,.David Murdoch,.David Murdoch,NULL,NULL,NULL,NULL,NULL,David Murdoch,PO Box 726,NULL,NULL,Martindale,TX,78655,NULL,NULL,NULL,NULL,NULL,NULL,NULL,NULL,NULL,512-913-8762,NULL,NULL,NULL,NULL,NULL,NULL,NULL,David Murdoch,NULL,NULL,NULL,NULL,NULL,NULL,0,0.00,NULL,0,1,NULL,NULL,2023-03-23 14:52:47.000,2023-03-23 15:55:57.000
D1C18549-05E3-4B20-94A3-2D5DAEDA8186,80000190-1677183032,HOG Abrasives,HOG Abrasives,NULL,NULL,NULL,NULL,NULL,"Abrasives, Inc",1440 Beaumont Avenue,Suite A2-290,NULL,Beaumont,CA,92223,NULL,NULL,NULL,NULL,NULL,NULL,NULL,NULL,NULL,800-525-1878,NULL,NULL,NULL,800-916-4647,abrasivesrus@gmail.com,NULL,NULL,"Abrasives, Inc",NULL,NULL,NULL,AFD6687D-2F92-4A46-A75E-2FA5398BB833,NULL,NULL,0,0.00,NULL,0,1,NULL,NULL,2023-02-23 13:10:32.000,2023-08-08 20:14:14.000
B968A123-7FD0-4036-A6EB-2E1C1AC11C2D,80006994-1733847507,MICU LLC,MICU LLC,NULL,NULL,NULL,NULL,NULL,MICU LLC,NULL,NULL,NULL,NULL,NULL,NULL,NULL,NULL,NULL,NULL,NULL,NULL,NULL,NULL,NULL,NULL,NULL,NULL,NULL,NULL,NULL,NULL,NULL,NULL,NULL,NULL,NULL,AFD6687D-2F92-4A46-A75E-2FA5398BB833,NULL,NULL,0,0.00,NULL,0,1,NULL,NULL,2024-12-10 09:18:27.000,2024-12-10 09:20:09.000
FA619753-CC4F-4E02-BA49-2E3351AD97BF,800001A5-1677183050,J & J Marketing,J & J Marketing,NULL,NULL,NULL,NULL,NULL,J & J Marketing,17924 Redwood Avenue,NULL,NULL,Bellflower,CA,90706,NULL,NULL,NULL,NULL,NULL,NULL,NULL,NULL,NULL,(951) 689-1221,NULL,NULL,NULL,951 689 1616,NULL,NULL,NULL,NULL,NULL,NULL,NULL,NULL,NULL,NULL,0,0.00,NULL,0,1,NULL,NULL,2023-02-23 13:10:50.000,2023-02-23 13:27:19.000
CFAB85BF-8943-4586-9C95-2E71AAEA745D,800000CB-1677182906,CIntas Corp,CIntas Corp,NULL,NULL,NULL,NULL,NULL,Cintas Fire 636525,PO Box 636525,NULL,NULL,Cincinnati,OH,45263-6525,NULL,NULL,NULL,NULL,NULL,NULL,NULL,NULL,NULL,888-994-2468,NULL,NULL,NULL,NULL,NULL,NULL,NULL,NULL,NULL,NULL,NULL,AFD6687D-2F92-4A46-A75E-2FA5398BB833,NULL,NULL,0,0.00,NULL,0,1,NULL,NULL,2023-02-23 13:08:26.000,2024-11-26 11:55:37.000
20D19B44-12E4-4C41-A642-2E89A839E90F,8000787F-1742919379,"Nick Avery,","Nick Avery,",NULL,NULL,NULL,NULL,NULL,"Nick Avery,",NULL,NULL,NULL,NULL,NULL,NULL,NULL,NULL,NULL,NULL,NULL,NULL,NULL,NULL,NULL,NULL,NULL,NULL,NULL,NULL,NULL,NULL,NULL,NULL,NULL,NULL,NULL,AFD6687D-2F92-4A46-A75E-2FA5398BB833,NULL,NULL,0,0.00,NULL,0,1,NULL,NULL,2025-03-25 09:16:19.000,2025-04-16 08:26:26.000
D53041E0-A6DE-4567-A9C3-2EA5C05C1D7A,800002B3-1677184196,Smith's Fuel,Smith's Fuel,NULL,NULL,NULL,NULL,NULL,Smith's Fuel,NULL,NULL,NULL,NULL,NULL,NULL,NULL,NULL,NULL,NULL,NULL,NULL,NULL,NULL,NULL,NULL,NULL,NULL,NULL,NULL,NULL,NULL,NULL,NULL,NULL,NULL,NULL,NULL,NULL,NULL,0,0.00,NULL,0,1,NULL,NULL,2023-02-23 13:29:56.000,2023-02-23 13:29:56.000
76F01C81-BE67-4707-9B79-2EB22F67D74A,80000171-1677183009,Goodall Rubber Co.,Goodall Rubber Co.,NULL,Christian,NULL,NULL,NULL,Goodall Rubber Co,Lewis-Goetz and Comapany,P.O. Box 895,NULL,Pittsburgh,PA,15230-0895,NULL,NULL,NULL,NULL,NULL,NULL,NULL,NULL,NULL,(800) 443-2435,NULL,NULL,NULL,NULL,dpost@lewis-goetz.com,NULL,NULL,"c/o Lewis-Goetz and Comapany, Inc.",NULL,NULL,NULL,NULL,NULL,NULL,0,0.00,NULL,0,1,NULL,NULL,2023-02-23 13:10:09.000,2023-02-23 13:10:09.000
119C42C6-7493-45B2-A683-2EFD76885005,80000202-1677184091,Metric & Multistandard,Metric & Multistandard,NULL,NULL,NULL,NULL,NULL,Metric & Multistandard,120 Old Saw Mill  River Road,NULL,NULL,Hawthorne,NY,10532,NULL,NULL,NULL,NULL,NULL,NULL,NULL,NULL,NULL,(800) 786-4599,NULL,NULL,NULL,775-355-7255,mkeller@metricmcc.com,NULL,NULL,NULL,NULL,NULL,NULL,162BFAF4-5263-465D-8B19-90688B4184CF,NULL,NULL,0,0.00,NULL,0,1,NULL,NULL,2023-02-23 13:28:11.000,2025-03-13 12:23:50.000
669EFA04-8F95-4099-8A49-2F250A9B4564,8000015D-1677182995,"Frontier Group, Inc.","Frontier Group, Inc.",NULL,NULL,NULL,NULL,NULL,Frontier Group,3518 E Wood St,NULL,NULL,Phoenix,AZ,85040,NULL,NULL,NULL,NULL,NULL,NULL,NULL,NULL,NULL,(928) 636-0130  April,NULL,NULL,NULL,(928) 636-5645,RFQ@frontiergroupco.com,NULL,NULL,Frontier Group,NULL,NULL,NULL,162BFAF4-5263-465D-8B19-90688B4184CF,NULL,NULL,0,5798.25,NULL,0,1,NULL,NULL,2023-02-23 13:09:55.000,2025-04-16 11:02:14.000
B22E3268-6CE4-42FA-8374-2F4EC79965B3,80000643-1677194315,Max-Air,Max-Air,NULL,Kelly,NULL,Varwig,NULL,Kelly Varwig,2807 Peddler Ln,NULL,NULL,Kerrville,TX,78028,NULL,NULL,NULL,NULL,NULL,NULL,NULL,NULL,NULL,830-257-5006,NULL,NULL,NULL,NULL,kelly@max-air.com,NULL,NULL,NULL,NULL,NULL,NULL,A5DDE231-3987-4FF7-A2B7-068A55D1B562,NULL,NULL,0,0.00,NULL,0,1,NULL,NULL,2023-02-23 16:18:35.000,2023-02-23 16:18:35.000
8C8ABBF5-2027-4EB4-B6C5-2F87C9580A72,800001CB-1677184060,L.A. Specialties Inc.,L.A. Specialties Inc.,NULL,NULL,NULL,NULL,NULL,L.A. Specialties Inc.,4223 North 40th Avenue,NULL,NULL,Phoenix,AZ,85019,NULL,NULL,NULL,NULL,NULL,NULL,NULL,NULL,NULL,(602) 269-7612,NULL,NULL,NULL,(602) 269-9811,NULL,NULL,NULL,NULL,NULL,NULL,NULL,NULL,NULL,NULL,0,0.00,NULL,0,1,NULL,NULL,2023-02-23 13:27:40.000,2023-02-23 13:27:40.000
35509EC7-B1B7-460E-80DA-2F91409043DF,800002D6-1677184219,Superior Axle & Gear,Superior Axle & Gear,NULL,NULL,NULL,NULL,NULL,Superior Axle & Gear,6895 Speedway Boulevard Unit Z101,NULL,NULL,Las Vegas,NV,89115,NULL,NULL,NULL,NULL,NULL,NULL,NULL,NULL,NULL,888-522-2953 x5571,NULL,NULL,NULL,702-551-8931,NULL,NULL,NULL,NULL,NULL,NULL,NULL,NULL,NULL,NULL,0,0.00,NULL,0,1,NULL,NULL,2023-02-23 13:30:19.000,2023-02-23 13:30:19.000
73599CCE-3066-4D25-8312-2FC728A9CA86,800001A0-1677183046,Interco Products Corp.,Interco Products Corp.,NULL,NULL,NULL,NULL,NULL,Interco Products Corp.,20 Constance Court,NULL,NULL,Hauppauge,NY,11788,NULL,NULL,NULL,NULL,NULL,NULL,NULL,NULL,NULL,(800) 871-3405,NULL,NULL,NULL,631-863-2760,www.webercarbsdirect.com,NULL,NULL,NULL,NULL,NULL,NULL,NULL,NULL,NULL,0,0.00,NULL,0,1,NULL,NULL,2023-02-23 13:10:46.000,2023-02-23 13:27:15.000
AFA05CFB-587D-4731-A84F-2FDAE31303A0,80000623-1677194300,Jet Printing,Jet Printing,NULL,NULL,NULL,NULL,NULL,Jet Printing,2237 West Acoma Blvd.,NULL,NULL,Lake Havasu City,AZ,86403,NULL,NULL,NULL,NULL,NULL,NULL,NULL,NULL,NULL,(928) 855-2200,NULL,NULL,NULL,(928) 855-7846,NULL,NULL,NULL,NULL,NULL,NULL,NULL,A5DDE231-3987-4FF7-A2B7-068A55D1B562,NULL,NULL,0,0.00,NULL,0,1,NULL,NULL,2023-02-23 16:18:20.000,2023-02-23 16:18:20.000
2DB52EC3-3779-4ED3-87CF-2FDC0301E523,800001DD-1677184069,Liepsner & Company,Liepsner & Company,NULL,NULL,NULL,NULL,NULL,Liepsner & Company,1701 Locust Street,NULL,NULL,Kansas City,MO,64108,NULL,NULL,NULL,NULL,NULL,NULL,NULL,NULL,NULL,(800) 567-1880,NULL,NULL,NULL,(816) 421-2513,NULL,NULL,NULL,NULL,NULL,NULL,NULL,NULL,NULL,NULL,0,0.00,NULL,0,1,NULL,NULL,2023-02-23 13:27:49.000,2023-02-23 13:27:49.000
BBC1D4CA-35B6-4E77-B164-3081276874A7,80006088-1728491313,Airbnb,Airbnb,NULL,NULL,NULL,NULL,NULL,Airbnb,NULL,NULL,NULL,NULL,NULL,NULL,NULL,NULL,NULL,NULL,NULL,NULL,NULL,NULL,NULL,NULL,NULL,NULL,NULL,NULL,NULL,NULL,NULL,NULL,NULL,NULL,NULL,A5DDE231-3987-4FF7-A2B7-068A55D1B562,NULL,NULL,0,0.00,NULL,0,1,NULL,NULL,2024-10-09 09:28:33.000,2024-10-09 09:29:15.000
896942A1-9348-40A1-838F-308BD1E1F629,8000068B-1677194348,Spool Imports,Spool Imports,NULL,Brad,NULL,NULL,NULL,Spool Imports,Brisbane,NULL,NULL,NULL,NULL,NULL,Australia,NULL,NULL,NULL,NULL,NULL,NULL,NULL,NULL,(07) 3297 1074,NULL,NULL,NULL,NULL,sales@spoolimports.com,NULL,NULL,Spool Imports,NULL,NULL,NULL,F9951A1C-DEA6-43D9-8D46-A9C4985EF3B2,NULL,NULL,0,0.00,NULL,0,1,NULL,NULL,2023-02-23 16:19:08.000,2024-10-08 10:12:46.000
586C91B0-7686-4378-BBC4-3091AADBC578,800002A2-1677184183,Season Gauge Company Ltd,Season Gauge Company Ltd,NULL,Aileen,NULL,Cheng,NULL,Season Gauge Company,Aileen Cheng,22F No 29-1 The Aetna Tower,NULL,Jung Jeng E Rd Sec 2,NULL,NULL,"Danshuei Dist New Taipei City, ",NULL,NULL,NULL,NULL,NULL,NULL,NULL,NULL,NULL,NULL,NULL,NULL,NULL,aileen@seasonsgauge.com.tw,NULL,NULL,Season Gauge Company,NULL,NULL,NULL,AFD6687D-2F92-4A46-A75E-2FA5398BB833,NULL,NULL,0,0.00,NULL,0,1,NULL,NULL,2023-02-23 13:29:43.000,2025-02-04 11:40:28.000
B8ADF8E0-8A6A-460F-AA9D-30BB6B717861,800002A0-1677184178,Sanko Trading Corporation,Sanko Trading Corporation,NULL,NULL,NULL,NULL,NULL,Sanko Trading Corporation,2-37 Higashikoraibashi,Sansei Bldg. 5F-6F,"Chuo-ku,",NULL,NULL,NULL,Japan,NULL,NULL,NULL,NULL,NULL,NULL,NULL,NULL,81-6-6949-0897,NULL,NULL,NULL,81-6-6946-8971,shigematsu@sanko-trading.co.jp,NULL,NULL,Sanko Trading Corporation,NULL,NULL,NULL,NULL,NULL,NULL,0,-6385.06,NULL,0,1,NULL,NULL,2023-02-23 13:29:38.000,2025-03-25 08:35:28.000
14D4F9E5-384C-49AB-B1FA-30E117E027AE,800005EE-1677194276,EBAY,EBAY,NULL,NULL,NULL,NULL,NULL,E bay,NULL,NULL,NULL,NULL,NULL,NULL,NULL,NULL,NULL,NULL,NULL,NULL,NULL,NULL,NULL,NULL,NULL,NULL,NULL,NULL,NULL,NULL,NULL,NULL,NULL,NULL,NULL,F9951A1C-DEA6-43D9-8D46-A9C4985EF3B2,NULL,NULL,0,268.90,NULL,0,1,NULL,NULL,2023-02-23 16:17:56.000,2025-04-17 12:49:15.000
D52F1F4A-A2A8-4BFD-B26C-30E5F8BF28A1,80000654-1677194323,NPW / EPW,NPW / EPW,NULL,NULL,NULL,NULL,NULL,NPW / EPW,1911 N 22nd  Ave,NULL,NULL,Phoenix,AZ,85009,NULL,NULL,NULL,NULL,NULL,NULL,NULL,NULL,NULL,602-272-0191 PHX,NULL,NULL,(714)634-3803 x10804,714-634-0863,spowers@npwcompanies.com,NULL,NULL,NPW / EPW,NULL,NULL,NULL,3DD1DEF5-C7AA-41E7-964E-EFCE3AFB8E29,NULL,NULL,0,1272.21,NULL,0,1,NULL,NULL,2023-02-23 16:18:43.000,2025-04-16 11:02:22.000
82F4F15F-C4B1-43F4-BBB1-311CD39593ED,8000060E-1677194290,"HMF Engineering, Inc.","HMF Engineering, Inc.",NULL,NULL,NULL,NULL,NULL,"HMF Engineering, Inc.",5111 West 164th Street,NULL,NULL,Brook Park,OH,44142,NULL,NULL,NULL,NULL,NULL,NULL,NULL,NULL,NULL,216-631-6980,NULL,NULL,NULL,NULL,NULL,NULL,NULL,"HMF Engineering, Inc.",NULL,NULL,NULL,A5DDE231-3987-4FF7-A2B7-068A55D1B562,NULL,NULL,0,0.00,NULL,0,1,NULL,NULL,2023-02-23 16:18:10.000,2023-02-23 16:18:10.000
DD7F9A57-C0CA-4F78-862F-31BAE5AC4143,80000688-1677194347,Softopper,Softopper,NULL,Bob,NULL,NULL,NULL,Softopper,"4750 Nautilus Court South, Unit B",NULL,NULL,Boulder,CO,80301,NULL,NULL,NULL,NULL,NULL,NULL,NULL,NULL,NULL,800-810-7227,NULL,NULL,NULL,303-265-9543,info@softopper.com,NULL,NULL,Softopper,NULL,NULL,NULL,A5DDE231-3987-4FF7-A2B7-068A55D1B562,NULL,NULL,0,0.00,NULL,0,1,NULL,NULL,2023-02-23 16:19:07.000,2023-02-23 16:19:07.000
D4FF9884-395A-42E8-998D-31BDAAA6C175,80000618-1677194295,Ingersoll-Rand Company,Ingersoll-Rand Company,NULL,NULL,NULL,NULL,NULL,Ingersoll-Rand Company,"3626 East Southern Avenue, Suite #3",NULL,NULL,Phoenix,AZ,85040,NULL,NULL,NULL,NULL,NULL,NULL,NULL,NULL,NULL,602-431-1400,NULL,NULL,NULL,NULL,NULL,NULL,NULL,NULL,NULL,NULL,NULL,A5DDE231-3987-4FF7-A2B7-068A55D1B562,NULL,NULL,0,0.00,NULL,0,1,NULL,NULL,2023-02-23 16:18:15.000,2025-03-31 12:24:08.000
58A753C3-95B1-4B5F-930C-322EF4D99E86,80004E8A-1717082214,Kimberly-Correll,Kimberly-Correll,NULL,NULL,NULL,NULL,NULL,Kimberly-Correll,3080 Jennie Lane,NULL,NULL,Lake Havasu City,AZ,86403,NULL,NULL,NULL,NULL,NULL,NULL,NULL,NULL,NULL,NULL,NULL,NULL,NULL,NULL,NULL,NULL,NULL,NULL,NULL,NULL,NULL,AFD6687D-2F92-4A46-A75E-2FA5398BB833,NULL,NULL,0,0.00,NULL,0,1,NULL,NULL,2024-05-30 08:16:54.000,2024-05-30 08:34:54.000
15F4E61B-322E-48D6-901F-32818EFADB73,800000EC-1677182924,Craig Fire Protection,Craig Fire Protection,NULL,Craig,NULL,Fire Protection,NULL,Craig Fire Protection,2051 Holly Ave #102,NULL,NULL,Lake Havasu City,AZ,86403,NULL,NULL,NULL,NULL,NULL,NULL,NULL,NULL,NULL,928-453-7185,NULL,NULL,NULL,NULL,NULL,NULL,NULL,NULL,NULL,NULL,NULL,NULL,NULL,NULL,0,0.00,NULL,0,1,NULL,NULL,2023-02-23 13:08:44.000,2023-02-23 13:25:39.000
55146364-E8D3-4280-9942-32AE678EF64A,80000251-1677184132,Performance Springs Inc.,Performance Springs Inc.,NULL,NULL,NULL,NULL,NULL,Performance Springs Inc.,57575 Travis Road,NULL,NULL,New Hudson,MI,48165,NULL,NULL,NULL,NULL,NULL,NULL,NULL,NULL,NULL,248-486-3372,NULL,NULL,NULL,248-486-3382,NULL,NULL,NULL,NULL,NULL,NULL,NULL,NULL,NULL,NULL,0,0.00,NULL,0,1,NULL,NULL,2023-02-23 13:28:52.000,2023-02-23 13:28:52.000
B6547405-6B5D-439E-B38A-32B28A5E077A,800001ED-1677184079,Marmon/Keystone Corporation,Marmon/Keystone Corporation,NULL,NULL,NULL,NULL,NULL,Marmon/Keystone Corporation,FILE # 96657,NULL,NULL,Los Angeles,CA,90074-6657,NULL,NULL,NULL,NULL,NULL,NULL,NULL,NULL,NULL,(800) 372-6304  x.37,NULL,NULL,NULL,909 620 7889,NULL,NULL,NULL,NULL,NULL,NULL,NULL,NULL,NULL,NULL,0,0.00,NULL,0,1,NULL,NULL,2023-02-23 13:27:59.000,2023-02-23 13:27:59.000
6D54536C-FA09-43C6-BEB3-32D97414B0A0,80000165-1677183000,Gasket Technology,Gasket Technology,NULL,NULL,NULL,NULL,NULL,Gasket Technology,"1600 West Acoma, #19",NULL,NULL,Lake Havasu City,AZ,86403,NULL,NULL,NULL,NULL,NULL,NULL,NULL,NULL,NULL,(928) 680-4387,NULL,NULL,NULL,(928) 680-4388,NULL,NULL,NULL,NULL,NULL,NULL,NULL,NULL,NULL,NULL,0,0.00,NULL,0,1,NULL,NULL,2023-02-23 13:10:00.000,2023-02-23 13:26:40.000
E7D458B2-4757-4BC1-99EA-32DE118913D0,8000066B-1677194334,R & T Upholstery,R & T Upholstery,NULL,NULL,NULL,NULL,NULL,Rip & Tear Upholstery,17250 Lemon Ave. Unit L,NULL,NULL,Hesperia,CA,92345,NULL,NULL,NULL,NULL,NULL,NULL,NULL,NULL,NULL,760-442-3438,NULL,NULL,NULL,NULL,randallgraceent@gmail.com,NULL,NULL,Rip & Tear Upholstery,NULL,NULL,NULL,51F6B9E0-F513-4510-9C25-C5B7FC7B1FD4,NULL,NULL,0,0.00,NULL,0,1,NULL,NULL,2023-02-23 16:18:54.000,2025-02-17 11:25:10.000
29658552-CAC1-46F8-BE05-32F0EF98F556,800000E8-1677182922,costco,costco,NULL,NULL,NULL,NULL,NULL,costco,NULL,NULL,NULL,NULL,NULL,NULL,NULL,NULL,NULL,NULL,NULL,NULL,NULL,NULL,NULL,NULL,NULL,NULL,NULL,NULL,NULL,NULL,NULL,NULL,NULL,NULL,NULL,AFD6687D-2F92-4A46-A75E-2FA5398BB833,NULL,NULL,0,0.00,NULL,0,1,NULL,NULL,2023-02-23 13:08:42.000,2024-11-27 11:23:53.000
4D28B8E8-6ABD-4A02-8509-33B738850316,800002DB-1677184222,TAP Recycling Inc. Core1,TAP Recycling Inc. Core1,NULL,NULL,NULL,NULL,NULL,TAP Recycling Inc. Core1,11337 Dismantle Court,NULL,NULL,Rancho Cordova,CA,95742,NULL,NULL,NULL,NULL,NULL,NULL,NULL,NULL,NULL,(800) 765-7100,NULL,NULL,NULL,Dont fax orders,NULL,NULL,NULL,NULL,NULL,NULL,NULL,NULL,NULL,NULL,0,0.00,NULL,0,1,NULL,NULL,2023-02-23 13:30:22.000,2023-02-23 13:30:22.000
5888882C-068E-4834-8879-33BAA7EC9308,800001B6-1677184049,Jon Adamson,Jon Adamson,NULL,NULL,NULL,NULL,NULL,Jon Adamson,NULL,NULL,NULL,NULL,NULL,NULL,NULL,NULL,NULL,NULL,NULL,NULL,NULL,NULL,NULL,NULL,NULL,NULL,NULL,NULL,NULL,NULL,NULL,NULL,NULL,NULL,NULL,NULL,NULL,NULL,0,0.00,NULL,0,1,NULL,NULL,2023-02-23 13:27:29.000,2023-02-23 13:27:29.000
09E44CEC-EC10-48EE-B142-3407DA011A18,8000663E-1732039498,Brother USA,Brother USA,NULL,NULL,NULL,NULL,NULL,Brother,NULL,NULL,NULL,NULL,NULL,NULL,USA,NULL,NULL,NULL,NULL,NULL,NULL,NULL,NULL,NULL,NULL,NULL,NULL,NULL,NULL,NULL,NULL,NULL,NULL,NULL,NULL,A5DDE231-3987-4FF7-A2B7-068A55D1B562,NULL,NULL,0,0.00,NULL,0,1,NULL,NULL,2024-11-19 11:04:58.000,2025-01-15 13:01:17.000
AFE2319F-0DEA-4D23-BA5E-3424E0628B65,800002FD-1677184242,Turbo Engineering Corporation,Turbo Engineering Corporation,NULL,NULL,NULL,NULL,NULL,Turbo Engineering Corporation,"1005 Vista Way, Suite B",NULL,NULL,Red Bluff,CA,96080,NULL,NULL,NULL,NULL,NULL,NULL,NULL,NULL,NULL,800-950-8872,NULL,NULL,NULL,NULL,NULL,NULL,NULL,NULL,NULL,NULL,NULL,NULL,NULL,NULL,0,0.00,NULL,0,1,NULL,NULL,2023-02-23 13:30:42.000,2023-02-23 13:30:42.000
FFC7F8B2-72AA-49BB-9ABB-342FDDD5C088,80000019-1677182798,A1 Technologies,A1 Technologies,NULL,NULL,NULL,NULL,NULL,A1 Technologies,7022 Alondra Blvd.,NULL,NULL,Paramount,CA,90723,NULL,NULL,NULL,NULL,NULL,NULL,NULL,NULL,NULL,(562) 408-1808,NULL,NULL,NULL,562 408 2005,NULL,NULL,NULL,NULL,NULL,NULL,NULL,NULL,NULL,NULL,0,0.00,NULL,0,0,NULL,NULL,2023-02-23 13:06:38.000,2023-02-23 13:23:45.000
7A5B27F7-B99A-494B-AACC-34ECB7DA26BB,80000160-1677182997,Full Screen Background,Full Screen Background,NULL,NULL,NULL,NULL,NULL,Full Screen Background,NULL,NULL,NULL,NULL,NULL,NULL,NULL,NULL,NULL,NULL,NULL,NULL,NULL,NULL,NULL,NULL,NULL,NULL,NULL,NULL,NULL,NULL,NULL,NULL,NULL,NULL,NULL,NULL,NULL,NULL,0,0.00,NULL,0,1,NULL,NULL,2023-02-23 13:09:57.000,2023-02-23 13:26:38.000
C9FE89FA-C11C-405C-8044-350C36AFDDE4,80000164-1677182999,Gas Plus,Gas Plus,NULL,NULL,NULL,NULL,NULL,Gas Plus,NULL,NULL,NULL,NULL,NULL,NULL,NULL,NULL,NULL,NULL,NULL,NULL,NULL,NULL,NULL,NULL,NULL,NULL,NULL,NULL,NULL,NULL,NULL,NULL,NULL,NULL,NULL,NULL,NULL,NULL,0,0.00,NULL,0,1,NULL,NULL,2023-02-23 13:09:59.000,2023-02-23 13:26:40.000
5DC2E319-2F19-4AB2-8E66-3512F7C51ABD,80000134-1677182968,EngineQuest / AA Midwest,EngineQuest / AA Midwest,NULL,NULL,NULL,NULL,NULL,EngineQuest / AA Midwest,2580 North Commerce Street,NULL,NULL,North Las Vegas,NV,89030,NULL,NULL,NULL,NULL,NULL,NULL,NULL,NULL,NULL,(800) 426-8771,NULL,NULL,NULL,702-649-6777,NULL,NULL,NULL,NULL,NULL,NULL,NULL,NULL,NULL,NULL,0,0.00,NULL,0,0,NULL,NULL,2023-02-23 13:09:28.000,2023-02-23 13:26:16.000
FBD78103-A757-4D7C-AB39-35294037E115,8000019D-1677183044,Inland Waterjet,Inland Waterjet,NULL,Inland,NULL,Waterjet,NULL,Inland Waterjet,PO Box 2103,NULL,NULL,Temecula,CA,92593,NULL,NULL,NULL,NULL,NULL,NULL,NULL,NULL,NULL,909-208-0547,NULL,NULL,NULL,NULL,NULL,NULL,NULL,NULL,NULL,NULL,NULL,NULL,NULL,NULL,0,0.00,NULL,0,1,NULL,NULL,2023-02-23 13:10:44.000,2023-02-23 13:27:14.000
61BD9C5A-076B-4C68-A1E0-352B2EB3209E,800001F6-1677184084,"MAXFLEX INDUSTRIAL CO.,LTD","MAXFLEX INDUSTRIAL CO.,LTD",NULL,NULL,NULL,NULL,NULL,"MAXFLEX INDUSTRIAL CO., LTD",Erlong Industrial Zone,NULL,NULL,Fengcheng City,Liaoning Prov,NULL,China,NULL,NULL,NULL,NULL,NULL,NULL,NULL,NULL,+86-0415-8141603,NULL,NULL,NULL,NULL,NULL,NULL,NULL,"MAXFLEX INDUSTRIAL CO.,LTD",NULL,NULL,NULL,NULL,NULL,NULL,0,0.00,NULL,0,1,NULL,NULL,2023-02-23 13:28:04.000,2023-02-23 13:28:04.000
18DF9784-C823-490A-BCEF-35B6866C55D1,80000340-1677184275,"Wurth USA, Inc / Tim Tracy","Wurth USA, Inc / Tim Tracy",NULL,NULL,NULL,NULL,NULL,"Wurth USA, Inc / Tim Tracy",NULL,NULL,NULL,NULL,Inc /,NULL,NULL,NULL,NULL,NULL,NULL,NULL,NULL,NULL,NULL,702-743-9782,NULL,NULL,NULL,NULL,NULL,NULL,NULL,NULL,NULL,NULL,NULL,NULL,NULL,NULL,0,0.00,NULL,0,1,NULL,NULL,2023-02-23 13:31:15.000,2023-02-23 13:31:15.000
DD2B4215-C1A2-488F-ADA0-35C3B964E227,80000127-1677182961,Electronic City - AZ,Electronic City - AZ,NULL,NULL,NULL,NULL,NULL,Electronic City - AZ,1300 South Park Avenue,NULL,NULL,Tucson,AZ,85713,NULL,NULL,NULL,NULL,NULL,NULL,NULL,NULL,NULL,(520) 622-1173,NULL,NULL,NULL,NULL,NULL,NULL,NULL,NULL,NULL,NULL,NULL,NULL,NULL,NULL,0,0.00,NULL,0,1,NULL,NULL,2023-02-23 13:09:21.000,2023-02-23 13:26:10.000
59C20496-EE04-41B1-87BF-35EBF4C660A6,800001FF-1677184089,Mercury Air Conditioning,Mercury Air Conditioning,NULL,NULL,NULL,NULL,NULL,Mercury Air Conditioning,1465 Countryshire Ave,#102,NULL,Lake Havasu City,AZ,86403,NULL,NULL,NULL,NULL,NULL,NULL,NULL,NULL,NULL,(928) 854-4101,NULL,NULL,NULL,928-854-1444,NULL,NULL,NULL,NULL,NULL,NULL,NULL,AFD6687D-2F92-4A46-A75E-2FA5398BB833,NULL,NULL,0,0.00,NULL,0,1,NULL,NULL,2023-02-23 13:28:09.000,2024-02-09 09:29:25.000
7868CAE1-29BE-40E1-9F32-367D13EA1588,80004736-1713197802,Josco Services LLC,Josco Services LLC,NULL,NULL,NULL,NULL,NULL,Josco Services LLC,4651 W Deer Forest Ave,NULL,NULL,Las Vegas,NV,89404,NULL,NULL,NULL,NULL,NULL,NULL,NULL,NULL,NULL,NULL,NULL,NULL,NULL,NULL,NULL,NULL,NULL,NULL,NULL,NULL,NULL,AFD6687D-2F92-4A46-A75E-2FA5398BB833,NULL,NULL,0,0.00,NULL,0,1,NULL,NULL,2024-04-15 09:16:42.000,2024-09-13 13:24:38.000
3E2FDCA6-F429-421A-9B2E-368DCAF17E2D,800000AE-1677182889,Camel Towing,Camel Towing,NULL,Travis,NULL,NULL,NULL,Camel Towing,1560 Corona Drive,NULL,NULL,Lake Havasu City,AZ,86403,NULL,NULL,NULL,NULL,NULL,NULL,NULL,NULL,NULL,928-208-6139,NULL,NULL,NULL,NULL,cameltowing@frontiernet.net,NULL,NULL,Camel Towing,NULL,NULL,NULL,AFD6687D-2F92-4A46-A75E-2FA5398BB833,NULL,NULL,0,0.00,NULL,0,1,NULL,NULL,2023-02-23 13:08:09.000,2023-02-23 13:25:07.000
74E093AB-F60B-44C3-9C48-36CEC1E5C306,80005906-1723742882,Zaffiri Precision,Zaffiri Precision,NULL,NULL,NULL,NULL,NULL,Zaffiri Precision,NULL,NULL,NULL,NULL,NULL,NULL,NULL,NULL,NULL,NULL,NULL,NULL,NULL,NULL,NULL,NULL,NULL,NULL,NULL,NULL,NULL,NULL,NULL,NULL,NULL,NULL,NULL,A5DDE231-3987-4FF7-A2B7-068A55D1B562,NULL,NULL,0,0.00,NULL,0,1,NULL,NULL,2024-08-15 10:28:02.000,2024-08-15 10:28:30.000
DD88F473-961E-4013-A49D-36D75A3643B5,800002DC-1677184222,TCR Automotive (VENDOR),TCR Automotive (VENDOR),NULL,NULL,NULL,NULL,NULL,TCR Automotive (VENDOR),"8140 East 22nd Street, Suite #140",NULL,NULL,Tucson,AZ,85710,NULL,NULL,NULL,NULL,NULL,NULL,NULL,NULL,NULL,(520)-747-0563,NULL,NULL,NULL,(520)-760-0158,tcr@theriver.com,NULL,NULL,NULL,NULL,NULL,NULL,NULL,NULL,NULL,0,0.00,NULL,0,1,NULL,NULL,2023-02-23 13:30:22.000,2023-02-23 13:30:22.000
BC2F3DEE-23B2-41A4-A749-37279A8AAFDB,80000675-1677194338,Riva Motorsports,Riva Motorsports,NULL,RIva,NULL,Motorsports,NULL,Riva Motorsports,3671 N Dixie Highway,NULL,NULL,Pompano Beach,FL,33064,NULL,NULL,NULL,NULL,NULL,NULL,NULL,NULL,NULL,954-785-4820 ext 1209,NULL,NULL,NULL,NULL,peteb@rivamotorsports.com,NULL,NULL,NULL,NULL,NULL,NULL,A5DDE231-3987-4FF7-A2B7-068A55D1B562,NULL,NULL,0,0.00,NULL,0,1,NULL,NULL,2023-02-23 16:18:58.000,2023-02-23 16:18:58.000
5DB1781D-E7A8-4654-BEA4-37312AFACFC7,8000069A-1677194355,The Little Shop,The Little Shop,NULL,Eric,NULL,Saliba,NULL,Eric Saliba,150 Mahr Ave,NULL,NULL,Lawrencburg,TN,38464,NULL,NULL,NULL,NULL,NULL,NULL,NULL,NULL,NULL,931.629.7375 Eric,NULL,NULL,NULL,NULL,eric@littleshopmfg.com,NULL,NULL,NULL,NULL,NULL,NULL,A5DDE231-3987-4FF7-A2B7-068A55D1B562,NULL,NULL,0,698.20,NULL,0,1,NULL,NULL,2023-02-23 16:19:15.000,2025-03-31 12:32:37.000
9D6BCC6B-1156-40BD-B783-3739C516190E,800005CA-1677194260,Burns Stainless,Burns Stainless,NULL,NULL,NULL,NULL,NULL,Burns Stainless,1013 West 18th Street,NULL,NULL,Costa Mesa,CA,92627-4557,NULL,NULL,NULL,NULL,NULL,NULL,NULL,NULL,NULL,(949) 631-5120,NULL,NULL,NULL,949 631 3184,NULL,NULL,NULL,NULL,NULL,NULL,NULL,A5DDE231-3987-4FF7-A2B7-068A55D1B562,NULL,NULL,0,0.00,NULL,0,1,NULL,NULL,2023-02-23 16:17:40.000,2023-02-23 16:17:40.000
0BE14B71-3F96-4326-AD6F-3744E645C0CF,80000694-1677194352,Summit Racing,Summit Racing,NULL,NULL,NULL,NULL,NULL,Summit Racing,P.O. Box 909,NULL,NULL,Akron,OH,44309,NULL,NULL,NULL,NULL,NULL,NULL,NULL,NULL,NULL,800-230-3030 ext-1-1,NULL,NULL,NULL,NULL,NULL,NULL,NULL,NULL,NULL,NULL,NULL,A5DDE231-3987-4FF7-A2B7-068A55D1B562,NULL,NULL,0,0.00,NULL,0,1,NULL,NULL,2023-02-23 16:19:12.000,2023-02-23 16:19:12.000
6DBD3202-EF8C-4B9A-A626-3754FD9C7119,80000607-1677194287,grizzly.com,grizzly.com,NULL,NULL,NULL,NULL,NULL,grizzly.com,NULL,NULL,NULL,NULL,NULL,NULL,NULL,NULL,NULL,NULL,NULL,NULL,NULL,NULL,NULL,(800) 523-4777,NULL,NULL,NULL,NULL,NULL,NULL,NULL,www.grizzly.com,NULL,NULL,NULL,A5DDE231-3987-4FF7-A2B7-068A55D1B562,NULL,NULL,0,0.00,NULL,0,1,NULL,NULL,2023-02-23 16:18:07.000,2023-02-23 16:18:07.000
CC80F16C-F2A0-48A1-99DE-376F19B6578A,800005DE-1677194269,Competition Cams,Competition Cams,NULL,NULL,NULL,NULL,NULL,Competition Cams,3406 Democrat Road,NULL,NULL,Memphis,TN,38118,NULL,NULL,NULL,NULL,NULL,NULL,NULL,NULL,NULL,(800) 209-3838,NULL,NULL,ext 1492 CSR Vicky Sa,901-366-1807,orders@compcams.com,NULL,NULL,Competition Cams,NULL,267500,NULL,A5DDE231-3987-4FF7-A2B7-068A55D1B562,NULL,NULL,0,22325.84,NULL,0,1,NULL,NULL,2023-02-23 16:17:49.000,2025-03-31 10:34:50.000
32EA82F5-D511-4257-A485-3796A6733F76,8000016D-1677183005,GMZ Race Products Inc.,GMZ Race Products Inc.,NULL,NULL,NULL,NULL,NULL,GMZ Race Products Inc.,NULL,NULL,NULL,NULL,NULL,NULL,NULL,NULL,NULL,NULL,NULL,NULL,NULL,NULL,NULL,619-244-5811,NULL,NULL,NULL,NULL,NULL,NULL,NULL,GMZ Race Products Inc.,NULL,NULL,NULL,NULL,NULL,NULL,0,0.00,NULL,0,1,NULL,NULL,2023-02-23 13:10:05.000,2023-02-23 13:26:45.000
F3B4DD0D-2BB7-4FDD-9089-37D25552615A,80000691-1677194351,Steed Speed Advanced Performance,Steed Speed Advanced Performance,NULL,NULL,NULL,NULL,NULL,Steed Speed Advanced Performance,16675 Barkley Road,"Lake Country, BC V4V 1B5",Spoke to Lane 9/9/2022 he no longer needs,a royalty payment for any manif,NULL,NULL,NULL,NULL,NULL,NULL,NULL,NULL,NULL,NULL,NULL,250-807-7212,NULL,NULL,NULL,(403) 335-2868,steedl@telus.net,NULL,NULL,NULL,NULL,NULL,NULL,F9951A1C-DEA6-43D9-8D46-A9C4985EF3B2,NULL,NULL,0,0.00,NULL,0,0,NULL,NULL,2023-02-23 16:19:11.000,2023-02-23 16:19:11.000
5A5B669A-557D-4B66-82EA-383C49F5EA45,800002A1-1677184183,Seal Methods Inc.,Seal Methods Inc.,NULL,NULL,NULL,NULL,NULL,Seal Methods Inc.,P.O. Box 2604,NULL,NULL,Santa Fe Springs,CA,90670-0604,NULL,NULL,NULL,NULL,NULL,NULL,NULL,NULL,NULL,(800) 423-4777,NULL,NULL,NULL,(562) 946-9439,NULL,NULL,NULL,NULL,NULL,NULL,NULL,NULL,NULL,NULL,0,0.00,NULL,0,1,NULL,NULL,2023-02-23 13:29:43.000,2024-11-22 11:54:35.000
D11C6F0A-C185-4A3E-AB96-3897710EF186,8000065B-1677194327,Performance Development & Manufacturing,Performance Development & Manufacturing,NULL,NULL,NULL,NULL,NULL,Performance Development & Manufacturing,P.O. Box 178,NULL,NULL,Hudson,CO,80642,NULL,NULL,NULL,NULL,NULL,NULL,NULL,NULL,NULL,303-288-8120,NULL,NULL,NULL,NULL,joel@pdmusa.com,NULL,NULL,NULL,NULL,NULL,NULL,A5DDE231-3987-4FF7-A2B7-068A55D1B562,NULL,NULL,0,-345.00,NULL,0,1,NULL,NULL,2023-02-23 16:18:47.000,2025-03-31 12:26:07.000
D104AF73-2965-4B69-9D88-38B38D4C1CBA,80005F4E-1727709478,5 Axis Grinding Inc,5 Axis Grinding Inc,NULL,NULL,NULL,NULL,NULL,5 Axis Grinding Inc,86 Westpark Rd.,NULL,NULL,Dayton,OH,45459,NULL,NULL,NULL,NULL,NULL,NULL,NULL,NULL,NULL,937-312-9797,NULL,NULL,NULL,NULL,Scott@5axisgrinding.com,NULL,NULL,5 Axis Grinding Inc,NULL,NULL,NULL,NULL,NULL,NULL,0,318.97,NULL,0,1,NULL,NULL,2024-09-30 08:17:58.000,2025-03-18 11:37:51.000
54AAA262-0D6A-4B40-9A65-38B8CB1934A0,80002AAD-1700255106,Finish Line Embroidery,Finish Line Embroidery,NULL,Justin,NULL,NULL,NULL,Finish Line Embroidery,1730 Avalon Bay,NULL,NULL,Lake Havasu City,AZ,86404,NULL,Finish Line Embroidery,1730 Avalon Bay,NULL,NULL,Lake Havasu City,AZ,86404,NULL,928-706-3306,NULL,NULL,NULL,NULL,finishlineembroiderylhc@gmail.com,NULL,NULL,NULL,NULL,NULL,NULL,NULL,NULL,NULL,0,0.00,NULL,0,1,NULL,NULL,2023-11-17 14:05:06.000,2025-03-20 10:55:11.000
EB07F540-E9C3-499D-A432-38C962FC3A05,80007BC5-1744813699,Maritool,Maritool,NULL,NULL,NULL,NULL,NULL,Maritool,252 Beinoris Dr,NULL,NULL,Wood Dale,IL,60191,NULL,NULL,NULL,NULL,NULL,NULL,NULL,NULL,NULL,888-352-7773,NULL,NULL,NULL,NULL,NULL,NULL,NULL,Maritool,NULL,NULL,NULL,A5DDE231-3987-4FF7-A2B7-068A55D1B562,NULL,NULL,0,0.00,NULL,0,1,NULL,NULL,2025-04-16 07:28:19.000,2025-04-16 07:28:19.000
008CAF83-DBBA-4FD0-B8BB-38F42C8003EE,80002A00-1680647148,Culligan Ultrapure,Culligan Ultrapure,NULL,NULL,NULL,NULL,NULL,Culligan Ultrapure,2161 W. Acoma Boulevard,NULL,NULL,Lake Havasu City,AZ,86403-2986,NULL,NULL,NULL,NULL,NULL,NULL,NULL,NULL,NULL,NULL,NULL,NULL,NULL,NULL,NULL,NULL,NULL,Culligan,NULL,NULL,NULL,NULL,NULL,NULL,0,0.00,NULL,0,1,NULL,NULL,2023-04-04 15:25:48.000,2023-05-18 09:54:17.000
FC9AFF7D-6A9D-4F2F-8360-396DB8036E71,80002A26-1684360470,.Michael Rondeau,.Michael Rondeau,NULL,NULL,NULL,NULL,NULL,Michael Rondeau,3721 Midway Road,NULL,NULL,Plant City,FL,33565,NULL,NULL,NULL,NULL,NULL,NULL,NULL,NULL,NULL,817-991-5731,NULL,NULL,NULL,NULL,NULL,NULL,NULL,Michael Rondeau,NULL,NULL,NULL,NULL,NULL,NULL,0,0.00,NULL,0,1,NULL,NULL,2023-05-17 14:54:30.000,2023-05-17 14:58:15.000
3D1B92AD-0BED-4883-9AAE-3974410A88CF,800005F0-1677194277,Echols Saw and Supplies,Echols Saw and Supplies,NULL,NULL,NULL,NULL,NULL,Echols Saw and Supplies,4151 W. Whitton,NULL,NULL,Phoenix,AZ,85019,NULL,NULL,NULL,NULL,NULL,NULL,NULL,NULL,NULL,602-278-3918,NULL,NULL,NULL,NULL,NULL,NULL,NULL,Echols Saw and Supplies,NULL,NULL,NULL,A5DDE231-3987-4FF7-A2B7-068A55D1B562,NULL,NULL,0,0.00,NULL,0,1,NULL,NULL,2023-02-23 16:17:57.000,2024-11-27 08:07:09.000
A7AD82EA-2653-4EC6-B4E8-399DE7322916,80002A21-1683327661,.Greyson Reynolds,.Greyson Reynolds,NULL,NULL,NULL,NULL,NULL,Greyson Reynolds,1631 North Douglas Street,NULL,NULL,Appleton,WI,54914,NULL,NULL,NULL,NULL,NULL,NULL,NULL,NULL,NULL,920-808-0050,NULL,NULL,NULL,NULL,NULL,NULL,NULL,Greyson Reynolds,NULL,NULL,NULL,NULL,NULL,NULL,0,0.00,NULL,0,1,NULL,NULL,2023-05-05 16:01:01.000,2023-05-05 16:02:32.000
C76A40D1-9D2B-4F7E-BF0A-39A804EDFAB5,800001FE-1677184088,Merchant Name Location,Merchant Name Location,NULL,NULL,NULL,NULL,NULL,Merchant Name Location,NULL,NULL,NULL,NULL,NULL,NULL,NULL,NULL,NULL,NULL,NULL,NULL,NULL,NULL,NULL,NULL,NULL,NULL,NULL,NULL,NULL,NULL,NULL,NULL,NULL,NULL,NULL,NULL,NULL,NULL,0,0.00,NULL,0,1,NULL,NULL,2023-02-23 13:28:08.000,2023-02-23 13:28:08.000
7E8B7138-D9C5-45E6-B1EC-39FD8EF2CC82,80000301-1677184244,Tux & Tulips,Tux & Tulips,NULL,NULL,NULL,NULL,NULL,Tux & Tulips,NULL,NULL,NULL,NULL,NULL,NULL,NULL,NULL,NULL,NULL,NULL,NULL,NULL,NULL,NULL,NULL,NULL,NULL,NULL,NULL,NULL,NULL,NULL,NULL,NULL,NULL,NULL,NULL,NULL,NULL,0,0.00,NULL,0,1,NULL,NULL,2023-02-23 13:30:44.000,2023-02-23 13:30:44.000
5D4BDAFA-AD55-44EC-ADA0-3A0146331DA0,8000001B-1677182799,AA Performance Products,AA Performance Products,NULL,NULL,NULL,NULL,NULL,AA Products,1080 E Edna Place,NULL,NULL,Covina,CA,91724,NULL,NULL,NULL,NULL,NULL,NULL,NULL,NULL,NULL,626-333-5555 Jonathan,NULL,NULL,NULL,NULL,shop@aapistons.com,NULL,NULL,AA Performance Products,NULL,NULL,NULL,AFD6687D-2F92-4A46-A75E-2FA5398BB833,NULL,NULL,0,0.00,NULL,0,1,NULL,NULL,2023-02-23 13:06:39.000,2025-04-08 12:22:15.000
BCC6C3C9-A466-474F-9C4C-3A398E9A7766,8000413B-1710343648,Arizona Shipping Containers LLC,Arizona Shipping Containers LLC,NULL,NULL,NULL,NULL,NULL,Arizona Shipping Containers LLC,NULL,NULL,NULL,NULL,NULL,NULL,NULL,NULL,NULL,NULL,NULL,NULL,NULL,NULL,NULL,NULL,NULL,NULL,NULL,NULL,NULL,NULL,NULL,NULL,NULL,NULL,NULL,NULL,NULL,NULL,0,0.00,NULL,0,1,NULL,NULL,2024-03-13 08:27:28.000,2024-04-01 11:37:26.000
F7AFC18C-77EF-482C-98D3-3A4455E8A49C,80000218-1677184103,MSC Industrial Supply,MSC Industrial Supply,NULL,NULL,NULL,NULL,NULL,MSC Industrial Supply,PO Box 953635,NULL,NULL,St Louis,MO,63195-3635,NULL,NULL,NULL,NULL,NULL,NULL,NULL,NULL,NULL,(800) 645-7270,NULL,NULL,(630) 274-3941 Darrin,(800) 255-5067,orders@mscdirect.com,NULL,NULL,NULL,NULL,NULL,NULL,162BFAF4-5263-465D-8B19-90688B4184CF,NULL,NULL,0,7524.20,NULL,0,1,NULL,NULL,2023-02-23 13:28:23.000,2025-04-17 12:48:54.000
3A791B47-528F-4868-9946-3A4B95F56694,800005BB-1677194253,Beckman Business Services,Beckman Business Services,NULL,NULL,NULL,NULL,NULL,Beckman Business Services,885 Kiowa Ave,NULL,NULL,Lake Havasu City,AZ,86403,NULL,NULL,NULL,NULL,NULL,NULL,NULL,NULL,NULL,928-706-0870,NULL,NULL,NULL,NULL,NULL,NULL,NULL,Beckman Business Services,NULL,NULL,9D3F504A-E6A4-41FF-9817-08B5B500B2AB,3DD1DEF5-C7AA-41E7-964E-EFCE3AFB8E29,NULL,84-4267684,1,0.00,NULL,0,1,NULL,NULL,2023-02-23 16:17:33.000,2023-02-23 16:17:33.000
F058889C-5A69-45FB-A644-3A4F18D93169,800029FE-1680642465,.Randy Frederick,.Randy Frederick,NULL,NULL,NULL,NULL,NULL,Randy Frederick,461 Guerrant Street,NULL,NULL,Umatilla,FL,32784,NULL,NULL,NULL,NULL,NULL,NULL,NULL,NULL,NULL,NULL,NULL,NULL,NULL,NULL,NULL,NULL,NULL,Randy Frederick,NULL,NULL,NULL,NULL,NULL,NULL,0,0.00,NULL,0,0,NULL,NULL,2023-04-04 14:07:45.000,2023-04-04 14:09:23.000
B1186793-B4CF-42CE-9C07-3A7FC994B5E7,80006D57-1736349615,west Coast Differentials,west Coast Differentials,NULL,NULL,NULL,NULL,NULL,west Coast Differentials,NULL,NULL,NULL,NULL,NULL,NULL,NULL,NULL,NULL,NULL,NULL,NULL,NULL,NULL,NULL,NULL,NULL,NULL,NULL,NULL,NULL,NULL,NULL,NULL,NULL,NULL,NULL,NULL,NULL,NULL,0,0.00,NULL,0,1,NULL,NULL,2025-01-08 08:20:15.000,2025-01-29 08:09:19.000
16EA33C3-B401-44E7-86F3-3A875F7B17DB,80000018-1677182797,A C & E Marketing,A C & E Marketing,NULL,NULL,NULL,NULL,NULL,A C & E Marketing,NULL,NULL,NULL,NULL,NULL,NULL,NULL,NULL,NULL,NULL,NULL,NULL,NULL,NULL,NULL,928-855-1000,NULL,NULL,NULL,NULL,NULL,NULL,NULL,A C & E Marketing,NULL,NULL,NULL,NULL,NULL,NULL,0,0.00,NULL,0,0,NULL,NULL,2023-02-23 13:06:37.000,2023-02-23 13:23:44.000
554F134B-3C0A-47C3-AAF0-3A9C34541C3A,80005C9B-1725988182,auto Desk,auto Desk,NULL,NULL,NULL,NULL,NULL,auto Desk,NULL,NULL,NULL,NULL,NULL,NULL,NULL,NULL,NULL,NULL,NULL,NULL,NULL,NULL,NULL,NULL,NULL,NULL,NULL,NULL,NULL,NULL,NULL,NULL,NULL,NULL,NULL,NULL,NULL,NULL,0,0.00,NULL,0,1,NULL,NULL,2024-09-10 10:09:42.000,2024-09-10 10:10:12.000
41EB0E0F-1E39-4051-9248-3ADB4FAEF43C,80000291-1677184169,Rockford Constant,Rockford Constant,NULL,NULL,NULL,NULL,NULL,Rockford Constant,NULL,NULL,NULL,NULL,NULL,NULL,NULL,NULL,NULL,NULL,NULL,NULL,NULL,NULL,NULL,NULL,NULL,NULL,NULL,NULL,NULL,NULL,NULL,NULL,NULL,NULL,NULL,NULL,NULL,NULL,0,0.00,NULL,0,1,NULL,NULL,2023-02-23 13:29:29.000,2023-02-23 13:29:29.000
DF51AE27-49B9-4938-A249-3B34CD939548,8000022D-1677184115,One Stop Logistics,One Stop Logistics,NULL,NULL,NULL,NULL,NULL,One Stop Logistics,545 Ohlone Parkway,NULL,NULL,Watsonville,CA,95076,NULL,NULL,NULL,NULL,NULL,NULL,NULL,NULL,NULL,877-381-7867,NULL,NULL,NULL,928-854-7858,NULL,NULL,NULL,NULL,NULL,NULL,NULL,NULL,NULL,NULL,0,0.00,NULL,0,1,NULL,NULL,2023-02-23 13:28:35.000,2023-02-23 13:28:35.000
5D2E1BFB-BE64-4107-85A3-3B47294DA288,8000000B-1677182789,.Shawn Armour,.Shawn Armour,NULL,NULL,NULL,NULL,NULL,Shawn Armour,201 119th Dr. SE,NULL,NULL,Lake Stevens,WA,98258,NULL,NULL,NULL,NULL,NULL,NULL,NULL,NULL,NULL,206-267-8165,NULL,NULL,NULL,NULL,NULL,NULL,NULL,NULL,NULL,NULL,NULL,NULL,NULL,NULL,0,0.00,NULL,0,1,NULL,NULL,2023-02-23 13:06:29.000,2023-02-23 13:23:37.000
64CD8888-09FC-4F7A-BC6D-3B6C587F7539,80000316-1677184255,US Digital Media,US Digital Media,NULL,NULL,NULL,NULL,NULL,US Digitial Media,1929 W Lone Cactus Dr,NULL,NULL,Phoenix,AZ,85027,NULL,NULL,NULL,NULL,NULL,NULL,NULL,NULL,NULL,877-992-3766,NULL,NULL,NULL,NULL,NULL,NULL,NULL,US Digitial Media,NULL,NULL,NULL,AFD6687D-2F92-4A46-A75E-2FA5398BB833,NULL,NULL,0,0.00,NULL,0,1,NULL,NULL,2023-02-23 13:30:55.000,2023-02-23 13:30:55.000
B163CC72-759D-4C7F-B33B-3B6C79C000D7,800029F6-1680270787,Doug Thorley,Doug Thorley,NULL,NULL,NULL,NULL,NULL,Doug Thorley,1280 Graphite Drive,NULL,NULL,Corona,CA,92881,NULL,Doug Thorley,1280 Graphite Drive,NULL,NULL,Corona,CA,92881,NULL,951-739-5900 ext 800,NULL,NULL,951-273-3602 direct,951-273-3616,sales@dougthorleyheaders.com,NULL,NULL,Doug Thorley,NULL,NULL,NULL,A5DDE231-3987-4FF7-A2B7-068A55D1B562,NULL,NULL,0,0.00,NULL,0,1,NULL,NULL,2023-03-31 06:53:07.000,2023-03-31 06:53:07.000
AA809F09-0679-4EB1-AF08-3B71901027C8,80000032-1677182811,AFE,AFE,NULL,NULL,NULL,NULL,NULL,AFE,252 Granite Street,NULL,NULL,Corona,CA,92879,NULL,NULL,NULL,NULL,NULL,NULL,NULL,NULL,NULL,(951) 493-7100,NULL,NULL,NULL,NULL,NULL,NULL,NULL,NULL,NULL,NULL,NULL,NULL,NULL,NULL,0,0.00,NULL,0,1,NULL,NULL,2023-02-23 13:06:51.000,2023-02-23 13:23:57.000
B387ECBF-BC3D-4409-9618-3BBA82C5D86E,80000655-1677194324,NW_Team Yota,NW_Team Yota,NULL,NULL,NULL,NULL,NULL,NW_Team Yota,5813 NE Landerholm RD,NULL,NULL,La Center,WA,98629,NULL,NULL,NULL,NULL,NULL,NULL,NULL,NULL,NULL,(360)  747-7402,NULL,NULL,NULL,NULL,adin@yotashop.com,NULL,NULL,NW_Team Yota,NULL,NULL,NULL,A5DDE231-3987-4FF7-A2B7-068A55D1B562,NULL,NULL,0,0.00,NULL,0,1,NULL,NULL,2023-02-23 16:18:44.000,2023-02-23 16:18:44.000
2BE140FD-AFFF-45E5-B9F1-3BFBD6E21BE5,80000595-1677194236,Accurate Manufactured Products Group,Accurate Manufactured Products Group,NULL,NULL,NULL,NULL,NULL,Accurate Manufactured Products Group,8090 Woodland Drive,NULL,NULL,Indianapolis,IN,46278,NULL,NULL,NULL,NULL,NULL,NULL,NULL,NULL,NULL,317-472-9000,NULL,NULL,NULL,317-472-9010,nelson@ampg.com,NULL,NULL,Accurate Manufactured Products Group,NULL,NULL,NULL,A5DDE231-3987-4FF7-A2B7-068A55D1B562,NULL,NULL,0,0.00,NULL,0,1,NULL,NULL,2023-02-23 16:17:16.000,2025-04-15 11:15:25.000
6D1796FA-6FC8-401D-8112-3CCBC319BAAA,800001F5-1677184083,Max Warehouse,Max Warehouse,NULL,NULL,NULL,NULL,NULL,Max Warehouse,521 Display Way,NULL,NULL,Sacramento,CA,95838,NULL,NULL,NULL,NULL,NULL,NULL,NULL,NULL,NULL,800-210-0132,NULL,NULL,NULL,NULL,info@maxwarehouse.com,NULL,NULL,Max Warehouse,NULL,NULL,NULL,NULL,NULL,NULL,0,0.00,NULL,0,1,NULL,NULL,2023-02-23 13:28:03.000,2023-02-23 13:28:03.000
33C0AD8D-D07E-44D9-85F5-3CCBF379C7B8,80000286-1677184161,Red / Rita Nowak Core 1,Red / Rita Nowak Core 1,NULL,Red / Rita,NULL,Nowak,NULL,Realistic Auto & Glass,8201 Simons Dr,NULL,NULL,Norfolk,VA,23505,NULL,NULL,NULL,NULL,NULL,NULL,NULL,NULL,NULL,757-675-3699 Red,NULL,NULL,NULL,NULL,Katrit@verizon.net,NULL,NULL,NULL,NULL,NULL,NULL,AFD6687D-2F92-4A46-A75E-2FA5398BB833,NULL,NULL,0,0.00,NULL,0,1,NULL,NULL,2023-02-23 13:29:21.000,2023-02-23 13:29:21.000
212A270C-7CBE-461C-920D-3CF7575BE652,800029D1-1678831490,.Blake Carter,.Blake Carter,NULL,NULL,NULL,NULL,NULL,Blake Carter,6151 Dewey Carr Road,NULL,NULL,Bethpage,TN,37022,NULL,NULL,NULL,NULL,NULL,NULL,NULL,NULL,NULL,NULL,NULL,NULL,NULL,NULL,NULL,NULL,NULL,Blake Carter,NULL,NULL,NULL,NULL,NULL,NULL,0,0.00,NULL,0,1,NULL,NULL,2023-03-14 15:04:50.000,2023-03-14 15:27:39.000
B3992CB0-1058-4049-9FEF-3D1091A8B700,80000058-1677182835,Apache Gear,Apache Gear,NULL,NULL,NULL,NULL,NULL,Apache Gear,"5220 West Luke, Suite #6",NULL,NULL,Glendale,AZ,85301,NULL,NULL,NULL,NULL,NULL,NULL,NULL,NULL,NULL,(623) 934-7144,NULL,NULL,NULL,623-930-8356,NULL,NULL,NULL,NULL,NULL,NULL,NULL,NULL,NULL,NULL,0,0.00,NULL,0,1,NULL,NULL,2023-02-23 13:07:15.000,2023-02-23 13:24:18.000
B8FD43A8-C0A9-4E59-885C-3DE5CA16A3AD,80000279-1677184153,R/D Spring Corp.,R/D Spring Corp.,NULL,NULL,NULL,NULL,NULL,R/D Spring Corp.,17710 Bangor Avenue,NULL,NULL,Hesperia,CA,92345,NULL,NULL,NULL,NULL,NULL,NULL,NULL,NULL,NULL,(760) 948-4698,NULL,NULL,NULL,760-948-4856,NULL,NULL,NULL,NULL,NULL,NULL,NULL,NULL,NULL,NULL,0,0.00,NULL,0,1,NULL,NULL,2023-02-23 13:29:13.000,2023-02-23 13:29:13.000
FD1A8CB3-637D-460D-B85B-3DEBC01DC7DE,8000002E-1677182809,Advanced Sleeve,Advanced Sleeve,NULL,NULL,NULL,NULL,NULL,Advanced Sleeve,6850 Patterson Drive,NULL,NULL,Mentor,OH,44060,NULL,NULL,NULL,NULL,NULL,NULL,NULL,NULL,NULL,440-205-1055,NULL,NULL,NULL,440-205-1056,NULL,NULL,NULL,NULL,NULL,NULL,NULL,NULL,NULL,NULL,0,0.00,NULL,0,1,NULL,NULL,2023-02-23 13:06:49.000,2023-02-23 13:23:55.000
09DB21C5-D821-4335-B51E-3DFB20F3974E,8000012B-1677182963,Embee Coating,Embee Coating,NULL,NULL,NULL,NULL,NULL,Embee Coating,2100 South Richey Street,NULL,NULL,Santa Ana,CA,92705,NULL,NULL,NULL,NULL,NULL,NULL,NULL,NULL,NULL,(714) 546-6907,NULL,NULL,NULL,(714) 546-6979,www.embeeperformancecoatings.com,NULL,NULL,NULL,NULL,NULL,NULL,NULL,NULL,NULL,0,0.00,NULL,0,1,NULL,NULL,2023-02-23 13:09:23.000,2023-02-23 13:26:12.000
1C112009-9052-4F2E-BD3D-3E3866EC3BA7,80000150-1677182988,FK Bearings,FK Bearings,NULL,NULL,NULL,NULL,NULL,FK Bearings,11 DePaola Drive,NULL,NULL,Southington,CT,6489,NULL,NULL,NULL,NULL,NULL,NULL,NULL,NULL,NULL,(800) 662-4003,NULL,NULL,NULL,860-276-0463,NULL,NULL,NULL,NULL,NULL,NULL,NULL,NULL,NULL,NULL,0,0.00,NULL,0,1,NULL,NULL,2023-02-23 13:09:48.000,2023-02-23 13:26:30.000
86E4642A-9A75-4D4B-8351-3EDF8639F408,80007120-1738766138,Michael Minniear,Michael Minniear,NULL,NULL,NULL,NULL,NULL,Michael Minniear,NULL,NULL,NULL,NULL,NULL,NULL,NULL,NULL,NULL,NULL,NULL,NULL,NULL,NULL,NULL,NULL,NULL,NULL,NULL,NULL,NULL,NULL,NULL,NULL,NULL,NULL,NULL,AFD6687D-2F92-4A46-A75E-2FA5398BB833,NULL,NULL,0,0.00,NULL,0,1,NULL,NULL,2025-02-05 07:35:38.000,2025-02-05 07:45:28.000
9D49F473-D394-4B63-B2CB-3EF72ACF9AC6,80002A39-1687531346,Stengel Bros Inc,Stengel Bros Inc,NULL,NULL,NULL,NULL,NULL,Stengel Bros Inc,1105 Sumner Ave,NULL,NULL,Whitehall,PA,18052,NULL,Stengel Bros Inc,1105 Sumner Ave,NULL,NULL,Whitehall,PA,18052,NULL,610-433-3149,NULL,NULL,NULL,NULL,sales@stengelbros.com,NULL,NULL,Stengel Bros Inc,NULL,NULL,NULL,A5DDE231-3987-4FF7-A2B7-068A55D1B562,NULL,NULL,0,0.00,NULL,0,1,NULL,NULL,2023-06-23 07:42:26.000,2024-02-13 09:23:18.000
9F021E6F-6B02-4D19-9B9A-3F5B745167BB,80006D5D-1736361050,AM Gunsmith,AM Gunsmith,NULL,NULL,NULL,NULL,NULL,AM Gunsmith,NULL,NULL,NULL,NULL,NULL,NULL,NULL,NULL,NULL,NULL,NULL,NULL,NULL,NULL,NULL,NULL,NULL,NULL,NULL,NULL,NULL,NULL,NULL,NULL,NULL,NULL,NULL,A5DDE231-3987-4FF7-A2B7-068A55D1B562,NULL,NULL,0,0.00,NULL,0,1,NULL,NULL,2025-01-08 11:30:50.000,2025-01-08 11:31:18.000
B0B2C350-2937-4228-A294-3F86B9E79906,80007271-1739487560,Cool River Party Rentals,Cool River Party Rentals,NULL,NULL,NULL,NULL,NULL,Cool River Party Rentals,41 Oceanic Ln,NULL,NULL,Lake Havasu City,AZ,86403,NULL,NULL,NULL,NULL,NULL,NULL,NULL,NULL,NULL,NULL,NULL,NULL,NULL,NULL,NULL,NULL,NULL,NULL,NULL,NULL,NULL,NULL,NULL,NULL,0,0.00,NULL,0,1,NULL,NULL,2025-02-13 15:59:20.000,2025-02-13 16:01:14.000
82C887BC-0A93-4CE7-B490-3FCEBC637CEF,80000145-1677182980,Fed-Ex,Fed-Ex,NULL,NULL,NULL,NULL,NULL,Fed-Ex,PO Box 840,NULL,NULL,Harrison,AR,72602,NULL,NULL,NULL,NULL,NULL,NULL,NULL,NULL,NULL,(866)-684-6023,NULL,NULL,NULL,(928) 757-5864,Acct. No. 89634331,NULL,NULL,NULL,NULL,NULL,NULL,AFD6687D-2F92-4A46-A75E-2FA5398BB833,NULL,NULL,0,427.68,NULL,0,1,NULL,NULL,2023-02-23 13:09:40.000,2025-04-08 09:58:31.000
028CA798-DDDB-4E77-8911-3FE854264A7D,80000084-1677182862,Bennett Motor Express,Bennett Motor Express,NULL,NULL,NULL,NULL,NULL,Bennett Motor Express,NULL,NULL,NULL,NULL,NULL,NULL,NULL,NULL,NULL,NULL,NULL,NULL,NULL,NULL,NULL,NULL,NULL,NULL,NULL,NULL,NULL,NULL,NULL,NULL,NULL,NULL,NULL,NULL,NULL,NULL,0,0.00,NULL,0,1,NULL,NULL,2023-02-23 13:07:42.000,2023-02-23 13:24:43.000
A0BD886D-D578-43E5-877B-4050F7595098,8000020A-1677184095,Mike Duby,Mike Duby,NULL,NULL,NULL,NULL,NULL,Mike Duby,25775 Ave Pedregal,NULL,NULL,San Juan Capistrano,CA,92675,NULL,NULL,NULL,NULL,NULL,NULL,NULL,NULL,NULL,NULL,NULL,NULL,NULL,NULL,NULL,NULL,NULL,NULL,NULL,NULL,NULL,AFD6687D-2F92-4A46-A75E-2FA5398BB833,NULL,NULL,0,0.00,NULL,0,1,NULL,NULL,2023-02-23 13:28:15.000,2023-02-23 13:28:15.000
B19103AE-FF59-4913-9B19-40A8336317EA,80007B8D-1744650586,race Tools Direct,race Tools Direct,NULL,NULL,NULL,NULL,NULL,race Tools Direct,NULL,NULL,NULL,NULL,NULL,NULL,NULL,NULL,NULL,NULL,NULL,NULL,NULL,NULL,NULL,NULL,NULL,NULL,NULL,NULL,NULL,NULL,NULL,NULL,NULL,NULL,NULL,A5DDE231-3987-4FF7-A2B7-068A55D1B562,NULL,NULL,0,0.00,NULL,0,1,NULL,NULL,2025-04-14 10:09:46.000,2025-04-14 10:10:26.000
1E6CBC0A-41B0-4403-9F9B-40A888D24A75,800002E4-1677184227,The O-Ring Store LLC,The O-Ring Store LLC,NULL,NULL,NULL,NULL,NULL,The O-Ring Store LLC,1005 Warner Ave. Suite A,NULL,NULL,Lewiston,ID,83501,NULL,NULL,NULL,NULL,NULL,NULL,NULL,NULL,NULL,208-413-6377,NULL,NULL,NULL,208-413-6719,NULL,NULL,NULL,The O-Ring Store LLC,NULL,NULL,NULL,NULL,NULL,NULL,0,0.00,NULL,0,1,NULL,NULL,2023-02-23 13:30:27.000,2023-02-23 13:30:27.000
639B18BA-EE8F-492E-8CA4-416E9B53AC2D,8000063C-1677194311,Lowe's Home Centers,Lowe's Home Centers,NULL,NULL,NULL,NULL,NULL,Lowe's Home Centers,NULL,NULL,NULL,NULL,NULL,NULL,NULL,NULL,NULL,NULL,NULL,NULL,NULL,NULL,NULL,NULL,NULL,NULL,NULL,NULL,NULL,NULL,NULL,NULL,NULL,NULL,NULL,A5DDE231-3987-4FF7-A2B7-068A55D1B562,NULL,NULL,0,0.00,NULL,0,1,NULL,NULL,2023-02-23 16:18:31.000,2025-02-14 14:18:00.000
BFD70C23-C41F-4E91-B1AF-417371D2403C,8000021B-1677184104,National Gym Association,National Gym Association,NULL,Andy,NULL,Bostino,NULL,National Gym Association,Andy Bostino,P.O. Box 970579,NULL,Coconut Creek,FL,33097,NULL,NULL,NULL,NULL,NULL,NULL,NULL,NULL,NULL,954-344-8410,NULL,NULL,NULL,NULL,nga@nationalgym.com,NULL,NULL,National Gym Association,NULL,NULL,NULL,AFD6687D-2F92-4A46-A75E-2FA5398BB833,NULL,NULL,0,0.00,NULL,0,1,NULL,NULL,2023-02-23 13:28:24.000,2023-02-23 13:28:24.000
91452546-7731-4EE6-B54E-417A81F052FB,800002A8-1677184189,Shishcabob's BBQ's & More,Shishcabob's BBQ's & More,NULL,NULL,NULL,NULL,NULL,Shishcabob's BBQ's & More,NULL,NULL,NULL,NULL,NULL,NULL,NULL,NULL,NULL,NULL,NULL,NULL,NULL,NULL,NULL,NULL,NULL,NULL,NULL,NULL,NULL,NULL,NULL,NULL,NULL,NULL,NULL,NULL,NULL,NULL,0,0.00,NULL,0,1,NULL,NULL,2023-02-23 13:29:49.000,2023-02-23 13:29:49.000
AA931FAE-FCC6-4A19-A096-41886A709CF4,80002A44-1689722884,Mike Minniear,Mike Minniear,NULL,NULL,NULL,NULL,NULL,Mike Minniear,NULL,NULL,NULL,NULL,NULL,NULL,NULL,NULL,NULL,NULL,NULL,NULL,NULL,NULL,NULL,928-575-7227,NULL,NULL,NULL,NULL,NULL,NULL,NULL,Mike Minniear,NULL,NULL,NULL,AFD6687D-2F92-4A46-A75E-2FA5398BB833,NULL,NULL,0,0.00,NULL,0,1,NULL,NULL,2023-07-18 16:28:04.000,2025-02-18 11:04:52.000
E46015FF-62C2-4D48-AC60-419118602E73,80005602-1721841854,havasu Heat,havasu Heat,NULL,NULL,NULL,NULL,NULL,havasu Heat,NULL,NULL,NULL,NULL,NULL,NULL,NULL,NULL,NULL,NULL,NULL,NULL,NULL,NULL,NULL,NULL,NULL,NULL,NULL,NULL,NULL,NULL,NULL,NULL,NULL,NULL,NULL,A5DDE231-3987-4FF7-A2B7-068A55D1B562,NULL,NULL,0,0.00,NULL,0,1,NULL,NULL,2024-07-24 10:24:14.000,2024-07-24 10:24:58.000
062BA116-4B2C-4214-A5D9-41E303C96101,80000260-1677184140,Pickren Consulting,Pickren Consulting,NULL,Cody,NULL,Pickring,NULL,Cody Pickren,22243 Napier Rd,NULL,NULL,Northville,MI,48167,NULL,NULL,NULL,NULL,NULL,NULL,NULL,NULL,NULL,248-217-7117,NULL,NULL,NULL,NULL,cpickren@gmail.com,NULL,NULL,NULL,NULL,NULL,NULL,AFD6687D-2F92-4A46-A75E-2FA5398BB833,NULL,NULL,0,0.00,NULL,0,1,NULL,NULL,2023-02-23 13:29:00.000,2023-02-23 13:29:00.000
C86FE852-F7A2-4A0D-AEDA-41FADC1F59C0,800002D2-1677184217,Sullivan Bros Toyota,Sullivan Bros Toyota,NULL,NULL,NULL,NULL,NULL,Sullivan Bros Toyota,5 Cranberry Rd,NULL,NULL,Kingston,MA,02364,NULL,NULL,NULL,NULL,NULL,NULL,NULL,NULL,NULL,781-585-1300,NULL,NULL,NULL,NULL,NULL,NULL,NULL,Sullivan Bros Toyota,NULL,NULL,NULL,NULL,NULL,NULL,0,0.00,NULL,0,1,NULL,NULL,2023-02-23 13:30:17.000,2023-02-23 13:30:17.000
761CD2F8-BF99-4A7B-9F18-423E9568A12C,80002A02-1680795714,Live Oak Bank,Live Oak Bank,NULL,NULL,NULL,NULL,NULL,Live Oak Bank,NULL,NULL,NULL,NULL,NULL,NULL,NULL,NULL,NULL,NULL,NULL,NULL,NULL,NULL,NULL,NULL,NULL,NULL,NULL,NULL,NULL,NULL,NULL,NULL,NULL,NULL,NULL,AFD6687D-2F92-4A46-A75E-2FA5398BB833,NULL,NULL,0,0.00,NULL,0,1,NULL,NULL,2023-04-06 08:41:54.000,2025-04-09 13:20:38.000
5EAE34BF-25C4-4272-82B9-424100EDDD22,80000672-1677194337,rick stolte,rick stolte,NULL,NULL,NULL,NULL,NULL,rick stolte,NULL,NULL,NULL,NULL,NULL,NULL,NULL,NULL,NULL,NULL,NULL,NULL,NULL,NULL,NULL,NULL,NULL,NULL,NULL,NULL,NULL,NULL,NULL,NULL,NULL,NULL,NULL,F9951A1C-DEA6-43D9-8D46-A9C4985EF3B2,NULL,NULL,0,0.00,NULL,0,1,NULL,NULL,2023-02-23 16:18:57.000,2023-02-23 16:18:57.000
DEB8681E-0D74-4B35-9359-425FBA08EB95,8000027B-1677184155,Race Winning Brands,Race Winning Brands,NULL,NULL,NULL,NULL,NULL,Race Winning Brands,NULL,NULL,NULL,NULL,NULL,NULL,NULL,NULL,NULL,NULL,NULL,NULL,NULL,NULL,NULL,NULL,NULL,NULL,NULL,NULL,NULL,NULL,NULL,NULL,NULL,NULL,NULL,NULL,NULL,NULL,0,0.00,NULL,0,1,NULL,NULL,2023-02-23 13:29:15.000,2023-02-23 13:29:15.000
79FBDA4F-3D97-494C-9C88-42638CF31C34,80000329-1677184264,Victor Bruner Core 1,Victor Bruner Core 1,NULL,Victor,NULL,Bruner,NULL,Victor Bruner,6580 Old State Rt 21,NULL,NULL,Barnhart,MO,63012,NULL,NULL,NULL,NULL,NULL,NULL,NULL,NULL,NULL,314-706-6696,NULL,NULL,NULL,NULL,vorllc@sbcglobal.net,NULL,NULL,NULL,NULL,NULL,NULL,NULL,NULL,NULL,0,0.00,NULL,0,1,NULL,NULL,2023-02-23 13:31:04.000,2023-02-23 13:31:04.000
82207342-E605-461C-9F54-42892DE56BF0,80000003-1677182785,.Charles Cruz,.Charles Cruz,NULL,NULL,NULL,NULL,NULL,Charles Cruz,182 Piedmont Alps St.,NULL,NULL,Henderson,NV,89012,NULL,NULL,NULL,NULL,NULL,NULL,NULL,NULL,NULL,702-767-8313,NULL,NULL,NULL,NULL,NULL,NULL,NULL,NULL,NULL,NULL,NULL,NULL,NULL,NULL,0,0.00,NULL,0,1,NULL,NULL,2023-02-23 13:06:25.000,2023-02-23 13:23:34.000
79A0357E-1069-4CE4-9B0F-431264AFE93C,80000239-1677184120,Polyhose,Polyhose,NULL,NULL,NULL,NULL,NULL,Polyhose,3553 Acme Way,NULL,NULL,Wilmington,NC,28401,NULL,NULL,NULL,NULL,NULL,NULL,NULL,NULL,NULL,(800) 270-0333,NULL,NULL,NULL,877-471-0274,phus.sales@polyhose.com,NULL,NULL,Polyhose Incorporated,NULL,NULL,NULL,162BFAF4-5263-465D-8B19-90688B4184CF,NULL,NULL,0,-1826.28,NULL,0,1,NULL,NULL,2023-02-23 13:28:40.000,2025-04-17 12:49:38.000
B171057F-57EA-4F23-A955-43B2FD59F74A,8000018B-1677183028,HD SUPPLY PLUMBER,HD SUPPLY PLUMBER,NULL,NULL,NULL,NULL,NULL,HD SUPPLY PLUMBER,P.O. Box 79586,NULL,NULL,City of Industry,CA,91716-9586,NULL,NULL,NULL,NULL,NULL,NULL,NULL,NULL,NULL,(928) 855-5055,NULL,NULL,NULL,9258-855-5057,NULL,NULL,NULL,NULL,NULL,NULL,NULL,NULL,NULL,NULL,0,0.00,NULL,0,1,NULL,NULL,2023-02-23 13:10:28.000,2023-02-23 13:27:01.000
0835330C-229E-4861-8F41-43D40D05E161,800000BA-1677182896,CBR Performance Products,CBR Performance Products,NULL,NULL,NULL,NULL,NULL,CBR Performance Products,31887 Corydon Road,NULL,NULL,Lake Elsinore,CA,92530,NULL,NULL,NULL,NULL,NULL,NULL,NULL,NULL,NULL,951-245-2900,NULL,NULL,NULL,951-245-2229,www.PWR-Performance.com,NULL,NULL,NULL,NULL,NULL,NULL,NULL,NULL,NULL,0,0.00,NULL,0,1,NULL,NULL,2023-02-23 13:08:16.000,2023-02-23 13:25:13.000
1E35C5B2-34E6-4866-8439-4488421DEA67,80000132-1677182967,Engine Trend - Riverside Core1,Engine Trend - Riverside Core1,NULL,NULL,NULL,NULL,NULL,Engine Trend - Riverside Core1,3082 Franklin Avenue,NULL,NULL,Riverside,CA,92507,NULL,NULL,NULL,NULL,NULL,NULL,NULL,NULL,NULL,(951) 684-4369,NULL,NULL,NULL,NULL,NULL,NULL,NULL,NULL,NULL,NULL,NULL,NULL,NULL,NULL,0,0.00,NULL,0,1,NULL,NULL,2023-02-23 13:09:27.000,2023-02-23 13:26:15.000
14E0C5E8-8B4E-48C0-A997-44AF3A3AC18B,80000217-1677184103,MS Wholesale Plumbing,MS Wholesale Plumbing,NULL,NULL,NULL,NULL,NULL,NULL,NULL,NULL,NULL,NULL,MS,NULL,NULL,NULL,NULL,NULL,NULL,NULL,NULL,NULL,NULL,NULL,NULL,NULL,NULL,NULL,NULL,NULL,NULL,NULL,NULL,NULL,NULL,NULL,NULL,NULL,0,0.00,NULL,0,1,NULL,NULL,2023-02-23 13:28:23.000,2023-02-23 13:28:23.000
706696BB-5524-4421-A090-45C06331CBA7,80000014-1677182794,"5150 Whips, Inc.","5150 Whips, Inc.",NULL,NULL,NULL,NULL,NULL,"5150 Whips, Inc.",PO Box 402512,NULL,NULL,Hesperia,CA,92340,NULL,NULL,NULL,NULL,NULL,NULL,NULL,NULL,NULL,800-674-9920,NULL,NULL,NULL,NULL,jsolum@5150whips.com,NULL,NULL,"5150 Whips, Inc.",NULL,NULL,NULL,NULL,NULL,NULL,0,0.00,NULL,0,1,NULL,NULL,2023-02-23 13:06:34.000,2023-02-23 13:23:41.000
579D3C15-85C2-4B51-B3BE-464270DA6D0F,80000238-1677184120,Paradise Bay Solutions Inc,Paradise Bay Solutions Inc,NULL,NULL,NULL,NULL,NULL,Paradise Bay Solutions Inc,NULL,NULL,NULL,NULL,NULL,NULL,NULL,NULL,NULL,NULL,NULL,NULL,NULL,NULL,NULL,NULL,NULL,NULL,NULL,NULL,NULL,NULL,NULL,NULL,NULL,NULL,NULL,NULL,NULL,NULL,0,0.00,NULL,0,1,NULL,NULL,2023-02-23 13:28:40.000,2023-02-23 13:28:40.000
25E160A9-5788-408D-B2C4-46575D5410EF,80000692-1677194351,STG LOGISTICS - LAX,STG LOGISTICS - LAX,NULL,NULL,NULL,NULL,NULL,STG LOGISTICS - LAX,1650 S CENTRAL AVE,NULL,NULL,COMPTON,CA,90220,NULL,NULL,NULL,NULL,NULL,NULL,NULL,NULL,NULL,310-764-4395,NULL,NULL,NULL,310-764-4315,NULL,NULL,NULL,NULL,NULL,NULL,NULL,A5DDE231-3987-4FF7-A2B7-068A55D1B562,NULL,NULL,0,0.00,NULL,0,1,NULL,NULL,2023-02-23 16:19:11.000,2023-02-23 16:19:11.000
27C3C64B-EC7A-49C8-A3CB-472B6E592EF8,80000007-1677182787,.Jessi Permenter,.Jessi Permenter,NULL,NULL,NULL,NULL,NULL,Jessi Permenter,12515 Francis Drive,NULL,NULL,Grass Valley,CA,95949,NULL,NULL,NULL,NULL,NULL,NULL,NULL,NULL,NULL,NULL,NULL,NULL,NULL,NULL,NULL,NULL,NULL,Jessi Permenter,NULL,NULL,NULL,NULL,NULL,NULL,0,0.00,NULL,0,1,NULL,NULL,2023-02-23 13:06:27.000,2023-02-23 13:23:35.000
8371180F-10BE-4D36-BE9E-4773FCBD1246,80006EB0-1737147652,Matthew Goade,Matthew Goade,NULL,NULL,NULL,NULL,NULL,Matthew Goade,NULL,NULL,NULL,NULL,NULL,NULL,NULL,NULL,NULL,NULL,NULL,NULL,NULL,NULL,NULL,NULL,NULL,NULL,NULL,NULL,NULL,NULL,NULL,NULL,NULL,NULL,NULL,NULL,NULL,NULL,0,0.00,NULL,0,1,NULL,NULL,2025-01-17 14:00:52.000,2025-01-17 14:01:39.000
7447FDCE-9E51-4803-BAF1-478029275ADB,80002A64-1698946069,Mammoth4runner Media,Mammoth4runner Media,NULL,NULL,NULL,NULL,NULL,Mammoth4runner Media,25241 Mainsail Dr,NULL,NULL,Dana Point,CA,92629,NULL,NULL,NULL,NULL,NULL,NULL,NULL,NULL,NULL,NULL,NULL,NULL,NULL,NULL,NULL,NULL,NULL,NULL,NULL,NULL,NULL,AFD6687D-2F92-4A46-A75E-2FA5398BB833,NULL,NULL,0,0.00,NULL,0,1,NULL,NULL,2023-11-02 10:27:49.000,2025-04-08 11:25:02.000
98BDA3F6-A271-4BD0-B1FA-47E3FD8AED14,80000686-1677194346,SMS Satellite Management Services,SMS Satellite Management Services,NULL,NULL,NULL,NULL,NULL,SMS Satellite Management Services,"4529 East Broadway Road, #100",NULL,NULL,Phoenix,AZ,85040,NULL,NULL,NULL,NULL,NULL,NULL,NULL,NULL,NULL,602-386-4420   Chad,NULL,NULL,NULL,602-386-4439,NULL,NULL,NULL,SMS Satellite Management Services,NULL,NULL,NULL,A5DDE231-3987-4FF7-A2B7-068A55D1B562,NULL,NULL,0,0.00,NULL,0,1,NULL,NULL,2023-02-23 16:19:06.000,2023-02-23 16:19:06.000
1A87261C-E715-4FE6-A18A-47E591344DEC,800001F9-1677184085,McLeod Industries Inc.,McLeod Industries Inc.,NULL,NULL,NULL,NULL,NULL,McLeod Industries Inc.,1600 Sierra Madre Circle,NULL,NULL,Placentia,CA,92870,NULL,NULL,NULL,NULL,NULL,NULL,NULL,NULL,NULL,(714) 630-2764,NULL,NULL,NULL,NULL,NULL,NULL,NULL,NULL,NULL,NULL,NULL,NULL,NULL,NULL,0,0.00,NULL,0,1,NULL,NULL,2023-02-23 13:28:05.000,2023-02-23 13:28:05.000
E28E92B0-197B-49D4-92F5-4853D4ED2A2D,80006750-1732641740,CM Topline,CM Topline,NULL,NULL,NULL,NULL,NULL,CM Topline,NULL,NULL,NULL,NULL,NULL,NULL,NULL,NULL,NULL,NULL,NULL,NULL,NULL,NULL,NULL,NULL,NULL,NULL,NULL,NULL,NULL,NULL,NULL,NULL,NULL,NULL,NULL,A5DDE231-3987-4FF7-A2B7-068A55D1B562,NULL,NULL,0,0.00,NULL,0,1,NULL,NULL,2024-11-26 10:22:20.000,2025-03-11 09:42:50.000
D5EFD6F9-E5AB-4358-9B5A-488AFEFB3436,80003A3B-1707243350,All Toyotafest,All Toyotafest,NULL,NULL,NULL,NULL,NULL,All Toyotafest,PO Box 444,NULL,NULL,La Mirada,CA,90638,NULL,NULL,NULL,NULL,NULL,NULL,NULL,NULL,NULL,NULL,NULL,NULL,NULL,NULL,NULL,NULL,NULL,NULL,NULL,NULL,NULL,AFD6687D-2F92-4A46-A75E-2FA5398BB833,NULL,NULL,0,0.00,NULL,0,1,NULL,NULL,2024-02-06 11:15:50.000,2024-02-06 15:56:20.000
B0A17EDB-F4A0-4603-B7E6-48AD031E45A0,80000348-1677184279,Zip C-Store,Zip C-Store,NULL,NULL,NULL,NULL,NULL,Zip C-Store,NULL,NULL,NULL,NULL,NULL,NULL,NULL,NULL,NULL,NULL,NULL,NULL,NULL,NULL,NULL,NULL,NULL,NULL,NULL,NULL,NULL,NULL,NULL,NULL,NULL,NULL,NULL,NULL,NULL,NULL,0,0.00,NULL,0,1,NULL,NULL,2023-02-23 13:31:19.000,2023-02-23 13:31:19.000
1E575A80-32DC-497E-B187-48EA31BD9A2A,80000040-1677182821,Allan Philips Racing,Allan Philips Racing,NULL,NULL,NULL,NULL,NULL,Allan Philips Racing,29221 FM 3009,NULL,NULL,New Braunfels,TX,78132,NULL,NULL,NULL,NULL,NULL,NULL,NULL,NULL,NULL,866-750-8696  #1,NULL,NULL,NULL,NULL,NULL,NULL,NULL,NULL,NULL,NULL,NULL,NULL,NULL,NULL,0,0.00,NULL,0,1,NULL,NULL,2023-02-23 13:07:01.000,2023-02-23 13:24:05.000
C61491E7-DB20-4B8B-8E7D-4970241B7A53,80000697-1677194353,TDH Racing Products,TDH Racing Products,NULL,NULL,NULL,NULL,NULL,TDH Racing Products,49440 Ehrenberg Rd Unit 13,NULL,NULL,Ehrenberg,AZ,85334,NULL,NULL,NULL,NULL,NULL,NULL,NULL,NULL,NULL,949-510-8941,NULL,NULL,NULL,928-302-1485,tdhracingproducts@yahoo.com,NULL,NULL,NULL,NULL,NULL,NULL,A5DDE231-3987-4FF7-A2B7-068A55D1B562,NULL,NULL,0,0.00,NULL,0,1,NULL,NULL,2023-02-23 16:19:13.000,2025-03-31 07:49:25.000
312B4045-3F37-491D-8814-498FB506C5C9,8000438F-1711474237,Ahrefs Lite,Ahrefs Lite,NULL,NULL,NULL,NULL,NULL,Ahrefs Lite,NULL,NULL,NULL,NULL,NULL,NULL,NULL,NULL,NULL,NULL,NULL,NULL,NULL,NULL,NULL,NULL,NULL,NULL,NULL,NULL,NULL,NULL,NULL,NULL,NULL,NULL,NULL,A5DDE231-3987-4FF7-A2B7-068A55D1B562,NULL,NULL,0,0.00,NULL,0,1,NULL,NULL,2024-03-26 10:30:37.000,2025-04-09 09:31:28.000
55099BE0-405B-4DC7-B54C-4999410248FE,8000022C-1677184115,One Day Automotive Service & Performance,One Day Automotive Service & Performance,NULL,NULL,NULL,NULL,NULL,One Day Automotive Service & Performance,"2010 Holly Avenue, Ste 102 & 104",NULL,NULL,Lake Havasu City,AZ,86403,NULL,NULL,NULL,NULL,NULL,NULL,NULL,NULL,NULL,928-855-0600,NULL,NULL,NULL,928-855-7272,NULL,NULL,NULL,NULL,NULL,NULL,NULL,NULL,NULL,NULL,0,0.00,NULL,0,1,NULL,NULL,2023-02-23 13:28:35.000,2023-02-23 13:28:35.000
AB5E8A43-4826-4C5E-AEF2-49ECABC5D315,80000175-1677183014,grammarly,grammarly,NULL,NULL,NULL,NULL,NULL,grammarly,NULL,NULL,NULL,NULL,NULL,NULL,NULL,NULL,NULL,NULL,NULL,NULL,NULL,NULL,NULL,NULL,NULL,NULL,NULL,NULL,NULL,NULL,NULL,NULL,NULL,NULL,NULL,NULL,NULL,NULL,0,0.00,NULL,0,1,NULL,NULL,2023-02-23 13:10:14.000,2023-02-23 13:26:50.000
AD7C3F1C-FF41-484C-BB28-4A2C3B5F26BC,80000300-1677184243,Turbos Direct,Turbos Direct,NULL,NULL,NULL,NULL,NULL,Turbos Direct,3581 W Electra Lane,NULL,NULL,Glendale,AZ,85310,NULL,NULL,NULL,NULL,NULL,NULL,NULL,NULL,NULL,623-376-2562,NULL,NULL,NULL,NULL,mike@turbosdirect.com,NULL,NULL,Turbos Direct,NULL,NULL,NULL,162BFAF4-5263-465D-8B19-90688B4184CF,NULL,NULL,0,0.00,NULL,0,1,NULL,NULL,2023-02-23 13:30:43.000,2025-04-01 07:23:40.000
61D51B24-4DC2-4D4E-AB84-4A506448C3D0,800006B8-1677194369,western Safe & Lock,western Safe & Lock,NULL,NULL,NULL,NULL,NULL,Western Safe & Lock,420 London Bridge Road,NULL,NULL,Lake Havasu City,AZ,86403,NULL,NULL,NULL,NULL,NULL,NULL,NULL,NULL,NULL,NULL,NULL,NULL,NULL,NULL,NULL,NULL,NULL,NULL,NULL,NULL,NULL,A5DDE231-3987-4FF7-A2B7-068A55D1B562,NULL,NULL,0,0.00,NULL,0,1,NULL,NULL,2023-02-23 16:19:29.000,2023-02-23 16:19:29.000
0D4AE08C-F721-4A83-BDDF-4A54F5E6CA42,800006B1-1677194366,Universal Urethane Products,Universal Urethane Products,NULL,NULL,NULL,NULL,NULL,Universal Urethane Products,410 First Street,PO Box 50617,NULL,Toledo,OH,43605,NULL,NULL,NULL,NULL,NULL,NULL,NULL,NULL,NULL,419-693-7400,NULL,NULL,NULL,419-693-2363,NULL,NULL,NULL,Universal Urethane Products,NULL,NULL,NULL,A5DDE231-3987-4FF7-A2B7-068A55D1B562,NULL,NULL,0,0.00,NULL,0,1,NULL,NULL,2023-02-23 16:19:26.000,2023-02-23 16:19:26.000
5941C94C-2361-4224-B138-4A7E16B6F728,80004511-1712177274,My Alibaba,My Alibaba,NULL,NULL,NULL,NULL,NULL,My Alibaba,NULL,NULL,NULL,NULL,NULL,NULL,NULL,NULL,NULL,NULL,NULL,NULL,NULL,NULL,NULL,NULL,NULL,NULL,NULL,NULL,NULL,NULL,NULL,NULL,NULL,NULL,NULL,A5DDE231-3987-4FF7-A2B7-068A55D1B562,NULL,NULL,0,0.00,NULL,0,1,NULL,NULL,2024-04-03 13:47:54.000,2024-05-17 09:13:32.000
F9AF2FD6-1C8B-461C-A812-4A80DC68B00F,80002A36-1686860145,.Eddin Reyes,.Eddin Reyes,NULL,NULL,NULL,NULL,NULL,Eddin Reyes,6824 Kindred St.,NULL,NULL,Philadelphia,PA,19149,NULL,NULL,NULL,NULL,NULL,NULL,NULL,NULL,NULL,267-348-6792,NULL,NULL,NULL,NULL,NULL,NULL,NULL,Eddin Reyes,NULL,NULL,NULL,NULL,NULL,NULL,0,0.00,NULL,0,1,NULL,NULL,2023-06-15 13:15:45.000,2023-06-15 13:18:41.000
5AFE201E-61C0-43EB-AA88-4A8B3C8909C6,80000328-1677184263,Victor Bruner,Victor Bruner,NULL,NULL,NULL,NULL,NULL,Victor Bruner,1243 Water Tower Place #240,NULL,NULL,Arnold,MO,63010,NULL,NULL,NULL,NULL,NULL,NULL,NULL,NULL,NULL,314-706-6696,NULL,NULL,NULL,NULL,NULL,NULL,NULL,Victor Bruner,NULL,NULL,NULL,AFD6687D-2F92-4A46-A75E-2FA5398BB833,NULL,NULL,0,0.00,NULL,0,1,NULL,NULL,2023-02-23 13:31:03.000,2023-02-23 13:31:03.000
D69D9049-9840-406A-AD11-4A8E7EE2304A,80007ACF-1744216593,Havasu Marina,Havasu Marina,NULL,NULL,NULL,NULL,NULL,Havasu Marina,NULL,NULL,NULL,NULL,NULL,NULL,NULL,NULL,NULL,NULL,NULL,NULL,NULL,NULL,NULL,NULL,NULL,NULL,NULL,NULL,NULL,NULL,NULL,NULL,NULL,NULL,NULL,A5DDE231-3987-4FF7-A2B7-068A55D1B562,NULL,NULL,0,0.00,NULL,0,1,NULL,NULL,2025-04-09 09:36:33.000,2025-04-09 09:37:03.000
D3DCD5EF-7823-454A-BC3C-4AB05B0A97DC,80000673-1677194337,RifleConnection.com,RifleConnection.com,NULL,NULL,NULL,NULL,NULL,RifleConnection.com,NULL,NULL,NULL,NULL,NULL,NULL,NULL,NULL,NULL,NULL,NULL,NULL,NULL,NULL,NULL,NULL,NULL,NULL,NULL,NULL,NULL,NULL,NULL,RifleConnection.com,NULL,NULL,NULL,F9951A1C-DEA6-43D9-8D46-A9C4985EF3B2,NULL,NULL,0,0.00,NULL,0,1,NULL,NULL,2023-02-23 16:18:57.000,2023-02-23 16:18:57.000
D213DA4D-B372-4ECF-894D-4AD590D7D809,800029F0-1679608799,.Blaine Sephenson,.Blaine Sephenson,NULL,NULL,NULL,NULL,NULL,Blaine Sephenson,925 Fussell Road,NULL,NULL,Polk City,FL,33868,NULL,NULL,NULL,NULL,NULL,NULL,NULL,NULL,NULL,863-241-7104,NULL,NULL,NULL,NULL,NULL,NULL,NULL,Blaine Sephenson,NULL,NULL,NULL,NULL,NULL,NULL,0,0.00,NULL,0,1,NULL,NULL,2023-03-23 14:59:59.000,2023-03-23 16:00:54.000
56E0948E-7442-4F10-A00A-4AE704B0FA9F,800002BF-1677184205,Specialty Air Conditioning,Specialty Air Conditioning,NULL,NULL,NULL,NULL,NULL,Specialty Air Conditioning,NULL,NULL,NULL,NULL,NULL,NULL,NULL,NULL,NULL,NULL,NULL,NULL,NULL,NULL,NULL,NULL,NULL,NULL,NULL,NULL,NULL,NULL,NULL,NULL,NULL,NULL,NULL,AFD6687D-2F92-4A46-A75E-2FA5398BB833,NULL,NULL,0,0.00,NULL,0,1,NULL,NULL,2023-02-23 13:30:05.000,2023-02-23 13:30:05.000
EBDA77B7-1B1F-4FEB-84DA-4B197081034E,80004C56-1715790365,Impact Design Studio,Impact Design Studio,NULL,NULL,NULL,NULL,NULL,Impact Design Studio,NULL,NULL,NULL,NULL,NULL,NULL,NULL,NULL,NULL,NULL,NULL,NULL,NULL,NULL,NULL,NULL,NULL,NULL,NULL,NULL,NULL,NULL,NULL,NULL,NULL,NULL,NULL,A5DDE231-3987-4FF7-A2B7-068A55D1B562,NULL,NULL,0,0.00,NULL,0,1,NULL,NULL,2024-05-15 09:26:05.000,2025-04-15 12:02:56.000
2AFF33CA-48C9-420A-9E2C-4B2A3911E5E3,80000216-1677184102,Mr. Gasket Co.,Mr. Gasket Co.,NULL,NULL,NULL,NULL,NULL,Mr. Gasket Co.,"10601 Memphis Avenue, #12",NULL,NULL,Cleveland,OH,44144,NULL,NULL,NULL,NULL,NULL,NULL,NULL,NULL,NULL,(800) 246-0270,NULL,NULL,NULL,(216) 688-8301,NULL,NULL,NULL,NULL,NULL,NULL,NULL,NULL,NULL,NULL,0,0.00,NULL,0,1,NULL,NULL,2023-02-23 13:28:22.000,2023-02-23 13:28:22.000
0AD88B98-0542-41A2-BBF5-4BE5A77B1C52,80000276-1677184151,Quality Logo Products,Quality Logo Products,NULL,NULL,NULL,NULL,NULL,Quality Logo Products,NULL,NULL,NULL,NULL,NULL,NULL,NULL,NULL,NULL,NULL,NULL,NULL,NULL,NULL,NULL,NULL,NULL,NULL,NULL,NULL,NULL,NULL,NULL,NULL,NULL,NULL,NULL,NULL,NULL,NULL,0,0.00,NULL,0,1,NULL,NULL,2023-02-23 13:29:11.000,2023-02-23 13:29:11.000
EEA7BF17-D66A-4D4E-89B4-4BE5DA2511D0,800002CA-1677184212,Staples Business Advantage,Staples Business Advantage,NULL,NULL,NULL,NULL,NULL,Staples Business Advantage,500 Staples Dr.,NULL,NULL,Framingham,MA,01701,NULL,NULL,NULL,NULL,NULL,NULL,NULL,NULL,NULL,877-826-7755,NULL,NULL,NULL,NULL,support@staplesadvantage.com,NULL,NULL,Staples Business Advantage,NULL,NULL,NULL,NULL,NULL,NULL,0,0.00,NULL,0,1,NULL,NULL,2023-02-23 13:30:12.000,2023-02-23 13:30:12.000
C5D8758D-C90B-4D84-9D3E-4C3A10BEC5AA,800001F8-1677184085,McLendon Racing Engines,McLendon Racing Engines,NULL,NULL,NULL,NULL,NULL,McLendon Racing Engines,1907 E. 151st Avenue,NULL,NULL,Lutz,FL,33549,NULL,NULL,NULL,NULL,NULL,NULL,NULL,NULL,NULL,813-972-5394,NULL,NULL,NULL,NULL,gsmclendon@msn.com,NULL,NULL,McLendon Racing Engines,NULL,NULL,NULL,AFD6687D-2F92-4A46-A75E-2FA5398BB833,NULL,NULL,0,0.00,NULL,0,1,NULL,NULL,2023-02-23 13:28:05.000,2023-02-23 13:28:05.000
D57A5B58-876B-4258-B9DD-4C6FDC9A8607,80000017-1677182796,A & E Services LHC,A & E Services LHC,NULL,NULL,NULL,NULL,NULL,A & E Services LHC,289 Lake Havasu Ave #200,NULL,NULL,Lake Havasu City,AZ,86403,NULL,NULL,NULL,NULL,NULL,NULL,NULL,NULL,NULL,928-505-5864,NULL,NULL,NULL,NULL,NULL,NULL,NULL,A & E Services LHC,NULL,NULL,NULL,AFD6687D-2F92-4A46-A75E-2FA5398BB833,NULL,NULL,0,-445.00,NULL,0,1,NULL,NULL,2023-02-23 13:06:36.000,2025-04-16 08:06:19.000
07712B96-0207-49EB-B94A-4C77AC4DBD3F,800000E2-1677182919,Connected Computer & Repair,Connected Computer & Repair,NULL,NULL,NULL,NULL,NULL,Connected Computer & Repair,2180 McCulloch Blvd N Ste 101,NULL,NULL,Lake Havasu City,AZ,86403,NULL,NULL,NULL,NULL,NULL,NULL,NULL,NULL,NULL,928-680-0041,NULL,NULL,NULL,NULL,NULL,NULL,NULL,Connected Computer & Repair,NULL,NULL,NULL,AFD6687D-2F92-4A46-A75E-2FA5398BB833,NULL,NULL,0,0.00,NULL,0,1,NULL,NULL,2023-02-23 13:08:39.000,2023-02-23 13:25:34.000
8D4D775E-472C-4D46-BF57-4C820E5728C9,800029CE-1678831277,.Jonathon Castillo,.Jonathon Castillo,NULL,NULL,NULL,NULL,NULL,Jonathon Castillo,21417 Martin St.,NULL,NULL,Carson,CA,90745-1726,NULL,NULL,NULL,NULL,NULL,NULL,NULL,NULL,NULL,310-974-0118,NULL,NULL,NULL,NULL,NULL,NULL,NULL,Jonathon Castillo,NULL,NULL,NULL,NULL,NULL,NULL,0,0.00,NULL,0,1,NULL,NULL,2023-03-14 15:01:17.000,2023-03-14 15:25:14.000
0A6C834A-5FB8-4EBE-8C20-4D0EBB9BC4DB,8000022E-1677184116,Online Metals,Online Metals,NULL,NULL,NULL,NULL,NULL,Online Metals,13338 Orden Dr,NULL,NULL,Santa Fe Springs,CA,90670,NULL,NULL,NULL,NULL,NULL,NULL,NULL,NULL,NULL,NULL,NULL,NULL,NULL,NULL,NULL,NULL,NULL,NULL,NULL,NULL,NULL,NULL,NULL,NULL,0,0.00,NULL,0,1,NULL,NULL,2023-02-23 13:28:36.000,2023-02-23 13:28:36.000
9BABD999-32E4-4FDA-B529-4DA231E1439B,800001AA-1677184040,J C Marine,J C Marine,NULL,NULL,NULL,NULL,NULL,J C Marine,3131 Maricopa Avenue,NULL,NULL,Lake Havasu City,AZ,86406,NULL,NULL,NULL,NULL,NULL,NULL,NULL,NULL,NULL,(928) 505-5252,NULL,NULL,NULL,928-5053286,NULL,NULL,NULL,NULL,NULL,NULL,NULL,NULL,NULL,NULL,0,0.00,NULL,0,1,NULL,NULL,2023-02-23 13:27:20.000,2023-02-23 13:27:20.000
A0BD2752-E577-4F3A-B78E-4DA64CED848D,80000347-1677184279,Z Tools Inc,Z Tools Inc,NULL,NULL,NULL,NULL,NULL,Z Tools Inc,"1249 South Diamond Bar blvd, suite 128",NULL,NULL,Diamond Bar,CA,91765,NULL,NULL,NULL,NULL,NULL,NULL,NULL,NULL,NULL,909-274-7146,NULL,NULL,NULL,NULL,NULL,NULL,NULL,Z Tools Inc,NULL,NULL,NULL,NULL,NULL,NULL,0,0.00,NULL,0,1,NULL,NULL,2023-02-23 13:31:19.000,2023-02-23 13:31:19.000
5DD03A72-8709-4F28-A778-4E077EA936AB,80002A3B-1688660065,Begley Automotive,Begley Automotive,NULL,NULL,NULL,NULL,NULL,Begley Automotive,14901 Lebanon Road,NULL,NULL,Old Hickory,TN,37138,NULL,NULL,NULL,NULL,NULL,NULL,NULL,NULL,NULL,NULL,NULL,NULL,NULL,NULL,NULL,NULL,NULL,NULL,NULL,NULL,NULL,AFD6687D-2F92-4A46-A75E-2FA5398BB833,NULL,NULL,0,0.00,NULL,0,1,NULL,NULL,2023-07-06 09:14:25.000,2023-07-06 09:19:55.000
A6FB4249-E31F-4625-8938-4E62D1B8EB0F,80000184-1677183023,havasu Hardware,havasu Hardware,NULL,NULL,NULL,NULL,NULL,havasu Hardware,NULL,NULL,NULL,NULL,NULL,NULL,NULL,NULL,NULL,NULL,NULL,NULL,NULL,NULL,NULL,NULL,NULL,NULL,NULL,NULL,NULL,NULL,NULL,NULL,NULL,NULL,NULL,NULL,NULL,NULL,0,0.00,NULL,0,1,NULL,NULL,2023-02-23 13:10:23.000,2023-02-23 13:26:57.000
C849B1BE-3191-47B8-9398-4F2D32AD5F2A,80000684-1677194345,Sky Manufacturing,Sky Manufacturing,NULL,NULL,NULL,NULL,NULL,Sky Manufacturing,3580 Marcola Rd,NULL,NULL,Springfield,OR,97477,NULL,NULL,NULL,NULL,NULL,NULL,NULL,NULL,NULL,541-736-3743,NULL,NULL,NULL,NULL,orders@skysoffroaddesign.com,NULL,NULL,Sky Manufacturing,NULL,NULL,NULL,A5DDE231-3987-4FF7-A2B7-068A55D1B562,NULL,NULL,0,0.00,NULL,0,1,NULL,NULL,2023-02-23 16:19:05.000,2025-01-14 09:48:25.000
448627FE-E530-46F1-A916-4F3D8CB96641,800006AC-1677194364,Trick Products,Trick Products,NULL,NULL,NULL,NULL,NULL,Trick Products,NULL,NULL,NULL,NULL,NULL,NULL,NULL,NULL,NULL,NULL,NULL,NULL,NULL,NULL,NULL,NULL,NULL,NULL,NULL,NULL,NULL,NULL,NULL,NULL,NULL,NULL,NULL,A5DDE231-3987-4FF7-A2B7-068A55D1B562,NULL,NULL,0,0.00,NULL,0,1,NULL,NULL,2023-02-23 16:19:24.000,2023-02-23 16:19:24.000
D5FA6728-1D06-4930-B76B-503036DB8BFC,8000019E-1677183045,"Insta-Clean, Mfg","Insta-Clean, Mfg",NULL,NULL,NULL,NULL,NULL,"Insta-Clean, Mfg",NULL,NULL,NULL,NULL,NULL,NULL,NULL,NULL,NULL,NULL,NULL,NULL,NULL,NULL,NULL,NULL,NULL,NULL,NULL,NULL,NULL,NULL,NULL,NULL,NULL,NULL,NULL,AFD6687D-2F92-4A46-A75E-2FA5398BB833,NULL,NULL,0,0.00,NULL,0,1,NULL,NULL,2023-02-23 13:10:45.000,2023-02-23 13:27:14.000
39A78894-A4BD-4B5B-9083-503BCF11494A,8000032C-1677184265,Void,Void,NULL,NULL,NULL,NULL,NULL,Void,NULL,NULL,NULL,NULL,NULL,NULL,NULL,NULL,NULL,NULL,NULL,NULL,NULL,NULL,NULL,NULL,NULL,NULL,NULL,NULL,NULL,NULL,NULL,NULL,NULL,NULL,NULL,NULL,NULL,NULL,0,0.00,NULL,0,1,NULL,NULL,2023-02-23 13:31:05.000,2023-02-23 13:31:05.000
20CBA44B-3D38-487B-B77F-503E0F3C22FF,800005DA-1677194267,Cloyes Gear,Cloyes Gear,NULL,NULL,NULL,NULL,NULL,Cloyes Gear,PO Box 74007101,NULL,NULL,Chicago,IL,60674-7101,NULL,NULL,NULL,NULL,NULL,NULL,NULL,NULL,NULL,479-646-1662 x 297,NULL,NULL,NULL,NULL,kprimm@cloyes.com,NULL,NULL,Cloyes Gear,NULL,NULL,NULL,A5DDE231-3987-4FF7-A2B7-068A55D1B562,NULL,NULL,0,0.00,NULL,0,1,NULL,NULL,2023-02-23 16:17:47.000,2023-02-23 16:17:47.000
A78FFEE7-6780-4B19-AEFF-50EE078254EA,80002A4B-1691245547,Solid Offroad,Solid Offroad,NULL,NULL,NULL,NULL,NULL,Solid Offroad,PO Box 1012,NULL,NULL,Lake Havasu City,AZ,86405,NULL,Solid Offroad,PO Box 1012,NULL,NULL,Lake Havasu City,AZ,86405,NULL,619-743-0467,NULL,NULL,NULL,NULL,solidoffroad@outlook.com,NULL,NULL,Solid Offroad,NULL,NULL,NULL,NULL,NULL,NULL,0,98.50,NULL,0,1,NULL,NULL,2023-08-05 07:25:47.000,2025-03-18 10:54:27.000
8859A5ED-22D0-4828-A69D-50FF0F9421F6,80007ACE-1744216331,Signazon,Signazon,NULL,NULL,NULL,NULL,NULL,Signazon,NULL,NULL,NULL,NULL,NULL,NULL,NULL,NULL,NULL,NULL,NULL,NULL,NULL,NULL,NULL,NULL,NULL,NULL,NULL,NULL,NULL,NULL,NULL,NULL,NULL,NULL,NULL,NULL,NULL,NULL,0,0.00,NULL,0,1,NULL,NULL,2025-04-09 09:32:11.000,2025-04-09 09:32:36.000
325ADDDC-8F60-4990-A85E-5163D38734AD,8000013C-1677182974,Fabtech Motorsports,Fabtech Motorsports,NULL,NULL,NULL,NULL,NULL,Fabtech Motorsports,"4010 North Palm Street, Unit #103",NULL,NULL,Fullerton,CA,92835,NULL,NULL,NULL,NULL,NULL,NULL,NULL,NULL,NULL,877-432-2832,NULL,NULL,NULL,714-870-9132,NULL,NULL,NULL,NULL,NULL,NULL,NULL,NULL,NULL,NULL,0,0.00,NULL,0,1,NULL,NULL,2023-02-23 13:09:34.000,2023-02-23 13:26:19.000
5B6A39FD-90FF-486A-A50D-516DEEC67075,80000182-1677183022,Havasu Doors Inc.,Havasu Doors Inc.,NULL,NULL,NULL,NULL,NULL,Havasu Doors Inc.,1110 Aviation Drive,NULL,NULL,Lake Havasu City,AZ,86404,NULL,NULL,NULL,NULL,NULL,NULL,NULL,NULL,NULL,(928) 855-2400,NULL,NULL,NULL,NULL,NULL,NULL,NULL,NULL,NULL,NULL,NULL,NULL,NULL,NULL,0,0.00,NULL,0,1,NULL,NULL,2023-02-23 13:10:22.000,2023-02-23 13:26:56.000
61DF3DBE-6A07-491D-B570-518C623FF994,80000685-1677194345,Skyline Plumbing,Skyline Plumbing,NULL,NULL,NULL,NULL,NULL,Skyline Plumbing,"1575 Dover Avenue, Suite #B-100",NULL,NULL,Lake Havasu City,AZ,86403,NULL,NULL,NULL,NULL,NULL,NULL,NULL,NULL,NULL,(928) 854-2699,NULL,NULL,NULL,(928) 855-0068,NULL,NULL,NULL,NULL,NULL,NULL,NULL,A5DDE231-3987-4FF7-A2B7-068A55D1B562,NULL,NULL,0,0.00,NULL,0,1,NULL,NULL,2023-02-23 16:19:05.000,2023-02-23 16:19:05.000
7CC9F430-F4B6-4F5E-8049-51A88E79E71D,80000266-1677184143,Power Automedia,Power Automedia,NULL,NULL,NULL,NULL,NULL,Power Automedia,25843 Jefferson Ave,NULL,NULL,Murrieta,CA,92562,NULL,NULL,NULL,NULL,NULL,NULL,NULL,NULL,NULL,951-677-2626 Eric,NULL,NULL,NULL,951-677-2627,ehuson@powerautomedia.com,NULL,NULL,Power Automedia,NULL,NULL,NULL,NULL,NULL,NULL,0,0.00,NULL,0,1,NULL,NULL,2023-02-23 13:29:03.000,2023-02-23 13:29:03.000
0CBD84C3-9822-4808-8CCD-51CFDDFC6917,800002E7-1677184229,Thermal Flex,Thermal Flex,NULL,NULL,NULL,NULL,NULL,Thermal Flex,1401 Air Wing Road,NULL,NULL,San Diego,CA,92154,NULL,NULL,NULL,NULL,NULL,NULL,NULL,NULL,NULL,(619) 662-3910x.6405,NULL,NULL,NULL,619 374 2152,NULL,NULL,NULL,NULL,NULL,NULL,NULL,NULL,NULL,NULL,0,0.00,NULL,0,1,NULL,NULL,2023-02-23 13:30:29.000,2023-02-23 13:30:29.000
42114AB9-2F01-442B-9FC2-51E4D72B79EF,8000033E-1677184274,William Sewell,William Sewell,NULL,NULL,NULL,NULL,NULL,William Sewell,DBA DWAT Racing,4111 Louis Ave,Ste 32,Holiday,FL,34691,NULL,NULL,NULL,NULL,NULL,NULL,NULL,NULL,NULL,NULL,NULL,NULL,NULL,NULL,NULL,NULL,NULL,NULL,NULL,NULL,NULL,AFD6687D-2F92-4A46-A75E-2FA5398BB833,NULL,NULL,0,0.00,NULL,0,1,NULL,NULL,2023-02-23 13:31:14.000,2023-02-23 13:31:14.000
79DA5BD8-AD1E-484B-99FF-5209168507EC,800029F4-1679611891,.Kevin Boyle,.Kevin Boyle,NULL,NULL,NULL,NULL,NULL,Kevin Boyle,2021 NE Blacksmith Drive,NULL,NULL,Belfair,WA,97011,NULL,NULL,NULL,NULL,NULL,NULL,NULL,NULL,NULL,360-340-0902,NULL,NULL,NULL,NULL,NULL,NULL,NULL,Wits Cool Toyota's,NULL,NULL,NULL,NULL,NULL,NULL,0,0.00,NULL,0,1,NULL,NULL,2023-03-23 15:51:31.000,2023-03-23 16:24:46.000
B74EEF5D-8BCC-43C1-B28B-523653CF276F,8000026A-1677184145,Practec LLC,Practec LLC,NULL,NULL,NULL,NULL,NULL,Practec LLC,17625 NE 65th St Suite 125,NULL,NULL,Redmond,WA,98052,NULL,NULL,NULL,NULL,NULL,NULL,NULL,NULL,NULL,425-881-8202,NULL,NULL,NULL,425-881-5209,NULL,NULL,NULL,Practec LLC,NULL,NULL,NULL,NULL,NULL,NULL,0,0.00,NULL,0,1,NULL,NULL,2023-02-23 13:29:05.000,2023-02-23 13:29:05.000
33A7ACF3-DA35-4CB6-9DDC-525960D16B55,80000617-1677194294,Idea Fitness,Idea Fitness,NULL,NULL,NULL,NULL,NULL,Idea Fitness,NULL,NULL,NULL,NULL,NULL,NULL,NULL,NULL,NULL,NULL,NULL,NULL,NULL,NULL,NULL,NULL,NULL,NULL,NULL,NULL,NULL,NULL,NULL,NULL,NULL,NULL,NULL,A5DDE231-3987-4FF7-A2B7-068A55D1B562,NULL,NULL,0,0.00,NULL,0,1,NULL,NULL,2023-02-23 16:18:14.000,2023-02-23 16:18:14.000
B43757C9-C501-4933-B591-525D63522F84,80000289-1677184163,relentless Mods,relentless Mods,NULL,NULL,NULL,NULL,NULL,Relentless Mods,NULL,NULL,NULL,NULL,NULL,NULL,NULL,NULL,NULL,NULL,NULL,NULL,NULL,NULL,NULL,NULL,NULL,NULL,NULL,NULL,NULL,NULL,NULL,NULL,NULL,NULL,NULL,AFD6687D-2F92-4A46-A75E-2FA5398BB833,NULL,NULL,0,0.00,NULL,0,1,NULL,NULL,2023-02-23 13:29:23.000,2023-02-23 13:29:23.000
506CF99F-8663-4512-98FF-534579586490,80000033-1677182812,Affordable Pest & Weed Control,Affordable Pest & Weed Control,NULL,NULL,NULL,NULL,NULL,Affordable Pest & Weed Control,PO Box 2147,NULL,NULL,Lake Havasu City,AZ,86406,NULL,NULL,NULL,NULL,NULL,NULL,NULL,NULL,NULL,NULL,NULL,NULL,NULL,NULL,NULL,NULL,NULL,NULL,NULL,NULL,NULL,AFD6687D-2F92-4A46-A75E-2FA5398BB833,NULL,NULL,0,0.00,NULL,0,1,NULL,NULL,2023-02-23 13:06:52.000,2023-02-23 13:23:57.000
5220CDBC-420B-41D4-87ED-534D7D5277A8,8000065E-1677194328,Photo 4 Less,Photo 4 Less,NULL,NULL,NULL,NULL,NULL,Photo 4 Less,NULL,NULL,NULL,NULL,NULL,NULL,NULL,NULL,NULL,NULL,NULL,NULL,NULL,NULL,NULL,NULL,NULL,NULL,NULL,NULL,NULL,NULL,NULL,NULL,NULL,NULL,NULL,A5DDE231-3987-4FF7-A2B7-068A55D1B562,NULL,NULL,0,0.00,NULL,0,1,NULL,NULL,2023-02-23 16:18:48.000,2023-02-23 16:18:48.000
6A990194-A224-4AE6-9780-535651ECE482,800000AA-1677182887,California Electroplating,California Electroplating,NULL,NULL,NULL,NULL,NULL,NULL,NULL,NULL,NULL,NULL,CA,NULL,NULL,NULL,NULL,NULL,NULL,NULL,NULL,NULL,NULL,323-268-7233,NULL,NULL,NULL,NULL,NULL,NULL,NULL,NULL,NULL,NULL,NULL,NULL,NULL,NULL,0,0.00,NULL,0,1,NULL,NULL,2023-02-23 13:08:07.000,2023-02-23 13:25:05.000
9538A9CA-0728-4426-93E8-54244F730E26,80004B71-1715359244,Carbide Depot Inc,Carbide Depot Inc,NULL,NULL,NULL,NULL,NULL,Carbide Depot Inc,1474 Pettyjohn Road,NULL,NULL,Bessemer,AL,35022,NULL,NULL,NULL,NULL,NULL,NULL,NULL,NULL,NULL,205-942-9005,NULL,NULL,NULL,NULL,sales@caarbidedepot.com,NULL,NULL,Carbide Depot Inc,NULL,NULL,NULL,NULL,NULL,NULL,0,0.00,NULL,0,1,NULL,NULL,2024-05-10 09:40:44.000,2024-09-04 10:30:57.000
ED81E940-8A2C-49F0-9B60-5455840F5CEA,800002F6-1677184238,Transfluid,Transfluid,NULL,Katarina,NULL,Park,NULL,Transfluid,Katarina Park,17 Carlisle Drive,NULL,Simpsonville,SC,29681,NULL,NULL,NULL,NULL,NULL,NULL,NULL,NULL,NULL,864-509-9245,NULL,NULL,NULL,NULL,customerservice@transfluid-us.com,NULL,NULL,Transfluid,NULL,NULL,NULL,NULL,NULL,NULL,0,0.00,NULL,0,1,NULL,NULL,2023-02-23 13:30:38.000,2025-01-08 08:22:42.000
C52E5065-CF54-46A5-940B-5469A6C1353E,800001B8-1677184050,Josh Johns,Josh Johns,NULL,NULL,NULL,NULL,NULL,Josh Johns,NULL,NULL,NULL,NULL,NULL,NULL,NULL,NULL,NULL,NULL,NULL,NULL,NULL,NULL,NULL,NULL,NULL,NULL,NULL,NULL,NULL,NULL,NULL,NULL,NULL,NULL,NULL,NULL,NULL,NULL,0,0.00,NULL,0,1,NULL,NULL,2023-02-23 13:27:30.000,2023-02-23 13:27:30.000
4B26A535-AAFF-49A6-A8D4-5472D8C572DB,80002A52-1692303131,.River Cech,.River Cech,NULL,NULL,NULL,NULL,NULL,River Cech,826 College Avenue,NULL,NULL,Boulder,CO,80302,NULL,NULL,NULL,NULL,NULL,NULL,NULL,NULL,NULL,720-451-0748,NULL,NULL,NULL,NULL,NULL,NULL,NULL,River Cech,NULL,NULL,NULL,NULL,NULL,NULL,0,0.00,NULL,0,1,NULL,NULL,2023-08-17 13:12:11.000,2023-08-17 13:13:31.000
59C9BF4A-84F2-4F22-914E-54E2F9B4755C,80002A69-1700145800,Colorado Dept of Rev,Colorado Dept of Rev,NULL,NULL,NULL,NULL,NULL,Colorado Dept of Rev,NULL,NULL,NULL,NULL,NULL,NULL,NULL,NULL,NULL,NULL,NULL,NULL,NULL,NULL,NULL,NULL,NULL,NULL,NULL,NULL,NULL,NULL,NULL,NULL,NULL,NULL,NULL,AFD6687D-2F92-4A46-A75E-2FA5398BB833,NULL,NULL,0,0.00,NULL,0,1,NULL,NULL,2023-11-16 07:43:20.000,2023-11-21 09:08:38.000
35E1B34A-DBBB-46BC-B79B-550C86F087E1,8000033B-1677184273,Wheel Pros,Wheel Pros,NULL,NULL,NULL,NULL,NULL,Wheel Pros,2125 S. 7th St Suite 200,NULL,NULL,Phoenix,AZ,85034,NULL,Wheel Pros,2125 S. 7th St Suite 200,NULL,NULL,Phoenix,AZ,85034,NULL,602-252-9822,NULL,NULL,NULL,NULL,NULL,NULL,NULL,Wheel Pros,NULL,NULL,NULL,NULL,NULL,NULL,0,0.00,NULL,0,1,NULL,NULL,2023-02-23 13:31:13.000,2025-03-31 12:27:27.000
66222BCA-2D41-4BEA-98A5-5521CBCFAD1B,80002A09-1680823613,.Michael Foss,.Michael Foss,NULL,NULL,NULL,NULL,NULL,Michael Foss,20238 SE 290th PL,NULL,NULL,Kent,WA,98042-6876,NULL,NULL,NULL,NULL,NULL,NULL,NULL,NULL,NULL,NULL,NULL,NULL,NULL,NULL,NULL,NULL,NULL,Michael Foss,NULL,NULL,NULL,NULL,NULL,NULL,0,0.00,NULL,0,1,NULL,NULL,2023-04-06 16:26:53.000,2023-04-06 16:40:04.000
25398A2B-4640-45E6-A9C9-559542A34EE2,80000131-1677182967,Engine Trend,Engine Trend,NULL,NULL,NULL,NULL,NULL,Engine Trend,3082 Franklin Avenue,NULL,NULL,Riverside,CA,92507,NULL,NULL,NULL,NULL,NULL,NULL,NULL,NULL,NULL,951- 684-4369,NULL,NULL,NULL,951-684-4985,NULL,NULL,NULL,NULL,NULL,NULL,NULL,NULL,NULL,NULL,0,0.00,NULL,0,1,NULL,NULL,2023-02-23 13:09:27.000,2023-02-23 13:26:14.000
52596953-6899-45AB-B09B-55B049184466,80000257-1677184135,Petty Cash - John Naper,Petty Cash - John Naper,NULL,NULL,NULL,NULL,NULL,Petty Cash- John Naper,NULL,NULL,NULL,NULL,NULL,NULL,NULL,NULL,NULL,NULL,NULL,NULL,NULL,NULL,NULL,NULL,NULL,NULL,NULL,NULL,NULL,NULL,NULL,NULL,NULL,NULL,NULL,AFD6687D-2F92-4A46-A75E-2FA5398BB833,NULL,NULL,0,0.00,NULL,0,1,NULL,NULL,2023-02-23 13:28:55.000,2023-02-23 13:28:55.000
5EF459C7-5779-4944-8AA7-55E51B53CC6F,800001E0-1677184071,Linde Gas -Rental Invoice,Linde Gas -Rental Invoice,NULL,NULL,NULL,NULL,NULL,Linde Gas & Equipment,Dept 0812,PO Box 120812,NULL,Dallas,TX,75312-0812,NULL,NULL,NULL,NULL,NULL,NULL,NULL,NULL,NULL,NULL,NULL,NULL,NULL,NULL,NULL,NULL,NULL,Linde Gas & Equipment Inc,NULL,77647797,NULL,162BFAF4-5263-465D-8B19-90688B4184CF,NULL,NULL,0,0.00,NULL,0,0,NULL,NULL,2023-02-23 13:27:51.000,2023-10-06 14:55:38.000
B3BE6F32-2FF1-45C6-B59D-56567BE2E5AC,80002A4F-1692053033,Vinyl Disorder Inc,Vinyl Disorder Inc,NULL,NULL,NULL,NULL,NULL,Vinyl Disorder Inc,34202 Camino Capistrano,NULL,NULL,Dana Point,CA,92624,NULL,Vinyl Disorder Inc,34202 Camino Capistrano,NULL,NULL,Dana Point,CA,92624,NULL,1-866-723-3726,NULL,NULL,NULL,NULL,support@vinyldisorder.com,NULL,NULL,Vinyl Disorder Inc,NULL,NULL,NULL,NULL,NULL,NULL,0,0.00,NULL,0,1,NULL,NULL,2023-08-14 15:43:53.000,2023-08-15 13:50:11.000
E648923F-45EC-464A-B0FC-566F144473DB,800048B8-1713974203,southeastern Rigging,southeastern Rigging,NULL,NULL,NULL,NULL,NULL,southeastern Rigging,NULL,NULL,NULL,NULL,NULL,NULL,NULL,NULL,NULL,NULL,NULL,NULL,NULL,NULL,NULL,NULL,NULL,NULL,NULL,NULL,NULL,NULL,NULL,NULL,NULL,NULL,NULL,NULL,NULL,NULL,0,0.00,NULL,0,1,NULL,NULL,2024-04-24 08:56:43.000,2024-04-24 08:57:10.000
1095FFB2-C646-49DF-A55C-5766C38A62A9,80000628-1677194302,JK Meals/Entertainment,JK Meals/Entertainment,NULL,NULL,NULL,NULL,NULL,JK Meals/Entertainment,NULL,NULL,NULL,NULL,NULL,NULL,NULL,NULL,NULL,NULL,NULL,NULL,NULL,NULL,NULL,NULL,NULL,NULL,NULL,NULL,NULL,NULL,NULL,NULL,NULL,NULL,NULL,A5DDE231-3987-4FF7-A2B7-068A55D1B562,NULL,NULL,0,0.00,NULL,0,1,NULL,NULL,2023-02-23 16:18:22.000,2023-02-23 16:18:22.000
504D42D5-8BF5-4969-B34C-578AF893E09A,80000667-1677194332,Pure Choice,Pure Choice,NULL,NULL,NULL,NULL,NULL,Pure Choice,2155 West Acoma Blvd.,NULL,NULL,Lake Havasu City,AZ,86403,NULL,NULL,NULL,NULL,NULL,NULL,NULL,NULL,NULL,(928) 505-8355,NULL,NULL,NULL,NULL,NULL,NULL,NULL,NULL,NULL,NULL,NULL,A5DDE231-3987-4FF7-A2B7-068A55D1B562,NULL,NULL,0,0.00,NULL,0,1,NULL,NULL,2023-02-23 16:18:52.000,2023-02-23 16:18:52.000
CCCFA980-9D56-4DA7-8CFE-57A7C47A6D22,800000F0-1677182926,Crossroads Foreign Core1,Crossroads Foreign Core1,NULL,NULL,NULL,NULL,NULL,Crossroads Foreign Core1,"12421 Riverside Avenue, Suite #F",NULL,NULL,Mira Loma,CA,91752,NULL,NULL,NULL,NULL,NULL,NULL,NULL,NULL,NULL,(909) 983-2615,NULL,NULL,NULL,(951) 681-8682,NULL,NULL,NULL,NULL,NULL,NULL,NULL,NULL,NULL,NULL,0,0.00,NULL,0,1,NULL,NULL,2023-02-23 13:08:46.000,2023-02-23 13:25:41.000
C8D86592-C363-448B-8ACE-57E9FFE5765C,80000108-1677182940,Deposit-AFFIRM,Deposit-AFFIRM,NULL,NULL,NULL,NULL,NULL,Deposit-AFFIRM,NULL,NULL,NULL,NULL,NULL,NULL,NULL,NULL,NULL,NULL,NULL,NULL,NULL,NULL,NULL,NULL,NULL,NULL,NULL,NULL,NULL,NULL,NULL,NULL,NULL,NULL,NULL,NULL,NULL,NULL,0,0.00,NULL,0,1,NULL,NULL,2023-02-23 13:09:00.000,2023-02-23 13:25:53.000
C1A51EEC-E546-4464-8EA8-5813756D94E8,800029FC-1680642348,.Charles Denois,.Charles Denois,NULL,NULL,NULL,NULL,NULL,Charles Denois,13007 Montana Ave.,NULL,NULL,Los Angeles,CA,90049,NULL,NULL,NULL,NULL,NULL,NULL,NULL,NULL,NULL,NULL,NULL,NULL,NULL,NULL,NULL,NULL,NULL,Charles Denois,NULL,NULL,NULL,NULL,NULL,NULL,0,0.00,NULL,0,0,NULL,NULL,2023-04-04 14:05:48.000,2023-04-04 14:09:49.000
D04A0077-BE2A-4773-B858-581482617A4C,800006B5-1677194368,Waynes Engine Rebuilding,Waynes Engine Rebuilding,NULL,NULL,NULL,NULL,NULL,Waynes Engine Rebuilding,2200 Business Way,NULL,NULL,Riverside,CA,92501,NULL,NULL,NULL,NULL,NULL,NULL,NULL,NULL,NULL,951-684-2222,NULL,NULL,NULL,NULL,NULL,NULL,NULL,Waynes Engine Rebuilding,NULL,NULL,NULL,A5DDE231-3987-4FF7-A2B7-068A55D1B562,NULL,NULL,0,0.00,NULL,0,1,NULL,NULL,2023-02-23 16:19:28.000,2023-02-23 16:19:28.000
D014F47F-3D61-426B-8A91-5818FCB62562,80002A55-1693607734,Sunnen Products Co.,Sunnen Products Co.,NULL,NULL,NULL,NULL,NULL,Sunnen Products Co.,PO Box 790379,NULL,NULL,St. Louis,MO,63179-0379,NULL,NULL,NULL,NULL,NULL,NULL,NULL,NULL,NULL,314-781-2100,NULL,NULL,NULL,314-951-2707,NULL,NULL,NULL,Sunnen Products Company,NULL,NULL,NULL,NULL,NULL,NULL,0,0.00,NULL,0,1,NULL,NULL,2023-09-01 15:35:34.000,2023-09-01 15:56:32.000
5F515BEE-46F6-4656-892B-581B8902CA38,8000006F-1677182850,Autoplicity.com,Autoplicity.com,NULL,NULL,NULL,NULL,NULL,Autoplicity.com,1528 W Adams 4A,NULL,NULL,Chicago,IL,60607,NULL,NULL,NULL,NULL,NULL,NULL,NULL,NULL,NULL,800-299-1028,NULL,NULL,NULL,NULL,NULL,NULL,NULL,Autoplicity.com,NULL,NULL,NULL,NULL,NULL,NULL,0,0.00,NULL,0,1,NULL,NULL,2023-02-23 13:07:30.000,2023-02-23 13:24:32.000
A4B3E65A-065A-45E1-AC05-5829D123B5AE,800002D8-1677184220,Support Payment Clearinghouse,Support Payment Clearinghouse,NULL,NULL,NULL,NULL,NULL,Support Payment Clearinghouse,PO Box 52107,NULL,NULL,Phoenix,AZ,85072-2107,NULL,NULL,NULL,NULL,NULL,NULL,NULL,NULL,NULL,NULL,NULL,NULL,NULL,NULL,NULL,NULL,NULL,NULL,NULL,NULL,NULL,NULL,NULL,NULL,0,0.00,NULL,0,1,NULL,NULL,2023-02-23 13:30:20.000,2023-02-23 13:30:20.000
E18422BA-33D2-432A-8D2D-5843446E1B78,80000107-1677182940,Deposit,Deposit,NULL,NULL,NULL,NULL,NULL,Deposit,NULL,NULL,NULL,NULL,NULL,NULL,NULL,NULL,NULL,NULL,NULL,NULL,NULL,NULL,NULL,NULL,NULL,NULL,NULL,NULL,NULL,NULL,NULL,NULL,NULL,NULL,NULL,NULL,NULL,NULL,0,0.00,NULL,0,1,NULL,NULL,2023-02-23 13:09:00.000,2023-05-19 15:13:07.000
AC13EDC7-AA39-424C-A01E-5861916287A0,8000065F-1677194329,Pierce Manifolds,Pierce Manifolds,NULL,NULL,NULL,NULL,NULL,Pierce Manifolds,321 Kishimura Drive,NULL,NULL,Gilroy,CA,95020,NULL,NULL,NULL,NULL,NULL,NULL,NULL,NULL,NULL,(408) 842-6667,NULL,NULL,NULL,NULL,webercarbs@piercemanifolds.com,NULL,NULL,NULL,NULL,NULL,NULL,A5DDE231-3987-4FF7-A2B7-068A55D1B562,NULL,NULL,0,248.43,NULL,0,1,NULL,NULL,2023-02-23 16:18:49.000,2025-04-17 12:49:06.000
CA70BF4B-7AD9-4A24-84A3-58649D65684A,80000208-1677184094,Midstates Group,Midstates Group,NULL,Kim,NULL,Witte,NULL,Midstates Group,Kim Witte,PO Box 940,4820 Capital Ave NE,Aberdeen,SD,57402,NULL,NULL,NULL,NULL,NULL,NULL,NULL,NULL,NULL,605-725-4751,NULL,NULL,NULL,NULL,kimw@midstatesgroup.com,NULL,NULL,Midstates Group,NULL,NULL,NULL,AFD6687D-2F92-4A46-A75E-2FA5398BB833,NULL,NULL,0,0.00,NULL,0,1,NULL,NULL,2023-02-23 13:28:14.000,2023-07-13 14:52:13.000
4EB2AD44-83E2-4900-AAB3-5871F8242E47,80006D85-1736446265,Penn Tool Co,Penn Tool Co,NULL,NULL,NULL,NULL,NULL,NULL,NULL,NULL,NULL,Penn Tool,CO,NULL,NULL,NULL,NULL,NULL,NULL,NULL,NULL,NULL,NULL,NULL,NULL,NULL,NULL,NULL,NULL,NULL,NULL,NULL,NULL,NULL,NULL,A5DDE231-3987-4FF7-A2B7-068A55D1B562,NULL,NULL,0,0.00,NULL,0,1,NULL,NULL,2025-01-09 11:11:05.000,2025-01-09 11:13:30.000
86007887-6D6C-492A-AF8D-58AA131A05D1,80000236-1677184119,Outerwears,Outerwears,NULL,NULL,NULL,NULL,NULL,Outerwears,12611 US 131,NULL,NULL,Schoolcraft,MI,49087,NULL,NULL,NULL,NULL,NULL,NULL,NULL,NULL,NULL,800-967-3450,NULL,NULL,NULL,269-679-5438,NULL,NULL,NULL,NULL,NULL,NULL,NULL,NULL,NULL,NULL,0,0.00,NULL,0,1,NULL,NULL,2023-02-23 13:28:39.000,2023-02-23 13:28:39.000
3170CD97-CA4D-4FDA-BB96-593743BC72D5,800001CF-1677184063,lake Havasu Mobile Detail,lake Havasu Mobile Detail,NULL,NULL,NULL,NULL,NULL,lake Havasu Mobile Detail,NULL,NULL,NULL,NULL,NULL,NULL,NULL,NULL,NULL,NULL,NULL,NULL,NULL,NULL,NULL,NULL,NULL,NULL,NULL,NULL,NULL,NULL,NULL,NULL,NULL,NULL,NULL,AFD6687D-2F92-4A46-A75E-2FA5398BB833,NULL,NULL,0,0.00,NULL,0,1,NULL,NULL,2023-02-23 13:27:43.000,2023-02-23 13:27:43.000
15BC0DC4-8150-4FD1-8AB2-599CD8E5051F,8000062B-1677194304,JT's Parts & Accessories,JT's Parts & Accessories,NULL,NULL,NULL,NULL,NULL,JT's Parts & Accessories,5980 Goodwin Road,NULL,NULL,Cashmere,WA,98815,NULL,NULL,NULL,NULL,NULL,NULL,NULL,NULL,NULL,866-349-6801 Ext 123,NULL,NULL,NULL,NULL,mik@justdifferentials.com,NULL,NULL,NULL,NULL,NULL,NULL,A5DDE231-3987-4FF7-A2B7-068A55D1B562,NULL,NULL,0,0.00,NULL,0,1,NULL,NULL,2023-02-23 16:18:24.000,2023-02-23 16:18:24.000
30292B1C-DF4C-4F7B-9DF7-5A2E9F170274,80002A07-1680823514,.Summerlyn Lemmon,.Summerlyn Lemmon,NULL,NULL,NULL,NULL,NULL,Summerlyn Lemmon,41 Keaa St.,NULL,NULL,Hilo,HI,96720,NULL,NULL,NULL,NULL,NULL,NULL,NULL,NULL,NULL,NULL,NULL,NULL,NULL,NULL,NULL,NULL,NULL,Summerlyn Lemmon,NULL,NULL,NULL,NULL,NULL,NULL,0,0.00,NULL,0,1,NULL,NULL,2023-04-06 16:25:14.000,2023-04-06 16:33:34.000
55EB5A9E-48A9-4AE4-811F-5A32118BC0EE,8000069D-1677194356,Thread Check Inc,Thread Check Inc,NULL,NULL,NULL,NULL,NULL,Thread Check Inc,NULL,NULL,NULL,NULL,NULL,NULL,NULL,NULL,NULL,NULL,NULL,NULL,NULL,NULL,NULL,800-767-7633,NULL,NULL,NULL,NULL,NULL,NULL,NULL,Thread Check Inc,NULL,NULL,NULL,A5DDE231-3987-4FF7-A2B7-068A55D1B562,NULL,NULL,0,0.00,NULL,0,1,NULL,NULL,2023-02-23 16:19:16.000,2023-02-23 16:19:16.000
6184DA58-BA64-4C9D-A7B0-5A3947924EAC,80000613-1677194293,Hose Techniques,Hose Techniques,NULL,NULL,NULL,NULL,NULL,Hose Techniques LLC,102 Trenton Creek Lane,NULL,NULL,Meridianville,AL,35759,NULL,NULL,NULL,NULL,NULL,NULL,NULL,NULL,NULL,310-330-6111,NULL,NULL,NULL,NULL,luckey@hosetech.net,NULL,NULL,NULL,NULL,NULL,NULL,A5DDE231-3987-4FF7-A2B7-068A55D1B562,NULL,NULL,0,424.37,NULL,0,1,NULL,NULL,2023-02-23 16:18:13.000,2025-04-15 07:43:37.000
77A58A29-72F0-43DF-BBAA-5A3ABA788BF9,80000100-1677182935,Daystar Products,Daystar Products,NULL,NULL,NULL,NULL,NULL,Daystar Products,PO Box 7,NULL,NULL,Tolleson,AZ,85353,NULL,NULL,NULL,NULL,NULL,NULL,NULL,NULL,NULL,(623) 907-0081,NULL,NULL,NULL,623-907-0088,neworders@daystarproducts.com,NULL,NULL,NULL,NULL,NULL,NULL,NULL,NULL,NULL,0,0.00,NULL,0,1,NULL,NULL,2023-02-23 13:08:55.000,2025-04-16 09:52:35.000
020A70D9-7C37-483F-A264-5A7E634546F3,80000024-1677182803,Ace Glass Tinting,Ace Glass Tinting,NULL,NULL,NULL,NULL,NULL,Ace Glass Tinting,NULL,NULL,NULL,NULL,NULL,NULL,NULL,NULL,NULL,NULL,NULL,NULL,NULL,NULL,NULL,NULL,NULL,NULL,NULL,NULL,NULL,NULL,NULL,NULL,NULL,NULL,NULL,NULL,NULL,NULL,0,0.00,NULL,0,1,NULL,NULL,2023-02-23 13:06:43.000,2023-02-23 13:23:50.000
9D52C2DA-9895-4FBD-9952-5B3460852782,80000002-1677182785,.Anthony Haag,.Anthony Haag,NULL,NULL,NULL,NULL,NULL,Anthony Haag,7350 Steward Lane,NULL,NULL,Colorado Springs,CO,80922,NULL,NULL,NULL,NULL,NULL,NULL,NULL,NULL,NULL,NULL,NULL,NULL,NULL,NULL,NULL,NULL,NULL,NULL,NULL,NULL,NULL,NULL,NULL,NULL,0,0.00,NULL,0,1,NULL,NULL,2023-02-23 13:06:25.000,2023-02-23 13:23:33.000
42AD566D-8FEE-4D38-B9D1-5BC1FC2C03DE,80000320-1677184259,Value Web,Value Web,NULL,NULL,NULL,NULL,NULL,Value Web,P.O. Box 550039,NULL,NULL,Tampa,FL,33655-0039,NULL,NULL,NULL,NULL,NULL,NULL,NULL,NULL,NULL,(800) 934-6788,NULL,NULL,NULL,(954) 334-8001,NULL,NULL,NULL,NULL,NULL,NULL,NULL,NULL,NULL,NULL,0,0.00,NULL,0,1,NULL,NULL,2023-02-23 13:30:59.000,2023-02-23 13:30:59.000
C54E0D94-C7E2-4F3C-820E-5BD423F95A6D,80003A46-1707319669,TNT Plumbing AZ,TNT Plumbing AZ,NULL,NULL,NULL,NULL,NULL,TNT Plumbing AZ,718 Apache Dr,NULL,NULL,Lake Havasu City,AZ,86406,NULL,NULL,NULL,NULL,NULL,NULL,NULL,NULL,NULL,NULL,NULL,NULL,NULL,NULL,NULL,NULL,NULL,NULL,NULL,NULL,NULL,AFD6687D-2F92-4A46-A75E-2FA5398BB833,NULL,NULL,0,0.00,NULL,0,1,NULL,NULL,2024-02-07 08:27:49.000,2024-02-07 08:30:58.000
1C234CE7-6F40-4524-8006-5C301BB4C863,800006A5-1677194360,Toyota of Puyallup,Toyota of Puyallup,NULL,NULL,NULL,NULL,NULL,Toyota of Puyallup,1400 River Road,NULL,NULL,Puyallup,WA,98371,NULL,NULL,NULL,NULL,NULL,NULL,NULL,NULL,NULL,253-286-6000,NULL,NULL,NULL,NULL,NULL,NULL,NULL,Toyota of Puyllaup,NULL,NULL,NULL,A5DDE231-3987-4FF7-A2B7-068A55D1B562,NULL,NULL,0,0.00,NULL,0,1,NULL,NULL,2023-02-23 16:19:20.000,2023-02-23 16:19:20.000
89DD4EDA-891D-4CD2-B6CA-5C74C301CC45,800005EA-1677194274,DPI Offroad,DPI Offroad,NULL,NULL,NULL,NULL,NULL,DPI Offroad,841S 71st Ave,NULL,NULL,Phoenix,AZ,85043,NULL,NULL,NULL,NULL,NULL,NULL,NULL,NULL,NULL,1800-595-7659,NULL,NULL,NULL,NULL,sales@dpioffroad.com,NULL,NULL,DPI Offroad,NULL,NULL,NULL,A5DDE231-3987-4FF7-A2B7-068A55D1B562,NULL,NULL,0,0.00,NULL,0,1,NULL,NULL,2023-02-23 16:17:54.000,2023-02-23 16:17:54.000
5726BD73-97EA-43E8-AA23-5CA15DBD9B95,800029D2-1678831544,.John Orr,.John Orr,NULL,NULL,NULL,NULL,NULL,John Orr,2 West Elm Street,NULL,NULL,Tucson,AZ,85705,NULL,NULL,NULL,NULL,NULL,NULL,NULL,NULL,NULL,520-624-5735,NULL,NULL,NULL,NULL,NULL,NULL,NULL,John Orr,NULL,NULL,NULL,NULL,NULL,NULL,0,0.00,NULL,0,1,NULL,NULL,2023-03-14 15:05:44.000,2023-03-14 15:27:03.000
4B8C1034-9ACF-4E56-8963-5CFF7CE23C45,80000666-1677194332,Procomp Motorsports,Procomp Motorsports,NULL,Craig,NULL,EXT 116,NULL,Procomp,Craig EXT 116,1101 W. Rialto Ave,NULL,Rialto,CA,92376,NULL,NULL,NULL,NULL,NULL,NULL,NULL,NULL,NULL,909-605-1123,NULL,NULL,NULL,909-974-1155,kh@procompelectronics.com,NULL,NULL,Procomp,NULL,NULL,NULL,A5DDE231-3987-4FF7-A2B7-068A55D1B562,NULL,NULL,0,0.00,NULL,0,1,NULL,NULL,2023-02-23 16:18:52.000,2023-02-23 16:18:52.000
7A3ABB3F-C5B0-4635-9110-5D3A2AFE75A3,80000330-1677184267,Walmart,Walmart,NULL,NULL,NULL,NULL,NULL,Walmart,NULL,NULL,NULL,NULL,NULL,NULL,NULL,NULL,NULL,NULL,NULL,NULL,NULL,NULL,NULL,NULL,NULL,NULL,NULL,NULL,NULL,NULL,NULL,NULL,NULL,NULL,NULL,NULL,NULL,NULL,0,0.00,NULL,0,0,NULL,NULL,2023-02-23 13:31:07.000,2023-02-23 13:31:07.000
90635D33-6344-4927-95D4-5D57576E8853,80002A28-1684448519,ShipStation,ShipStation,NULL,NULL,NULL,NULL,NULL,ShipStation,4301 Bull Creek Road,NULL,NULL,Austin,TX,78731,NULL,NULL,NULL,NULL,NULL,NULL,NULL,NULL,NULL,512-485-4282,NULL,NULL,NULL,NULL,NULL,NULL,NULL,Shipstation,NULL,NULL,NULL,NULL,NULL,NULL,0,0.00,NULL,0,1,NULL,NULL,2023-05-18 15:21:59.000,2025-03-11 11:55:22.000
41ABD595-BF8E-4030-B774-5D5D4AF4EBDC,80000592-1677194235,99 Designs,99 Designs,NULL,NULL,NULL,NULL,NULL,99 Designs,2201 Broadway Suite 815,NULL,NULL,Oakland,CA,94612,NULL,NULL,NULL,NULL,NULL,NULL,NULL,NULL,NULL,1 800 513 1678,NULL,NULL,NULL,NULL,NULL,NULL,NULL,99 Designs,NULL,NULL,NULL,F9951A1C-DEA6-43D9-8D46-A9C4985EF3B2,NULL,NULL,0,0.00,NULL,0,0,NULL,NULL,2023-02-23 16:17:15.000,2023-02-23 16:17:15.000
E13B28E9-9C5C-4A6D-A263-5D60511EC1C9,80006AD4-1734632695,Florida Department of Revenue,Florida Department of Revenue,NULL,NULL,NULL,NULL,NULL,Florida Department of Revenue,Out of State Collections Unit,1415 W US Highway 90 STE 115,NULL,Lake City,FL,32055-5165,NULL,NULL,NULL,NULL,NULL,NULL,NULL,NULL,NULL,NULL,NULL,NULL,NULL,NULL,NULL,NULL,NULL,NULL,NULL,NULL,NULL,AFD6687D-2F92-4A46-A75E-2FA5398BB833,NULL,NULL,0,0.00,NULL,0,1,NULL,NULL,2024-12-19 11:24:55.000,2025-03-26 12:07:18.000
92D12F65-14C0-4BA1-B081-5D7365A20577,80000324-1677184261,Veritiv,Veritiv,NULL,Devon,NULL,Mackey,NULL,Veritiv,PO Box 57006,NULL,NULL,Los Angeles,CA,90074-7006,NULL,NULL,NULL,NULL,NULL,NULL,NULL,NULL,NULL,602-818-1215,NULL,NULL,NULL,NULL,Devon.Mackey@veritivcorp.com,NULL,NULL,Veritiv,NULL,NULL,NULL,162BFAF4-5263-465D-8B19-90688B4184CF,NULL,NULL,0,0.00,NULL,0,1,NULL,NULL,2023-02-23 13:31:01.000,2025-04-16 10:19:01.000
09595E57-B904-4BC5-9317-5D78409A7EC5,800002DF-1677184224,Test Vendor,Test Vendor,NULL,NULL,NULL,NULL,NULL,Test Vendor,NULL,NULL,NULL,NULL,NULL,NULL,NULL,NULL,NULL,NULL,NULL,NULL,NULL,NULL,NULL,NULL,NULL,NULL,NULL,NULL,NULL,NULL,NULL,Test Vendor,NULL,NULL,NULL,AFD6687D-2F92-4A46-A75E-2FA5398BB833,NULL,NULL,0,0.00,NULL,0,1,NULL,NULL,2023-02-23 13:30:24.000,2023-02-23 13:30:24.000
97C5A0E1-9B5F-42DE-9D4E-5D9D24C12FA6,8000061B-1677194296,Irmco1,Irmco,NULL,NULL,NULL,NULL,NULL,Irmco,2117 Greenleaf St,NULL,NULL,Evanston,IL,60202-1088,NULL,NULL,NULL,NULL,NULL,NULL,NULL,NULL,NULL,800-323-2933,NULL,NULL,NULL,NULL,NULL,NULL,NULL,Irmco,NULL,NULL,NULL,A5DDE231-3987-4FF7-A2B7-068A55D1B562,NULL,NULL,0,0.00,NULL,0,1,NULL,NULL,2023-02-23 16:18:16.000,2023-02-23 16:18:16.000
CE34CBC9-1A73-47A9-B2EF-5DA63DFB1B90,80002A4C-1691606099,Century Link,Century Link,NULL,NULL,NULL,NULL,NULL,Century Link,NULL,NULL,NULL,NULL,NULL,NULL,NULL,NULL,NULL,NULL,NULL,NULL,NULL,NULL,NULL,NULL,NULL,NULL,NULL,NULL,NULL,NULL,NULL,Century Link,NULL,NULL,NULL,NULL,NULL,NULL,0,0.00,NULL,0,1,NULL,NULL,2023-08-09 11:34:59.000,2024-08-19 11:04:29.000
1E321BD1-E149-4A88-980D-5E9083D472C4,80006EAF-1737131583,Higueras Mobile Detailing,Higueras Mobile Detailing,NULL,NULL,NULL,NULL,NULL,Higueras Mobile Detailing,NULL,NULL,NULL,NULL,NULL,NULL,NULL,NULL,NULL,NULL,NULL,NULL,NULL,NULL,NULL,NULL,NULL,NULL,NULL,NULL,NULL,NULL,NULL,NULL,NULL,NULL,NULL,NULL,NULL,NULL,0,0.00,NULL,0,1,NULL,NULL,2025-01-17 09:33:03.000,2025-01-17 09:33:50.000
ED0E2581-2665-4C37-8758-5EEAEF846AD6,800002E1-1677184225,The Converter Shop /TCS Perf.,The Converter Shop /TCS Perf.,NULL,NULL,NULL,NULL,NULL,The Converter Shop /TCS Perf.,2180 College Drive,NULL,NULL,Lake Havasu City,AZ,86403,NULL,NULL,NULL,NULL,NULL,NULL,NULL,NULL,NULL,928-453-4020,NULL,NULL,NULL,928-453-4023,www.tcsperformance.com,NULL,NULL,NULL,NULL,NULL,NULL,AFD6687D-2F92-4A46-A75E-2FA5398BB833,NULL,NULL,0,0.00,NULL,0,1,NULL,NULL,2023-02-23 13:30:25.000,2023-02-23 13:30:25.000
A704548F-8F15-46DD-9269-5F9144F41A1C,800059BE-1724176070,Comcast of Tucsan,Comcast of Tucsan,NULL,NULL,NULL,NULL,NULL,Comcast of Tucsan,NULL,NULL,NULL,NULL,NULL,NULL,NULL,NULL,NULL,NULL,NULL,NULL,NULL,NULL,NULL,NULL,NULL,NULL,NULL,NULL,NULL,NULL,NULL,NULL,NULL,NULL,NULL,A5DDE231-3987-4FF7-A2B7-068A55D1B562,NULL,NULL,0,0.00,NULL,0,1,NULL,NULL,2024-08-20 10:47:50.000,2025-04-09 09:57:29.000
EBB34801-757E-43D3-A28C-5F98293EC3D8,80000226-1677184111,OBD Diagnostics Inc.,OBD Diagnostics Inc.,NULL,NULL,NULL,NULL,NULL,OBD Diagnostics Inc.,P.O. Box,2121 Ruhland,NULL,Redondo Beach,CA,90278,NULL,NULL,NULL,NULL,NULL,NULL,NULL,NULL,NULL,310-793-2410,NULL,NULL,NULL,310-807-8332,sales@obd2allinone.com,NULL,NULL,NULL,NULL,NULL,NULL,NULL,NULL,NULL,0,0.00,NULL,0,1,NULL,NULL,2023-02-23 13:28:31.000,2023-02-23 13:28:31.000
D22ED868-C906-458C-826D-5FA1E92CE057,80000609-1677194288,"Haas Automation, Inc","Haas Automation, Inc",NULL,NULL,NULL,NULL,NULL,Ellison Machinery Company,1610 S. Priest Dr,Suite 101,NULL,Tempe,AZ,85281,NULL,NULL,NULL,NULL,NULL,NULL,NULL,NULL,NULL,800-331-6746,NULL,NULL,NULL,805-278-2255,NULL,NULL,NULL,NULL,NULL,NULL,NULL,A5DDE231-3987-4FF7-A2B7-068A55D1B562,NULL,NULL,0,2630.69,NULL,0,1,NULL,NULL,2023-02-23 16:18:08.000,2025-01-09 11:40:48.000
7E690F25-E2D7-4428-8BF3-5FA79F636901,800001A4-1677183049,"Iribe, Gerardo (King Shocks)","Iribe, Gerardo (King Shocks)",NULL,NULL,NULL,NULL,NULL,"Iribe, Gerardo (King Shocks)","13161 Benton Street,  Apt. #C",NULL,NULL,Garden Grove,CA,92843,NULL,NULL,NULL,NULL,NULL,NULL,NULL,NULL,NULL,714-497-5598,NULL,NULL,NULL,NULL,NULL,NULL,NULL,NULL,NULL,NULL,NULL,NULL,NULL,NULL,0,0.00,NULL,0,1,NULL,NULL,2023-02-23 13:10:49.000,2023-02-23 13:27:18.000
96F201A8-F9FB-4A9B-90ED-5FD12FEDA224,80000634-1677194308,Lady Di's Florist,Lady Di's Florist,NULL,NULL,NULL,NULL,NULL,Lady Di's Florist,NULL,NULL,NULL,NULL,NULL,NULL,NULL,NULL,NULL,NULL,NULL,NULL,NULL,NULL,NULL,NULL,NULL,NULL,NULL,NULL,NULL,NULL,NULL,NULL,NULL,NULL,NULL,A5DDE231-3987-4FF7-A2B7-068A55D1B562,NULL,NULL,0,0.00,NULL,0,1,NULL,NULL,2023-02-23 16:18:28.000,2023-02-23 16:18:28.000
EB8CC9AB-725A-40EB-A554-6010A2A3E919,800002A4-1677184185,Sequoia Insurance Company,Sequoia Insurance Company,NULL,NULL,NULL,NULL,NULL,Sequoia Insurance Company,Dept #33765,PO Box 39000,NULL,San Francisco,CA,94139,NULL,NULL,NULL,NULL,NULL,NULL,NULL,NULL,NULL,888-704-1384 Opt 3,NULL,NULL,NULL,NULL,NULL,NULL,NULL,NULL,NULL,NULL,NULL,AFD6687D-2F92-4A46-A75E-2FA5398BB833,NULL,NULL,0,0.00,NULL,0,1,NULL,NULL,2023-02-23 13:29:45.000,2023-02-23 13:29:45.000
4785E97E-67DF-442D-BAAB-6094799EDCE2,80000211-1677184099,Mohave Shred,Mohave Shred,NULL,NULL,NULL,NULL,NULL,Mohave Shred,3640 Hwy 95 STE 145,NULL,NULL,Bullhead City,AZ,86442,NULL,NULL,NULL,NULL,NULL,NULL,NULL,NULL,NULL,NULL,NULL,NULL,NULL,NULL,NULL,NULL,NULL,NULL,NULL,NULL,NULL,162BFAF4-5263-465D-8B19-90688B4184CF,NULL,NULL,0,0.00,NULL,0,1,NULL,NULL,2023-02-23 13:28:19.000,2023-02-23 13:28:19.000
9E7A029C-8821-44EF-9073-60BAC0E75FA1,80006E39-1736873972,Pacific Blast,Pacific Blast,NULL,NULL,NULL,NULL,NULL,Pacific Blast,NULL,NULL,NULL,NULL,NULL,NULL,NULL,NULL,NULL,NULL,NULL,NULL,NULL,NULL,NULL,NULL,NULL,NULL,NULL,NULL,NULL,NULL,NULL,NULL,NULL,NULL,NULL,A5DDE231-3987-4FF7-A2B7-068A55D1B562,NULL,NULL,0,0.00,NULL,0,1,NULL,NULL,2025-01-14 09:59:32.000,2025-04-14 10:23:07.000
8F880D4B-FFFB-406E-889F-60DE904A957E,8000000A-1677182788,.Scott Metz,.Scott Metz,NULL,NULL,NULL,NULL,NULL,Scott Metz,2 Brantley Cove,NULL,NULL,Conway,AR,72032,NULL,NULL,NULL,NULL,NULL,NULL,NULL,NULL,NULL,501-548-5724,NULL,NULL,NULL,NULL,NULL,NULL,NULL,NULL,NULL,NULL,NULL,NULL,NULL,NULL,0,0.00,NULL,0,1,NULL,NULL,2023-02-23 13:06:28.000,2023-02-23 13:23:36.000
8182DA44-4390-4A05-A7A6-60EFC06FD259,80000331-1677184267,Warrior Products,Warrior Products,NULL,NULL,NULL,NULL,NULL,Warrior Products,11100 SW Industrial Way,NULL,NULL,Tualatin,OR,97062,NULL,NULL,NULL,NULL,NULL,NULL,NULL,NULL,NULL,888-220-6861,NULL,NULL,NULL,503-692-0364,www.warriorproducts.com,NULL,NULL,NULL,NULL,NULL,NULL,NULL,NULL,NULL,0,0.00,NULL,0,1,NULL,NULL,2023-02-23 13:31:07.000,2023-02-23 13:31:07.000
8426A11D-AD78-4EF0-9B98-610AD0FFBE24,8000024C-1677184129,Perfect Power,Perfect Power,NULL,NULL,NULL,NULL,NULL,Perfect Power,VENDOR,NULL,NULL,NULL,NULL,NULL,NULL,NULL,NULL,NULL,NULL,NULL,NULL,NULL,NULL,(732) 591-1245,NULL,NULL,NULL,(732) 591-0228,NULL,NULL,NULL,NULL,NULL,NULL,NULL,NULL,NULL,NULL,0,0.00,NULL,0,1,NULL,NULL,2023-02-23 13:28:49.000,2023-02-23 13:28:49.000
26347CFE-04AA-4FE2-A207-6179749B52CE,80000170-1677183008,Good Friends Services,Good Friends Services,NULL,NULL,NULL,NULL,NULL,Good Friends Services,NULL,NULL,NULL,NULL,NULL,NULL,NULL,NULL,NULL,NULL,NULL,NULL,NULL,NULL,NULL,NULL,NULL,NULL,NULL,NULL,NULL,NULL,NULL,Good Friends Services,NULL,NULL,NULL,AFD6687D-2F92-4A46-A75E-2FA5398BB833,NULL,NULL,0,0.00,NULL,0,1,NULL,NULL,2023-02-23 13:10:08.000,2023-02-23 13:26:47.000
67977AF3-E8AF-45F0-8797-617B42F17D00,800029FD-1680642409,.Steven Katich,.Steven Katich,NULL,NULL,NULL,NULL,NULL,Steven Katich,2200 N. Moapa Valley Blvd,NULL,NULL,Logandale,NV,89021,NULL,NULL,NULL,NULL,NULL,NULL,NULL,NULL,NULL,NULL,NULL,NULL,NULL,NULL,NULL,NULL,NULL,Steven Katich,NULL,NULL,NULL,NULL,NULL,NULL,0,0.00,NULL,0,0,NULL,NULL,2023-04-04 14:06:49.000,2023-04-04 14:09:37.000
930CE774-503B-4642-AFCC-61B9BE6E2725,8000062D-1677194305,K & L Supply,K & L Supply,NULL,NULL,NULL,NULL,NULL,K & L Supply,"2099 S. 10th Street, Unit#80",NULL,NULL,San Jose,CA,95112,NULL,NULL,NULL,NULL,NULL,NULL,NULL,NULL,NULL,(800) 727-6767x247 Ph,NULL,NULL,NULL,408-727-1576,phil.hasz@klsupply.com,NULL,NULL,K&L Supply,NULL,NULL,NULL,A5DDE231-3987-4FF7-A2B7-068A55D1B562,NULL,NULL,0,0.00,NULL,0,1,NULL,NULL,2023-02-23 16:18:25.000,2023-02-23 16:18:25.000
2E32CE4E-0B74-418E-8566-622A21AD068E,80005C96-1725981722,NIC Industries,NIC Industries,NULL,NULL,NULL,NULL,NULL,NIC Industries,NULL,NULL,NULL,NULL,NULL,NULL,NULL,NULL,NULL,NULL,NULL,NULL,NULL,NULL,NULL,NULL,NULL,NULL,NULL,NULL,NULL,NULL,NULL,NULL,NULL,NULL,NULL,A5DDE231-3987-4FF7-A2B7-068A55D1B562,NULL,NULL,0,0.00,NULL,0,1,NULL,NULL,2024-09-10 08:22:02.000,2025-04-14 10:34:15.000
E9B7F002-1A3F-4B86-9AFA-62328E4480A1,80000025-1677182804,Ace Race Parts,Ace Race Parts,NULL,Rich,NULL,NULL,NULL,Ace Race Parts,8108 River Dr SE Ste 106,NULL,NULL,Tumwater,WA,98501,NULL,NULL,NULL,NULL,NULL,NULL,NULL,NULL,NULL,253-256-2090,NULL,NULL,NULL,NULL,NULL,NULL,NULL,Ace Race Parts,NULL,NULL,NULL,NULL,NULL,NULL,0,0.00,NULL,0,1,NULL,NULL,2023-02-23 13:06:44.000,2023-02-23 13:23:50.000
C1174D15-1B1A-4D51-8502-62FD125A3498,800005B7-1677194251,AZ. Corporation Commission,AZ. Corporation Commission,NULL,NULL,NULL,NULL,NULL,AZ. Corporation Commission,1300 West Washington,NULL,NULL,Phoenix,AZ,85007-2929,NULL,NULL,NULL,NULL,NULL,NULL,NULL,NULL,NULL,(928) 854-5588,NULL,NULL,NULL,NULL,NULL,NULL,NULL,NULL,NULL,NULL,NULL,A5DDE231-3987-4FF7-A2B7-068A55D1B562,NULL,NULL,0,0.00,NULL,0,1,NULL,NULL,2023-02-23 16:17:31.000,2023-09-05 18:15:33.000
A7D740F4-B806-4040-9FB7-6432818C96F8,8000030A-1677184249,Unichip of North America,Unichip of North America,NULL,NULL,NULL,NULL,NULL,Unichip of North America,"2615 SE 39th Loop, Suite #B",tony in tech cell 503-720-3529,NULL,Hillsboro,OR,97123,NULL,NULL,NULL,NULL,NULL,NULL,NULL,NULL,NULL,(866) 643-7400,NULL,NULL,NULL,(503) 214-6444,NULL,NULL,NULL,NULL,NULL,NULL,NULL,NULL,NULL,NULL,0,0.00,NULL,0,1,NULL,NULL,2023-02-23 13:30:49.000,2023-02-23 13:30:49.000
2CBB8390-3156-4A43-816D-645195D5FAAC,80002A3A-1688058150,william Wheeling,william Wheeling,NULL,NULL,NULL,NULL,NULL,William Wheeling,1415 SW Bridge St,NULL,NULL,Grants Pass,OR,97526,NULL,NULL,NULL,NULL,NULL,NULL,NULL,NULL,NULL,NULL,NULL,NULL,NULL,NULL,NULL,NULL,NULL,NULL,NULL,NULL,NULL,AFD6687D-2F92-4A46-A75E-2FA5398BB833,NULL,NULL,0,0.00,NULL,0,1,NULL,NULL,2023-06-29 10:02:30.000,2023-06-29 10:05:54.000
B8264C1E-2FB3-4726-95AA-6451C04BC728,8000024F-1677184131,"Performance Distributors, Inc. /  AKA DUI","Performance Distributors, Inc. /  AKA DUI",NULL,NULL,NULL,NULL,NULL,"Performance Distributors, Inc. /  AKA DUI",2699 Barris Drive,NULL,NULL,Memphis,TN,38132,NULL,NULL,NULL,NULL,NULL,NULL,NULL,NULL,NULL,901-396-5782 Brian/Sh,NULL,NULL,901-396-7231,901 396  5783,info@performancedistributors.com,NULL,NULL,NULL,NULL,NULL,NULL,162BFAF4-5263-465D-8B19-90688B4184CF,NULL,NULL,0,2266.37,NULL,0,1,NULL,NULL,2023-02-23 13:28:51.000,2025-04-17 08:31:08.000
159215BB-3288-457A-83F5-64841D69333D,80000264-1677184142,Playcraft Boats,Playcraft Boats,NULL,NULL,NULL,NULL,NULL,Playcraft Boats,PO Box 708,NULL,NULL,Richland,MO,65556,NULL,NULL,NULL,NULL,NULL,NULL,NULL,NULL,NULL,573-765-3265,NULL,NULL,NULL,NULL,NULL,NULL,NULL,Playcraft Boats,NULL,NULL,NULL,NULL,NULL,NULL,0,0.00,NULL,0,1,NULL,NULL,2023-02-23 13:29:02.000,2023-02-23 13:29:02.000
9D694064-98C2-4063-803F-649D5A674EFB,80000659-1677194326,Ohio Tax Payment,Ohio Tax Payment,NULL,NULL,NULL,NULL,NULL,Ohio Tax,150 E Gay Street,NULL,NULL,Columbus,OH,43215,NULL,NULL,NULL,NULL,NULL,NULL,NULL,NULL,NULL,NULL,NULL,NULL,NULL,NULL,NULL,NULL,NULL,Ohio Tax,NULL,NULL,NULL,51F6B9E0-F513-4510-9C25-C5B7FC7B1FD4,NULL,NULL,0,0.00,NULL,0,1,NULL,NULL,2023-02-23 16:18:46.000,2023-02-23 16:18:46.000
C09DCA4C-AEC5-4667-8114-64A0E7FDCE08,800005C3-1677194257,BlackHawk Industrial Supply,BlackHawk Industrial Supply,NULL,NULL,NULL,NULL,NULL,BlackHawk Industrial Supply,NULL,NULL,NULL,NULL,NULL,NULL,NULL,NULL,NULL,NULL,NULL,NULL,NULL,NULL,NULL,855-610-1001,NULL,NULL,NULL,NULL,NULL,NULL,NULL,BlackHawk Industrial Supply,NULL,NULL,NULL,A5DDE231-3987-4FF7-A2B7-068A55D1B562,NULL,NULL,0,0.00,NULL,0,1,NULL,NULL,2023-02-23 16:17:37.000,2025-01-03 10:30:10.000
4F7B4B0B-403B-4D3B-883D-64D29ECB64FE,80000013-1677182793,4Wheelparts,4Wheelparts,NULL,NULL,NULL,NULL,NULL,4Wheelparts,400 W. Artesia Blvd,NULL,NULL,Compton,CA,90220,NULL,NULL,NULL,NULL,NULL,NULL,NULL,NULL,NULL,877-474-4821,NULL,NULL,NULL,NULL,NULL,NULL,NULL,4Wheelparts,NULL,NULL,NULL,NULL,NULL,NULL,0,0.00,NULL,0,0,NULL,NULL,2023-02-23 13:06:33.000,2023-02-23 13:23:41.000
A8C05046-632F-480F-AD1D-64F7BB7E6AF7,80000225-1677184111,Oakos Automotive,Oakos Automotive,NULL,NULL,NULL,NULL,NULL,Oakos Automotive,44019 Phoenix Drive,NULL,NULL,Sterling Heights,MI,48314,NULL,NULL,NULL,NULL,NULL,NULL,NULL,NULL,NULL,586-803-1750,NULL,NULL,NULL,NULL,NULL,NULL,NULL,Oakos Automotive,NULL,NULL,NULL,NULL,NULL,NULL,0,0.00,NULL,0,1,NULL,NULL,2023-02-23 13:28:31.000,2023-02-23 13:28:31.000
0439422D-4970-49C9-8310-656C117E3603,800029E4-1679522184,Best Buy,Best Buy,NULL,NULL,NULL,NULL,NULL,Best Buy,NULL,NULL,NULL,NULL,NULL,NULL,NULL,NULL,NULL,NULL,NULL,NULL,NULL,NULL,NULL,NULL,NULL,NULL,NULL,NULL,NULL,NULL,NULL,Best Buy,NULL,NULL,NULL,NULL,NULL,NULL,0,0.00,NULL,0,1,NULL,NULL,2023-03-22 14:56:24.000,2024-02-14 11:02:02.000
C843D032-E3B0-4AE5-9E2A-6592DFDAB433,8000011B-1677182953,Dynamic Carpet Care,Dynamic Carpet Care,NULL,NULL,NULL,NULL,NULL,Dynamic Carpet Care,P.O. Box 301,NULL,NULL,Lake Havasu City,AZ,86405-0301,NULL,NULL,NULL,NULL,NULL,NULL,NULL,NULL,NULL,928-680-4116,NULL,NULL,NULL,NULL,NULL,NULL,NULL,NULL,NULL,NULL,NULL,NULL,NULL,NULL,0,0.00,NULL,0,1,NULL,NULL,2023-02-23 13:09:13.000,2023-02-23 13:26:03.000
047BCF88-B98E-4F6F-BDDA-65B3FBA316F0,800002B9-1677184200,Source 4 Industries,Source 4 Industries,NULL,NULL,NULL,NULL,NULL,Source 4 Industries,"4436 Lawrence Street, Suite B",NULL,NULL,North Las Vegas,NV,89081,NULL,NULL,NULL,NULL,NULL,NULL,NULL,NULL,NULL,(702) 734-8848,NULL,NULL,NULL,702-734-8939,NULL,NULL,NULL,NULL,NULL,NULL,NULL,NULL,NULL,NULL,0,0.00,NULL,0,1,NULL,NULL,2023-02-23 13:30:00.000,2023-02-23 13:30:00.000
57A39BF7-5109-45E1-818A-65FE89F9E312,80005604-1721844040,midway,midway,NULL,NULL,NULL,NULL,NULL,midway,NULL,NULL,NULL,NULL,NULL,NULL,NULL,NULL,NULL,NULL,NULL,NULL,NULL,NULL,NULL,NULL,NULL,NULL,NULL,NULL,NULL,NULL,NULL,NULL,NULL,NULL,NULL,NULL,NULL,NULL,0,0.00,NULL,0,1,NULL,NULL,2024-07-24 11:00:40.000,2024-07-24 11:02:19.000
B8F2D655-E8B5-40DC-A32D-6617E2AADD02,80000293-1677184170,Rosati's,Rosati's,NULL,NULL,NULL,NULL,NULL,Rosati's,NULL,NULL,NULL,NULL,NULL,NULL,NULL,NULL,NULL,NULL,NULL,NULL,NULL,NULL,NULL,NULL,NULL,NULL,NULL,NULL,NULL,NULL,NULL,NULL,NULL,NULL,NULL,NULL,NULL,NULL,0,0.00,NULL,0,1,NULL,NULL,2023-02-23 13:29:30.000,2024-07-25 09:21:53.000
DBF4DC69-30F9-4305-894D-6664A66D3C60,800002DD-1677184223,Technology Insurance Co.,Technology Insurance Co.,NULL,NULL,NULL,NULL,NULL,Technology Insurance Co.,P.O. Box 318004,NULL,NULL,Cleveland,OH,44131-8004,NULL,NULL,NULL,NULL,NULL,NULL,NULL,NULL,NULL,(480) 786-2008,NULL,NULL,NULL,NULL,NULL,NULL,NULL,NULL,NULL,NULL,NULL,NULL,NULL,NULL,0,0.00,NULL,0,1,NULL,NULL,2023-02-23 13:30:23.000,2023-02-23 13:30:23.000
312437F5-F98A-4272-97B6-666EB8C3366D,800001E7-1677184075,Louie's Black Oxide,Louie's Black Oxide Do Not USE,NULL,NULL,NULL,NULL,NULL,Louie's Metal Finishing,2008 W. Jackson St,NULL,NULL,Phoenix,AZ,85009,NULL,NULL,NULL,NULL,NULL,NULL,NULL,NULL,NULL,602-257-0530,NULL,NULL,NULL,NULL,NULL,NULL,NULL,Louie's Black Oxide,NULL,NULL,NULL,AFD6687D-2F92-4A46-A75E-2FA5398BB833,NULL,NULL,0,0.00,NULL,0,1,NULL,NULL,2023-02-23 13:27:55.000,2023-02-23 13:27:55.000
EA10488B-53D8-4BE7-80D4-6686292B5D1B,8000026D-1677184147,Prime Toyota,Prime Toyota,NULL,NULL,NULL,NULL,NULL,Prime Toyota,783 Portland Road,NULL,NULL,Saco,ME,4072,NULL,NULL,NULL,NULL,NULL,NULL,NULL,NULL,NULL,207-571-3804,NULL,NULL,NULL,NULL,NULL,NULL,NULL,NULL,NULL,NULL,NULL,NULL,NULL,NULL,0,0.00,NULL,0,1,NULL,NULL,2023-02-23 13:29:07.000,2023-02-23 13:29:07.000
37CACA01-8BC9-4544-97C3-669BA3B1ECC3,8000029D-1677184177,Saia Motor Freight,Saia Motor Freight,NULL,NULL,NULL,NULL,NULL,Saia Motor Freight,PO Box  730532,NULL,NULL,Dallas,TX,75373-0532,NULL,NULL,NULL,NULL,NULL,NULL,NULL,NULL,NULL,(800) 678-2712  Quot,NULL,NULL,NULL,NULL,www.saia.com,NULL,NULL,NULL,NULL,NULL,NULL,NULL,NULL,NULL,0,0.00,NULL,0,1,NULL,NULL,2023-02-23 13:29:37.000,2023-02-23 13:29:37.000
07C1FA8E-90C7-47A9-A7AB-66B2E5B305F3,8000012C-1677182964,EMJ Corp. - Phoenix,EMJ Corp. - Phoenix,NULL,NULL,NULL,NULL,NULL,EMJ Corp. - Phoenix,PO Box 846026,NULL,NULL,Los Angeles,CA,90084-6026,NULL,NULL,NULL,NULL,NULL,NULL,NULL,NULL,NULL,(800) 352-5651,NULL,NULL,NULL,(602) 278-1007,NULL,NULL,NULL,NULL,NULL,NULL,NULL,162BFAF4-5263-465D-8B19-90688B4184CF,NULL,NULL,0,1200.75,NULL,0,1,NULL,NULL,2023-02-23 13:09:24.000,2025-04-15 07:39:52.000
90B70C3D-796C-4B81-807B-66BDECEB3C6F,8000010C-1677182942,DHL Express - USA,DHL Express - USA,NULL,NULL,NULL,NULL,NULL,DHL Express - USA,16592 Collections Center Drive,NULL,NULL,Chicago,IL,60693,NULL,NULL,NULL,NULL,NULL,NULL,NULL,NULL,NULL,(281) 875-1655,NULL,NULL,NULL,NULL,NULL,NULL,NULL,NULL,NULL,NULL,NULL,AFD6687D-2F92-4A46-A75E-2FA5398BB833,NULL,NULL,0,0.00,NULL,0,1,NULL,NULL,2023-02-23 13:09:02.000,2025-02-13 11:41:06.000
A313A85D-758C-4A25-AE18-66C9A10CF1B5,80000106-1677182939,Department of Treasury,Department of Treasury,NULL,NULL,NULL,NULL,NULL,Department of Treasury,Internal Revenue Service,PO Box 37940,NULL,Hartford,CT,06176-7940,NULL,NULL,NULL,NULL,NULL,NULL,NULL,NULL,NULL,NULL,NULL,NULL,NULL,NULL,NULL,NULL,NULL,NULL,NULL,NULL,NULL,AFD6687D-2F92-4A46-A75E-2FA5398BB833,NULL,NULL,0,0.00,NULL,0,1,NULL,NULL,2023-02-23 13:08:59.000,2023-02-23 13:25:52.000
C70FDC94-AB76-40F2-88AE-66EC6F5EF1D9,80000338-1677184271,WestAir,WestAir,NULL,NULL,NULL,NULL,NULL,WestAir,P.O. Box 620338,NULL,NULL,San Diego,CA,92162,NULL,NULL,NULL,NULL,NULL,NULL,NULL,NULL,NULL,(619-238-7571,NULL,NULL,NULL,NULL,NULL,NULL,NULL,NULL,NULL,NULL,NULL,NULL,NULL,NULL,0,0.00,NULL,0,1,NULL,NULL,2023-02-23 13:31:11.000,2023-02-23 13:31:11.000
0F207803-B308-433A-937D-670077A77A31,800001A1-1677183047,Internal Revenue Service,Internal Revenue Service,NULL,NULL,NULL,NULL,NULL,Internal Revenue Service,PO Box 37940,NULL,NULL,Hartford,CT,06176-7940,NULL,NULL,NULL,NULL,NULL,NULL,NULL,NULL,NULL,NULL,NULL,NULL,NULL,NULL,NULL,NULL,NULL,Internal Revenue Service,NULL,NULL,NULL,NULL,NULL,NULL,0,0.00,NULL,0,1,NULL,NULL,2023-02-23 13:10:47.000,2024-05-17 14:25:37.000
E6B1B71F-BBC0-4C25-8731-67385152BFD1,800000F3-1677182928,"CTA Tool, Inc.","CTA Tool, Inc.",NULL,NULL,NULL,NULL,NULL,"CTA Tool, Inc.",750 N. Lake Havasu Avenue,NULL,NULL,Lake Havasu City,AZ,86403,NULL,NULL,NULL,NULL,NULL,NULL,NULL,NULL,NULL,928-453-3200,NULL,NULL,NULL,928-453-9023,NULL,NULL,NULL,"CTA Tool, Inc.",NULL,NULL,NULL,132A30AA-42F8-40B2-AA1D-BAD6FD47F558,NULL,NULL,0,0.00,NULL,0,1,NULL,NULL,2023-02-23 13:08:48.000,2023-02-23 13:25:42.000
B9E89B31-01ED-4055-ABE8-676D3697FA0A,800002FF-1677184243,Turbonetics,Turbonetics,NULL,NULL,NULL,NULL,NULL,Turbonetics,14399 Princeton Avenue,NULL,NULL,Moore Park,CA,93021,NULL,NULL,NULL,NULL,NULL,NULL,NULL,NULL,NULL,(805) 581-0333,NULL,NULL,NULL,805-529-9499,customer@turboneticsinc.com,NULL,NULL,NULL,NULL,NULL,NULL,NULL,NULL,NULL,0,0.00,NULL,0,1,NULL,NULL,2023-02-23 13:30:43.000,2023-02-23 13:30:43.000
F53F964D-23CC-4BD3-AC7B-677FBB9E185E,80000244-1677184126,payless-4-lighting.com,payless-4-lighting.com,NULL,NULL,NULL,NULL,NULL,payless-4-lighting.com,23699 SHELBURNE RD,NULL,NULL,SHAKER HEIGHTS,OH,44122,NULL,NULL,NULL,NULL,NULL,NULL,NULL,NULL,NULL,216-533-9786,NULL,NULL,NULL,NULL,NULL,NULL,NULL,payless-4-lighting.com,NULL,NULL,NULL,NULL,NULL,NULL,0,0.00,NULL,0,1,NULL,NULL,2023-02-23 13:28:46.000,2023-02-23 13:28:46.000
07D475E9-6C16-409B-B46F-67A38AA840BC,80000051-1677182832,Anderson Toyota-Customer,Anderson Toyota-Customer,NULL,NULL,NULL,NULL,NULL,Anderson Toyota-Customer,6510 Showplace Avenue,Front Office 757-1228,NULL,Lake Havasu City,AZ,86404,NULL,NULL,NULL,NULL,NULL,NULL,NULL,NULL,NULL,928-764-2900,NULL,NULL,NULL,(928) 764-2938,NULL,NULL,NULL,NULL,NULL,NULL,NULL,NULL,NULL,NULL,0,0.00,NULL,0,1,NULL,NULL,2023-02-23 13:07:12.000,2023-02-23 13:24:15.000
ABB4E346-35AE-4990-9D7D-67D0D51BEF24,800001DA-1677184068,Lewis-Geotz & Company,Lewis-Geotz & Company,NULL,NULL,NULL,NULL,NULL,Lewis-Geotz & Company,PO Box 644819,NULL,NULL,Pittsburgh,PA,15264-4819,NULL,NULL,NULL,NULL,NULL,NULL,NULL,NULL,NULL,214-358-4335,NULL,NULL,NULL,214-358-5677,NULL,NULL,NULL,NULL,NULL,NULL,NULL,NULL,NULL,NULL,0,0.00,NULL,0,1,NULL,NULL,2023-02-23 13:27:48.000,2023-02-23 13:27:48.000
9357BEFA-56A6-47D2-8F33-67D8BE9F7AFF,800002C7-1677184210,"Stainless Headers Mfg., Inc.","Stainless Headers Mfg., Inc.",NULL,NULL,NULL,NULL,NULL,"Stainless Headers Mfg., Inc.",1616 Cliff Road East,NULL,NULL,Burnsville,MN,55337,NULL,NULL,NULL,NULL,NULL,NULL,NULL,NULL,NULL,952-890-9219,NULL,NULL,NULL,NULL,NULL,NULL,NULL,"Stainless Headers Mfg., Inc.",NULL,NULL,NULL,NULL,NULL,NULL,0,0.00,NULL,0,1,NULL,NULL,2023-02-23 13:30:10.000,2023-02-23 13:30:11.000
49F348C2-277D-4BC6-8CEE-6852559068EF,800059BF-1724176523,Progressive Insurance,Progressive Insurance,NULL,NULL,NULL,NULL,NULL,Progressive Insurance,PO Box 94739,NULL,NULL,Cleveland,OH,44101,NULL,NULL,NULL,NULL,NULL,NULL,NULL,NULL,NULL,NULL,NULL,NULL,NULL,NULL,NULL,NULL,NULL,NULL,NULL,NULL,NULL,A5DDE231-3987-4FF7-A2B7-068A55D1B562,NULL,NULL,0,0.00,NULL,0,1,NULL,NULL,2024-08-20 10:55:23.000,2024-08-20 10:56:28.000
E6DB9572-1407-46CC-8E34-68A1FD3EC022,800029D8-1678832150,.Thomas Havenda,.Thomas Havenda,NULL,NULL,NULL,NULL,NULL,Thomas Havenda,143 Homestead Cir,NULL,NULL,Cleveland,TN,37323,NULL,NULL,NULL,NULL,NULL,NULL,NULL,NULL,NULL,423-457-8504,NULL,NULL,NULL,NULL,NULL,NULL,NULL,Thomas Havenda,NULL,NULL,NULL,NULL,NULL,NULL,0,0.00,NULL,0,1,NULL,NULL,2023-03-14 15:15:50.000,2023-03-14 15:32:01.000
AA0F3D51-3906-450A-AD9E-68C5FBE8D4AD,8000067C-1677194341,Safety Auto Parts,Safety Auto Parts,NULL,NULL,NULL,NULL,NULL,Safety Auto Parts,18245 Valley Blvd.,NULL,NULL,City of Industry,CA,91744,NULL,NULL,NULL,NULL,NULL,NULL,NULL,NULL,NULL,(800) 242-7538,NULL,NULL,626-913-3363,(626) 913-6200,"wgonzales@safetyautoparts.com, support1@safetyautoparts.com",NULL,NULL,NULL,NULL,NULL,NULL,62397A73-1D52-42B0-B4FB-376D605D8ED7,NULL,NULL,0,7322.60,NULL,0,1,NULL,NULL,2023-02-23 16:19:01.000,2025-04-17 12:49:27.000
F6444492-F0AD-4484-8F4B-68CBA9B68986,80000698-1677194354,Terry Cable,Terry Cable,NULL,NULL,NULL,NULL,NULL,Terry Cable,17376 Eucalyptus Street,NULL,NULL,Hesperia,CA,92345,NULL,NULL,NULL,NULL,NULL,NULL,NULL,NULL,NULL,(800) 854-4691,NULL,NULL,760-244-9351,760-244-0136,Terrycableinc@gmail.com,NULL,NULL,NULL,NULL,NULL,NULL,C3635986-6BE6-417F-9421-87636AF22A08,NULL,NULL,0,0.00,NULL,0,1,NULL,NULL,2023-02-23 16:19:14.000,2025-04-14 09:18:17.000
A6FD7746-93D7-4441-B864-691A18C041A4,80005605-1721844161,London Bridge Firearms,London Bridge Firearms,NULL,NULL,NULL,NULL,NULL,London Bridge Firearms,NULL,NULL,NULL,NULL,NULL,NULL,NULL,NULL,NULL,NULL,NULL,NULL,NULL,NULL,NULL,NULL,NULL,NULL,NULL,NULL,NULL,NULL,NULL,NULL,NULL,NULL,NULL,A5DDE231-3987-4FF7-A2B7-068A55D1B562,NULL,NULL,0,0.00,NULL,0,1,NULL,NULL,2024-07-24 11:02:41.000,2024-07-31 11:01:02.000
018D9D32-71D3-4DEC-92A8-691FBCC54F55,8000031D-1677184258,V & L Laser Recharge,V & L Laser Recharge,NULL,NULL,NULL,NULL,NULL,V & L Laser LLC,1509 El Camino Way,NULL,NULL,Lake Havasu City,AZ,86403,NULL,NULL,NULL,NULL,NULL,NULL,NULL,NULL,NULL,(928) 855-2108,NULL,NULL,NULL,NULL,NULL,NULL,NULL,"V & L Laser, LLC",NULL,NULL,NULL,3EF97799-B4C4-4EF2-BF80-BD8A8C1A43AF,NULL,NULL,0,0.00,NULL,0,1,NULL,NULL,2023-02-23 13:30:58.000,2023-02-23 13:30:58.000
8748C626-83DD-4A42-B092-6922879333CB,80000608-1677194288,H&W Machine Repair & Rebuilding Inc,H&W Machine Repair & Rebuilding Inc,NULL,NULL,NULL,NULL,NULL,H&W Machine Repair & Rebuilding Inc,2119 Meyer Rd,NULL,NULL,Fort Wayne,IN,46803,NULL,NULL,NULL,NULL,NULL,NULL,NULL,NULL,NULL,800-285-5271,NULL,NULL,NULL,260-423-9476,NULL,NULL,NULL,H&W Machine Repair & Rebuilding Inc,NULL,NULL,NULL,A5DDE231-3987-4FF7-A2B7-068A55D1B562,NULL,NULL,0,0.00,NULL,0,1,NULL,NULL,2023-02-23 16:18:08.000,2024-02-14 09:40:19.000
B3284961-BF3F-473C-9378-693EEB31B41A,800005AE-1677194247,Atech Motorsports,Atech Motorsports,NULL,NULL,NULL,NULL,NULL,Atech Motorsports,1234 Southeast Avenue,NULL,NULL,Tallmadge,OH,44278,NULL,NULL,NULL,NULL,NULL,NULL,NULL,NULL,NULL,800-517-1040,NULL,NULL,NULL,NULL,NULL,NULL,NULL,A Tech Motorsports,NULL,NULL,NULL,A5DDE231-3987-4FF7-A2B7-068A55D1B562,NULL,NULL,0,124.91,NULL,0,1,NULL,NULL,2023-02-23 16:17:27.000,2025-04-15 09:24:40.000
4E7FEB53-859A-49CE-9B03-6967DD8D377B,8000063D-1677194312,"Magnuson Products, LLC","Magnuson Products, LLC",NULL,NULL,NULL,NULL,NULL,"Magnuson Products, LLC",1990 Knoll Drive Ste A,NULL,NULL,Ventura,CA,93003,NULL,NULL,NULL,NULL,NULL,NULL,NULL,NULL,NULL,805-642-8833x252,NULL,NULL,NULL,(805) 642-0910,Cindy@magnusonsuperchargers.com,NULL,NULL,NULL,NULL,NULL,NULL,A5DDE231-3987-4FF7-A2B7-068A55D1B562,NULL,NULL,0,-1536.50,NULL,0,1,NULL,NULL,2023-02-23 16:18:32.000,2025-02-03 12:24:05.000
C6C59E72-E2B8-4686-89FD-69919AE8449F,80000332-1677184268,Waxie Sanitary Supply,Waxie Sanitary Supply,NULL,NULL,NULL,NULL,NULL,Waxie Sanitary Supply,277 Pilot Rd,NULL,NULL,Las Vegas,NV,89119,NULL,NULL,NULL,NULL,NULL,NULL,NULL,NULL,NULL,702-263-0663,NULL,NULL,NULL,NULL,NULL,NULL,NULL,Waxie Sanitary Supply,NULL,NULL,NULL,NULL,NULL,NULL,0,0.00,NULL,0,1,NULL,NULL,2023-02-23 13:31:08.000,2023-02-23 13:31:08.000
BE56450E-D52B-41A4-A34B-69E6B499D2E0,800001F4-1677184083,Maverick,Maverick,NULL,NULL,NULL,NULL,NULL,Maverick,NULL,NULL,NULL,NULL,NULL,NULL,NULL,NULL,NULL,NULL,NULL,NULL,NULL,NULL,NULL,NULL,NULL,NULL,NULL,NULL,NULL,NULL,NULL,NULL,NULL,NULL,NULL,NULL,NULL,NULL,0,0.00,NULL,0,1,NULL,NULL,2023-02-23 13:28:03.000,2023-02-23 13:28:03.000
A7461842-356F-4E74-846F-69EB1052C768,800006B2-1677194366,US Health Club Database,US Health Club Database,NULL,NULL,NULL,NULL,NULL,US Health Club Database,NULL,NULL,NULL,NULL,NULL,NULL,NULL,NULL,NULL,NULL,NULL,NULL,NULL,NULL,NULL,NULL,NULL,NULL,NULL,NULL,NULL,NULL,NULL,NULL,NULL,NULL,NULL,F9951A1C-DEA6-43D9-8D46-A9C4985EF3B2,NULL,NULL,0,0.00,NULL,0,1,NULL,NULL,2023-02-23 16:19:26.000,2023-02-23 16:19:26.000
4302DD1C-7CC8-4D21-9F9C-6A017A87B803,800000C6-1677182903,Chevron,Chevron,NULL,NULL,NULL,NULL,NULL,Chevron,NULL,NULL,NULL,NULL,NULL,NULL,NULL,NULL,NULL,NULL,NULL,NULL,NULL,NULL,NULL,NULL,NULL,NULL,NULL,NULL,NULL,NULL,NULL,NULL,NULL,NULL,NULL,NULL,NULL,NULL,0,0.00,NULL,0,1,NULL,NULL,2023-02-23 13:08:23.000,2023-07-12 07:03:45.000
B07D5810-B974-4078-9B48-6A0B4EEF32F1,80000006-1677182787,.Eric Rudolf,.Eric Rudolf,NULL,NULL,NULL,NULL,NULL,Eric Rudolf,P.O Box 271,NULL,NULL,Carver,MN,55315,NULL,NULL,NULL,NULL,NULL,NULL,NULL,NULL,NULL,NULL,NULL,NULL,NULL,NULL,NULL,NULL,NULL,NULL,NULL,NULL,NULL,NULL,NULL,NULL,0,0.00,NULL,0,1,NULL,NULL,2023-02-23 13:06:27.000,2023-02-23 13:23:35.000
F46A01D2-22B8-4D1C-89CE-6A1E536475B1,8000014B-1677182984,Filemail,Filemail,NULL,NULL,NULL,NULL,NULL,Filemail,"0667 Oslo, Norway",Orgnr 893 823 972,NULL,Orgnr 893 823 972,NULL,NULL,NULL,NULL,NULL,NULL,NULL,NULL,NULL,NULL,NULL,NULL,NULL,NULL,NULL,NULL,support@filemail.com,NULL,NULL,Filemail,NULL,NULL,NULL,NULL,NULL,NULL,0,0.00,NULL,0,1,NULL,NULL,2023-02-23 13:09:44.000,2023-02-23 13:26:27.000
D23BFBD3-2268-4174-B3B9-6A23C8591839,800001E4-1677184073,Lock Service & Supply,Lock Service & Supply,NULL,NULL,NULL,NULL,NULL,Lock Service & Supply,NULL,NULL,NULL,Lake Havasu City,AZ,86406,NULL,NULL,NULL,NULL,NULL,NULL,NULL,NULL,NULL,928-680-3880,NULL,NULL,NULL,NULL,NULL,NULL,NULL,NULL,NULL,NULL,NULL,NULL,NULL,NULL,0,0.00,NULL,0,1,NULL,NULL,2023-02-23 13:27:53.000,2023-02-23 13:27:53.000
D5516AC3-6C86-4E0A-B60A-6AFA1C10C682,80005241-1719330564,Beckett Packaging,Beckett Packaging,NULL,NULL,NULL,NULL,NULL,Beckett Packaging,NULL,NULL,NULL,NULL,NULL,NULL,NULL,NULL,NULL,NULL,NULL,NULL,NULL,NULL,NULL,NULL,NULL,NULL,NULL,NULL,NULL,NULL,NULL,NULL,NULL,NULL,NULL,A5DDE231-3987-4FF7-A2B7-068A55D1B562,NULL,NULL,0,1291.25,NULL,0,1,NULL,NULL,2024-06-25 08:49:24.000,2024-09-17 08:01:12.000
7B66AC63-7057-4613-A494-6B339440AF2F,800001DE-1677184070,light bulbs surplus,light bulbs surplus,NULL,NULL,NULL,NULL,NULL,light bulbs surplus,NULL,NULL,NULL,NULL,NULL,NULL,NULL,NULL,NULL,NULL,NULL,NULL,NULL,NULL,NULL,NULL,NULL,NULL,NULL,NULL,NULL,NULL,NULL,NULL,NULL,NULL,NULL,NULL,NULL,NULL,0,0.00,NULL,0,1,NULL,NULL,2023-02-23 13:27:50.000,2023-02-23 13:27:50.000
3E694ABB-0677-4432-B3CB-6B37139227CC,800029ED-1679608486,.Nicolas Gavasse,.Nicolas Gavasse,NULL,NULL,NULL,NULL,NULL,Nicolas Gavasse,940 Oak Terrace,NULL,NULL,Sweet Home,OR,97386,NULL,NULL,NULL,NULL,NULL,NULL,NULL,NULL,NULL,541-368-8272,NULL,NULL,NULL,NULL,NULL,NULL,NULL,Nicolas Gavasse,NULL,NULL,NULL,NULL,NULL,NULL,0,0.00,NULL,0,1,NULL,NULL,2023-03-23 14:54:46.000,2023-03-23 15:57:14.000
411CCCA7-122F-4044-8848-6B382B84CC66,8000062F-1677194305,Kibblewhite Precision,Kibblewhite Precision,NULL,NULL,NULL,NULL,NULL,Kibblewhite Precision,"580 Crespi Drive, Unit #H",NULL,NULL,Pacifica,CA,94044,NULL,NULL,NULL,NULL,NULL,NULL,NULL,NULL,NULL,(650) 359-4704,NULL,NULL,NULL,650-359-8574,NULL,NULL,NULL,NULL,NULL,NULL,NULL,A5DDE231-3987-4FF7-A2B7-068A55D1B562,NULL,NULL,0,0.00,NULL,0,1,NULL,NULL,2023-02-23 16:18:25.000,2023-02-23 16:18:25.000
7B269150-33BE-4B30-8901-6C13297E274A,80000205-1677184092,Michigan State Disbursement Unit,Michigan State Disbursement Unit,NULL,NULL,NULL,NULL,NULL,Michigan State Disbursement Unit,PO BOX 30350,NULL,NULL,Lansing,MI,48909-7850,NULL,NULL,NULL,NULL,NULL,NULL,NULL,NULL,NULL,NULL,NULL,NULL,NULL,NULL,NULL,NULL,NULL,Michigan State Disbursement Unit,NULL,NULL,NULL,AFD6687D-2F92-4A46-A75E-2FA5398BB833,NULL,NULL,0,0.00,NULL,0,1,NULL,NULL,2023-02-23 13:28:12.000,2023-06-07 08:00:50.000
1358B05D-C964-4E62-9C92-6C15C4ECC374,8000005C-1677182838,Arias Pistons,Arias Pistons,NULL,Elmer,NULL,NULL,NULL,Arias Pistons,13420 South Normandie Avenue,NULL,NULL,Gardena,CA,90249,NULL,NULL,NULL,NULL,NULL,NULL,NULL,NULL,NULL,(310) 532-9737,NULL,NULL,NULL,310 516 8203,elmer@cp-carrillo.com,NULL,NULL,NULL,NULL,NULL,NULL,NULL,NULL,NULL,0,0.00,NULL,0,1,NULL,NULL,2023-02-23 13:07:18.000,2023-02-23 13:24:20.000
E0D892B0-9F3A-4374-9862-6C2925FB8C9F,800001E1-1677184072,Linde Gas & Equipment Inc,Linde Gas & Equipment Inc,NULL,NULL,NULL,NULL,NULL,Linde Gas & Equipment Inc,1081 N Lake Havasu Ave,NULL,NULL,Lake Havasu City,AZ,86403,NULL,NULL,NULL,NULL,NULL,NULL,NULL,NULL,NULL,928-453-3185,NULL,NULL,NULL,NULL,NULL,NULL,NULL,Linde Gas & Equipment Inc,NULL,77647814,NULL,162BFAF4-5263-465D-8B19-90688B4184CF,NULL,NULL,0,631.30,NULL,0,1,NULL,NULL,2023-02-23 13:27:52.000,2025-04-17 08:18:51.000
835FB8B3-624C-4D18-BE83-6C50762C244B,8000033F-1677184275,Worldpac / Redline,Worldpac / Redline,NULL,NULL,NULL,NULL,NULL,Worldpac / Redline,PO  Box 674687,NULL,NULL,Dallas,TX,75267-2862,NULL,NULL,NULL,NULL,NULL,NULL,NULL,NULL,NULL,(800) 733-2277 x7237,NULL,NULL,800-733-2277-x-7237,(310) 380-7189,randyxr@worldpac.com,NULL,NULL,NULL,"Customer info 185538
PW 2031lctoy",NULL,NULL,162BFAF4-5263-465D-8B19-90688B4184CF,NULL,NULL,0,30333.72,NULL,0,1,NULL,NULL,2023-02-23 13:31:15.000,2025-04-17 12:49:33.000
3A713B25-E4F4-4595-836D-6C9E41B58A72,800001CE-1677184062,Lake Havasu Landfill,Lake Havasu Landfill,NULL,NULL,NULL,NULL,NULL,Lake Havasu Landfill,3251 East Chenoweth,NULL,NULL,Lake Havasu City,AZ,86404,NULL,NULL,NULL,NULL,NULL,NULL,NULL,NULL,NULL,N/A,NULL,NULL,NULL,NULL,NULL,NULL,NULL,NULL,NULL,NULL,NULL,NULL,NULL,NULL,0,0.00,NULL,0,1,NULL,NULL,2023-02-23 13:27:42.000,2023-02-23 13:27:42.000
08048DD5-5832-4442-888C-6D4380F94446,800029D4-1678831662,.Garrett Majchrzak,.Garrett Majchrzak,NULL,NULL,NULL,NULL,NULL,Garrett Majchrzak,1315 South 500 East,NULL,NULL,Knox,IN,46534,NULL,NULL,NULL,NULL,NULL,NULL,NULL,NULL,NULL,574-806-0336,NULL,NULL,NULL,NULL,NULL,NULL,NULL,Garrett Majchrzak,NULL,NULL,NULL,NULL,NULL,NULL,0,0.00,NULL,0,1,NULL,NULL,2023-03-14 15:07:42.000,2023-03-14 15:30:20.000
CBE53CBB-9BD1-4087-A47B-6D924C331A60,80000207-1677184093,Microsoft Corporation,Microsoft Corporation,NULL,NULL,NULL,NULL,NULL,Microsoft Corporation,NULL,NULL,NULL,NULL,NULL,NULL,NULL,NULL,NULL,NULL,NULL,NULL,NULL,NULL,NULL,NULL,NULL,NULL,NULL,NULL,NULL,NULL,NULL,NULL,NULL,NULL,NULL,A5DDE231-3987-4FF7-A2B7-068A55D1B562,NULL,NULL,0,0.00,NULL,0,1,NULL,NULL,2023-02-23 13:28:13.000,2025-03-06 09:39:40.000
82E39241-23EE-47A9-9469-6D98ACF5C0C9,80000669-1677194333,Quality Power,Quality Power,NULL,NULL,NULL,NULL,NULL,Quality Power,31510 Yucaipa Blvd,NULL,NULL,Yucaipa,CA,92399,NULL,NULL,NULL,NULL,NULL,NULL,NULL,NULL,NULL,909-794-1600,NULL,NULL,NULL,909-794-3838,Qualitypower@aol.com,NULL,NULL,NULL,NULL,NULL,NULL,A5DDE231-3987-4FF7-A2B7-068A55D1B562,NULL,NULL,0,535.00,NULL,0,1,NULL,NULL,2023-02-23 16:18:53.000,2025-04-17 12:49:24.000
A30F6423-27B7-4FD6-AFF6-6DA34378F0AC,800000DC-1677182916,Cometic Gasket,Cometic Gasket,NULL,NULL,NULL,NULL,NULL,Cometic Gasket,8090 Auburn Road,NULL,NULL,Concord,OH,44077-9701,NULL,NULL,NULL,NULL,NULL,NULL,NULL,NULL,NULL,(440) 354-0777,NULL,NULL,NULL,(440) 354-0350,"orders@cometic.com, tjeschelnig@cometic.com",NULL,NULL,NULL,NULL,NULL,NULL,162BFAF4-5263-465D-8B19-90688B4184CF,NULL,NULL,0,308.88,NULL,0,1,NULL,NULL,2023-02-23 13:08:36.000,2025-04-17 12:48:23.000
F5B6168D-719A-4308-8284-6DD6494890E3,8000031B-1677184257,USF Reddaway,USF Reddaway,NULL,NULL,NULL,NULL,NULL,USF Reddaway,P.O. Box 1035,NULL,NULL,Clackamas,OR,97015,NULL,NULL,NULL,NULL,NULL,NULL,NULL,NULL,NULL,(503) 650-1286,NULL,NULL,NULL,(503) 722-3673,NULL,NULL,NULL,NULL,NULL,NULL,NULL,NULL,NULL,NULL,0,0.00,NULL,0,1,NULL,NULL,2023-02-23 13:30:57.000,2023-02-23 13:30:57.000
691292E8-DB6F-42C8-BBA9-6DFB78DAE078,80000075-1677182853,AXE Equipment,AXE Equipment,NULL,NULL,NULL,NULL,NULL,AXE Equipment,Highway 177 North / P.O. Box 296,NULL,NULL,Council Grove,KS,66846,NULL,NULL,NULL,NULL,NULL,NULL,NULL,NULL,NULL,(620) 767-5211,NULL,NULL,NULL,620 767 5482,NULL,NULL,NULL,NULL,NULL,NULL,NULL,NULL,NULL,NULL,0,0.00,NULL,0,1,NULL,NULL,2023-02-23 13:07:33.000,2023-02-23 13:24:35.000
C9E691DC-F1B9-4D74-8F11-6DFBCE9AF1FF,80002A41-1689632560,QualityLapelPins.com,QualityLapelPins.com,NULL,NULL,NULL,NULL,NULL,QualityLapelPins.com,13978 W. Bowles Ave Build B,Suite 100,NULL,Littleton,CO,80127,NULL,QualityLapelPins.com,13978 W. Bowles Ave Build B,Suite 100,NULL,Littleton,CO,80127,NULL,18009520305,NULL,NULL,NULL,NULL,info@qualitylapelpins.com,NULL,NULL,QualityLapelPins.com,NULL,NULL,NULL,NULL,NULL,NULL,0,0.00,NULL,0,1,NULL,NULL,2023-07-17 15:22:40.000,2023-08-06 17:59:07.000
A515E836-5E15-4EE8-A8E5-6E9DA0506467,8000031F-1677184259,"Valley Plating Works, Inc","Valley Plating Works, Inc",NULL,NULL,NULL,NULL,NULL,"Valley Plating Works, Inc",5900 Sheila St,NULL,NULL,City of Commerce,CA,90040,NULL,NULL,NULL,NULL,NULL,NULL,NULL,NULL,NULL,323-838-9208,NULL,NULL,NULL,323-838-9211,evelio.moreno@valleyplating.com,NULL,NULL,"Valley Plating Works, Inc",NULL,NULL,NULL,NULL,NULL,NULL,0,0.00,NULL,0,1,NULL,NULL,2023-02-23 13:30:59.000,2023-02-23 13:30:59.000
5E6BA541-37E4-4D68-9C3B-6EE743556680,80000680-1677194343,Scotty's,Scotty's,NULL,NULL,NULL,NULL,NULL,Scotty's,NULL,NULL,NULL,NULL,NULL,NULL,NULL,NULL,NULL,NULL,NULL,NULL,NULL,NULL,NULL,NULL,NULL,NULL,NULL,NULL,NULL,NULL,NULL,NULL,NULL,NULL,NULL,A5DDE231-3987-4FF7-A2B7-068A55D1B562,NULL,NULL,0,0.00,NULL,0,1,NULL,NULL,2023-02-23 16:19:03.000,2023-02-23 16:19:03.000
014C0935-5033-415B-832E-6F06D87818A2,80000612-1677194292,Horsepower Connection,Horsepower Connection,NULL,NULL,NULL,NULL,NULL,Horsepower Connection,55 Lake Havasu Ave S,#F-392,NULL,Lake Havasu City,AZ,86403,NULL,NULL,NULL,NULL,NULL,NULL,NULL,NULL,NULL,NULL,NULL,NULL,NULL,NULL,NULL,NULL,NULL,NULL,NULL,NULL,NULL,51F6B9E0-F513-4510-9C25-C5B7FC7B1FD4,NULL,NULL,0,0.00,NULL,0,1,NULL,NULL,2023-02-23 16:18:12.000,2023-02-23 16:18:12.000
A91BAE8F-82C7-450A-B4AE-6FB3902EFCF3,8000027E-1677184156,Rainbow Gutters,Rainbow Gutters,NULL,NULL,NULL,NULL,NULL,Rainbow Gutters,NULL,NULL,NULL,NULL,NULL,NULL,NULL,NULL,NULL,NULL,NULL,NULL,NULL,NULL,NULL,NULL,NULL,NULL,NULL,NULL,NULL,NULL,NULL,NULL,NULL,NULL,NULL,AFD6687D-2F92-4A46-A75E-2FA5398BB833,NULL,NULL,0,0.00,NULL,0,1,NULL,NULL,2023-02-23 13:29:16.000,2023-02-23 13:29:16.000
3E2918F6-C1E2-4372-A1E0-6FBB65930312,800002B6-1677184198,Solvent Recy-Clean,Solvent Recy-Clean,NULL,NULL,NULL,NULL,NULL,Solvent Recy-Clean,1850 W Broadway Road #110,NULL,NULL,Phoenix,AZ,85041,NULL,NULL,NULL,NULL,NULL,NULL,NULL,NULL,NULL,602-268-2600,NULL,NULL,NULL,NULL,acctg@solventrecyclean.com,NULL,NULL,Sovent Recyclean,NULL,NULL,NULL,NULL,NULL,NULL,0,0.00,NULL,0,1,NULL,NULL,2023-02-23 13:29:58.000,2023-02-23 13:29:58.000
51551E22-A434-4A33-A6E1-6FC445970F7D,800006A0-1677194358,Titan Motor Sports,Titan Motor Sports,NULL,Bottle,NULL,NULL,NULL,Titan Motor Sports,11370 Boggy Creek Road,NULL,NULL,Orlando,FL,32824,NULL,NULL,NULL,NULL,NULL,NULL,NULL,NULL,NULL,407-277-8423,NULL,NULL,NULL,NULL,bottle@titanmotorsports.com,NULL,NULL,Titan Motor Sports,NULL,NULL,NULL,A5DDE231-3987-4FF7-A2B7-068A55D1B562,NULL,NULL,0,0.00,NULL,0,1,NULL,NULL,2023-02-23 16:19:18.000,2023-02-23 16:19:18.000
59A7D9B9-BD56-431A-9D56-6FFCFD156043,800002B0-1677184193,Skat-Trak,Skat-Trak,NULL,NULL,NULL,NULL,NULL,Skat-Trak,654 Avenue K,NULL,NULL,Calimesa,CA,92320,NULL,NULL,NULL,NULL,NULL,NULL,NULL,NULL,NULL,800-969-7528,NULL,NULL,NULL,NULL,NULL,NULL,NULL,Skat-Trak,NULL,NULL,NULL,NULL,NULL,NULL,0,0.00,NULL,0,1,NULL,NULL,2023-02-23 13:29:53.000,2023-02-23 13:29:53.000
8888D6F9-75E4-4B07-9E4B-700B06FE9043,80000117-1677182949,Don Gross / SB Intl.     ACC # 4601,Don Gross / SB Intl.     ACC # 4601,NULL,NULL,NULL,NULL,NULL,Don Gross / SB Intl.     ACC # 4601,1951 East 48th Street,NULL,NULL,Vernon,CA,90058,NULL,NULL,NULL,NULL,NULL,NULL,NULL,NULL,NULL,323-582-3800 x 4055,NULL,NULL,NULL,323-582-3840,pedro@dongross.com,NULL,NULL,NULL,NULL,NULL,NULL,162BFAF4-5263-465D-8B19-90688B4184CF,NULL,NULL,0,556.52,NULL,0,1,NULL,NULL,2023-02-23 13:09:09.000,2025-04-17 12:48:44.000
833943B8-7916-442F-A1CB-702E83FBC2F2,800002EF-1677184234,"Total Seal, Inc.","Total Seal, Inc.",NULL,NULL,NULL,NULL,NULL,"Total Seal, Inc.",22642 North 15th Avenue,NULL,NULL,Phoenix,AZ,85027,NULL,NULL,NULL,NULL,NULL,NULL,NULL,NULL,NULL,(623) 587-7400,NULL,NULL,NULL,(623) 587-7600,augustc@totalseal.com,NULL,NULL,NULL,NULL,C08339,NULL,162BFAF4-5263-465D-8B19-90688B4184CF,NULL,NULL,0,147.00,NULL,0,1,NULL,NULL,2023-02-23 13:30:34.000,2025-04-01 12:36:57.000
33BC9069-FA92-43F1-B334-70342B87BA6A,8000009D-1677182879,Brian Morris,Brian Morris,NULL,NULL,NULL,NULL,NULL,Brian Morris,NULL,NULL,NULL,NULL,NULL,NULL,NULL,NULL,NULL,NULL,NULL,NULL,NULL,NULL,NULL,NULL,NULL,NULL,NULL,NULL,NULL,NULL,NULL,NULL,NULL,NULL,NULL,AFD6687D-2F92-4A46-A75E-2FA5398BB833,NULL,NULL,0,0.00,NULL,0,0,NULL,NULL,2023-02-23 13:07:59.000,2024-11-12 08:14:55.000
6555DDF1-FA35-4302-9AE6-7067B1CBCBB6,800001D3-1677184064,Larson Equipment Co. Inc,Larson Equipment Co. Inc,NULL,NULL,NULL,NULL,NULL,Larson Equipment Co. Inc,1950 Holly Ave,NULL,NULL,Lake Havasu City,AZ,86403,NULL,NULL,NULL,NULL,NULL,NULL,NULL,NULL,NULL,928-855-3577,NULL,NULL,NULL,NULL,NULL,NULL,NULL,Larson Equipment Co. Inc,NULL,NULL,NULL,162BFAF4-5263-465D-8B19-90688B4184CF,NULL,NULL,0,0.00,NULL,0,1,NULL,NULL,2023-02-23 13:27:44.000,2023-02-23 13:27:44.000
23BD1C6D-4B06-467B-975D-706C735A72F6,80000169-1677183002,Geiser Performance,Geiser Performance,NULL,NULL,NULL,NULL,NULL,Geiser Performance,NULL,NULL,NULL,NULL,NULL,NULL,NULL,NULL,NULL,NULL,NULL,NULL,NULL,NULL,NULL,NULL,NULL,NULL,NULL,NULL,NULL,NULL,NULL,NULL,NULL,NULL,NULL,NULL,NULL,NULL,0,0.00,NULL,0,1,NULL,NULL,2023-02-23 13:10:02.000,2023-02-23 13:26:43.000
CC7ADC18-DB2D-4D4D-A3FB-70FFD9C1EF9E,800002AB-1677184191,Shopgate,Shopgate,NULL,NULL,NULL,NULL,NULL,Shopgate Inc.,804 Congress Ave.,Suite 200,NULL,Austin,TX,78701,NULL,NULL,NULL,NULL,NULL,NULL,NULL,NULL,NULL,1-800-490-2467,NULL,NULL,NULL,NULL,info@shopgate.com,NULL,NULL,Shopgate,NULL,NULL,NULL,NULL,NULL,NULL,0,0.00,NULL,0,1,NULL,NULL,2023-02-23 13:29:51.000,2023-02-23 13:29:51.000
3F2F948B-025A-44FB-B2F2-710262866C64,800029D6-1678832016,.Andrew Sellers,.Andrew Sellers,NULL,NULL,NULL,NULL,NULL,Andrew Sellers,18925 37th Ave. S,NULL,NULL,SeaTac,WA,98188,NULL,NULL,NULL,NULL,NULL,NULL,NULL,NULL,NULL,206-457-6975,NULL,NULL,NULL,NULL,NULL,NULL,NULL,Andrew Sellers,NULL,NULL,NULL,NULL,NULL,NULL,0,0.00,NULL,0,1,NULL,NULL,2023-03-14 15:13:36.000,2023-03-14 15:31:24.000
062B6712-D9AF-402F-AE85-710CD15EC599,80007AC8-1744211818,Berkley Management Protection,Berkley Management Protection,NULL,NULL,NULL,NULL,NULL,Berkley Management Protection,PO Box 631396,NULL,NULL,Cincinnati,OH,45263,NULL,NULL,NULL,NULL,NULL,NULL,NULL,NULL,NULL,NULL,NULL,NULL,NULL,NULL,NULL,NULL,NULL,NULL,NULL,NULL,NULL,NULL,NULL,NULL,0,0.00,NULL,0,1,NULL,NULL,2025-04-09 08:16:58.000,2025-04-09 08:18:45.000
9D2C2A26-D02B-4956-9CEE-7110A0677CE4,800005C7-1677194259,Brake Performance,Brake Performance,NULL,NULL,NULL,NULL,NULL,Brake Performance,Wholesale Division,"9424 Eton Avenue, Unit I",NULL,Chatsworth,CA,91311,NULL,NULL,NULL,NULL,NULL,NULL,NULL,NULL,NULL,818-772-5540 Athena,NULL,NULL,NULL,NULL,athena@brakeperformance.com,NULL,NULL,Brakeperformance,NULL,NULL,NULL,A5DDE231-3987-4FF7-A2B7-068A55D1B562,NULL,NULL,0,-88.75,NULL,0,1,NULL,NULL,2023-02-23 16:17:39.000,2025-04-15 11:14:35.000
894580E1-94A0-4A37-8132-7170DFDEB50B,80000059-1677182836,"Approved Freight Forwarders of Guam, LLC","Approved Freight Forwarders of Guam, LLC",NULL,NULL,NULL,NULL,NULL,"Approved Freight Forwarders of Guam, LLC",11630 Pike Street,NULL,NULL,Santa Fe Springs,CA,90670,NULL,NULL,NULL,NULL,NULL,NULL,NULL,NULL,NULL,800-533-4826,NULL,NULL,NULL,562-944-5820,www.approvedforwarders.com,NULL,NULL,NULL,NULL,NULL,NULL,NULL,NULL,NULL,0,0.00,NULL,0,1,NULL,NULL,2023-02-23 13:07:16.000,2023-02-23 13:24:19.000
EC5A54A6-9B82-4741-B704-71D4AAE3DA8B,8000068E-1677194349,Sprint PCS,Sprint PCS,NULL,NULL,NULL,NULL,NULL,Sprint PCS,P.O. Box 4181,NULL,NULL,Carol Stream,IL,60197-4181,NULL,NULL,NULL,NULL,NULL,NULL,NULL,NULL,NULL,(888) 211-4727,NULL,NULL,NULL,NULL,NULL,NULL,NULL,NULL,NULL,NULL,NULL,A5DDE231-3987-4FF7-A2B7-068A55D1B562,NULL,NULL,0,0.00,NULL,0,1,NULL,NULL,2023-02-23 16:19:09.000,2023-02-23 16:19:09.000
D28CC17A-AB5F-40CB-BF96-71EA47FBCED6,8000020C-1677184096,Miller Media,Miller Media,NULL,NULL,NULL,NULL,NULL,Miller Media,NULL,NULL,NULL,NULL,NULL,NULL,NULL,NULL,NULL,NULL,NULL,NULL,NULL,NULL,NULL,NULL,NULL,NULL,NULL,NULL,NULL,NULL,NULL,NULL,NULL,NULL,NULL,NULL,NULL,NULL,0,0.00,NULL,0,1,NULL,NULL,2023-02-23 13:28:16.000,2023-02-23 13:28:16.000
47C5DF65-4043-40D2-9479-71F6B22E5962,80000683-1677194345,Signcraft,Signcraft,NULL,NULL,NULL,NULL,NULL,Signcraft,1617 Industrial Blvd.,NULL,NULL,Lake Havasu City,AZ,86403,NULL,NULL,NULL,NULL,NULL,NULL,NULL,NULL,NULL,(928) 453-8080,NULL,NULL,NULL,(928) 453-1575,NULL,NULL,NULL,NULL,NULL,NULL,NULL,A5DDE231-3987-4FF7-A2B7-068A55D1B562,NULL,NULL,0,0.00,NULL,0,1,NULL,NULL,2023-02-23 16:19:05.000,2023-02-23 16:19:05.000
3FFDEFF5-2555-4A38-9DAB-72136CD0D6BD,8000728E-1739816732,Jack Pots Portables,Jack Pots Portables,NULL,NULL,NULL,NULL,NULL,Jack Pots Portables,PO BOX 1444,NULL,NULL,Lake Havasu City,AZ,86405,NULL,NULL,NULL,NULL,NULL,NULL,NULL,NULL,NULL,NULL,NULL,NULL,NULL,NULL,NULL,NULL,NULL,NULL,NULL,NULL,NULL,AFD6687D-2F92-4A46-A75E-2FA5398BB833,NULL,NULL,0,0.00,NULL,0,1,NULL,NULL,2025-02-17 11:25:32.000,2025-02-17 11:27:04.000
C846D503-188D-4AEE-B919-7270A9591318,800001B5-1677184048,John Parker,John Parker,NULL,NULL,NULL,NULL,NULL,John Parker,80 N 400 E,Apt E-2,NULL,American Fork,UT,84003,NULL,NULL,NULL,NULL,NULL,NULL,NULL,NULL,NULL,NULL,NULL,NULL,NULL,NULL,NULL,NULL,NULL,NULL,NULL,NULL,NULL,NULL,NULL,NULL,0,0.00,NULL,0,1,NULL,NULL,2023-02-23 13:27:28.000,2023-02-23 13:27:28.000
2F681F63-3FE9-4F21-A1E9-7293D3B1B568,8000066F-1677194336,RCD Suspension,RCD Suspension,NULL,NULL,NULL,NULL,NULL,"Race Car Dynamics, Inc.","9625 Mission Gorge Rd., Ste B2",NULL,NULL,Santee,CA,92071,NULL,NULL,NULL,NULL,NULL,NULL,NULL,NULL,NULL,928-754-0040 Nick x10,NULL,NULL,Sean x103,619-447-8335,NULL,NULL,NULL,NULL,NULL,NULL,NULL,A5DDE231-3987-4FF7-A2B7-068A55D1B562,NULL,NULL,0,0.00,NULL,0,1,NULL,NULL,2023-02-23 16:18:56.000,2023-02-23 16:18:56.000
E32592EC-2E54-4B05-9E6A-729E240F2CD3,80005242-1719330951,Barcode Arena,Barcode Arena,NULL,NULL,NULL,NULL,NULL,Barcode Arena,NULL,NULL,NULL,NULL,NULL,NULL,NULL,NULL,NULL,NULL,NULL,NULL,NULL,NULL,NULL,NULL,NULL,NULL,NULL,NULL,NULL,NULL,NULL,NULL,NULL,NULL,NULL,NULL,NULL,NULL,0,0.00,NULL,0,1,NULL,NULL,2024-06-25 08:55:51.000,2024-06-25 08:58:30.000
0BA62174-D1B5-4716-A225-72ADAA9592FE,80000656-1677194325,O'Reilly Media,O'Reilly Media,NULL,NULL,NULL,NULL,NULL,O'Reilly Media,NULL,NULL,NULL,NULL,NULL,NULL,NULL,NULL,NULL,NULL,NULL,NULL,NULL,NULL,NULL,NULL,NULL,NULL,NULL,NULL,NULL,NULL,NULL,NULL,NULL,NULL,NULL,F9951A1C-DEA6-43D9-8D46-A9C4985EF3B2,NULL,NULL,0,0.00,NULL,0,1,NULL,NULL,2023-02-23 16:18:45.000,2023-02-23 16:18:45.000
0B1E81CA-D982-4F9B-AC17-72D298F98452,800029CD-1678830420,"CSU Producer Resources, Inc.","CSU Producer Resources, Inc.",NULL,NULL,NULL,NULL,NULL,"CSU Producer Resources, Inc.",PO Box 145416,NULL,NULL,Cincinnati,OH,54250-5416,NULL,NULL,NULL,NULL,NULL,NULL,NULL,NULL,NULL,NULL,NULL,NULL,NULL,NULL,NULL,NULL,NULL,"CSU Producer Resources, Inc.",NULL,3000665616,NULL,NULL,NULL,NULL,0,0.00,NULL,0,1,NULL,NULL,2023-03-14 14:47:00.000,2023-12-19 10:07:15.000
FD4DDD30-A7D0-43CE-A8FC-7478BFDF8FAD,80006F53-1737483393,R & D Dyno Service,R & D Dyno Service,NULL,NULL,NULL,NULL,NULL,R & D Dyno Service,1680 W. Acoma Blvd,Ste E,NULL,Lake Havasu City,AZ,86403,NULL,NULL,NULL,NULL,NULL,NULL,NULL,NULL,NULL,NULL,NULL,NULL,NULL,NULL,NULL,NULL,NULL,NULL,NULL,NULL,NULL,AFD6687D-2F92-4A46-A75E-2FA5398BB833,NULL,NULL,0,0.00,NULL,0,1,NULL,NULL,2025-01-21 11:16:33.000,2025-01-21 11:19:33.000
B7A43FF7-6465-4BE1-B17B-74A2A40D53FD,800001C0-1677184054,K Davis,K Davis,NULL,NULL,NULL,NULL,NULL,Kevin Davis,2037 Pinehurst St,NULL,NULL,Glendora,CA,91741,NULL,NULL,NULL,NULL,NULL,NULL,NULL,NULL,NULL,NULL,NULL,NULL,NULL,NULL,NULL,NULL,NULL,NULL,NULL,NULL,NULL,NULL,NULL,NULL,0,0.00,NULL,0,1,NULL,NULL,2023-02-23 13:27:34.000,2023-02-23 13:27:34.000
E72644E3-08EA-4D9A-8D72-74ADAA32D0A9,8000696A-1733842647,Professional Plastics,Professional Plastics,NULL,NULL,NULL,NULL,NULL,Professional Plastics,Dept. LA  23218,NULL,NULL,Pasadena,CA,91185-3218,NULL,NULL,NULL,NULL,NULL,NULL,NULL,NULL,NULL,NULL,NULL,NULL,NULL,NULL,NULL,NULL,NULL,NULL,NULL,NULL,NULL,NULL,NULL,NULL,0,0.00,NULL,0,1,NULL,NULL,2024-12-10 07:57:27.000,2024-12-10 07:58:55.000
7470F5AB-7373-433D-B7EF-74BA79955AC1,80000111-1677182945,Dirtrix,Dirtrix,NULL,NULL,NULL,NULL,NULL,Dirtrix,2114 West Fillmore,NULL,NULL,Phoenix,AZ,85009,NULL,NULL,NULL,NULL,NULL,NULL,NULL,NULL,NULL,(602) 253-5289,NULL,NULL,NULL,(602) 252-9788,NULL,NULL,NULL,NULL,NULL,NULL,NULL,NULL,NULL,NULL,0,0.00,NULL,0,1,NULL,NULL,2023-02-23 13:09:05.000,2023-02-23 13:25:57.000
D4B8DEA1-6FFA-49BF-9DAE-74CA8D3BD11E,800000EF-1677182926,Creative Cloud,Creative Cloud,NULL,NULL,NULL,NULL,NULL,Creative Cloud,NULL,NULL,NULL,NULL,NULL,NULL,NULL,NULL,NULL,NULL,NULL,NULL,NULL,NULL,NULL,NULL,NULL,NULL,NULL,NULL,NULL,NULL,NULL,NULL,NULL,NULL,NULL,NULL,NULL,NULL,0,0.00,NULL,0,1,NULL,NULL,2023-02-23 13:08:46.000,2023-02-23 13:25:40.000
D75F8292-4F97-4E7B-9A76-75074D56A14B,800029E3-1679520300,Steven Hammett.,Steven Hammett.,NULL,Steven,NULL,Hammett.,NULL,Steven Hammett.,NULL,NULL,NULL,NULL,NULL,NULL,NULL,NULL,NULL,NULL,NULL,NULL,NULL,NULL,NULL,NULL,NULL,NULL,NULL,NULL,NULL,NULL,NULL,NULL,NULL,NULL,NULL,NULL,NULL,NULL,0,0.00,NULL,0,1,NULL,NULL,2023-03-22 14:25:00.000,2023-03-22 14:25:09.000
59D4D413-6860-43A9-9105-7558343F7E18,800001F7-1677184084,MC Autoparts,MC Autoparts,NULL,NULL,NULL,NULL,NULL,MC Autoparts,325 Paseo Sonrisa,NULL,NULL,Walnut,CA,91789,NULL,NULL,NULL,NULL,NULL,NULL,NULL,NULL,NULL,909-4683003,NULL,NULL,NULL,NULL,cs@mcautoparts.com,NULL,NULL,MC Autoparts,NULL,NULL,NULL,NULL,NULL,NULL,0,0.00,NULL,0,1,NULL,NULL,2023-02-23 13:28:04.000,2023-02-23 13:28:04.000
0A319148-890D-4615-9012-75D3C4F2133C,80000321-1677184260,Van Rooy Plumbing,Van Rooy Plumbing,NULL,NULL,NULL,NULL,NULL,Van Rooy Plumbing,2918 Sweetwater Ave,NULL,NULL,Lake Havasu City,AZ,86406,NULL,NULL,NULL,NULL,NULL,NULL,NULL,NULL,NULL,928-855-3243,NULL,NULL,NULL,928-855-5508,NULL,NULL,NULL,Van Rooy Plumbing Inc.,NULL,NULL,NULL,3EF97799-B4C4-4EF2-BF80-BD8A8C1A43AF,NULL,NULL,0,7.00,NULL,0,1,NULL,NULL,2023-02-23 13:31:00.000,2025-03-25 08:21:21.000
996FBB8C-4E17-4728-8A2E-762BF4F13FAA,800002C6-1677184210,St. Payroll Tax Liability,St. Payroll Tax Liability,NULL,NULL,NULL,NULL,NULL,St. Payroll Tax Liability,P.O. Box 29009,NULL,NULL,Phoenix,AZ,85038,NULL,NULL,NULL,NULL,NULL,NULL,NULL,NULL,NULL,N/A,NULL,NULL,NULL,NULL,NULL,NULL,NULL,NULL,NULL,NULL,NULL,NULL,NULL,NULL,0,0.00,NULL,0,1,NULL,NULL,2023-02-23 13:30:10.000,2023-02-23 13:30:10.000
AB016F41-C1A7-49B7-A786-767C9CB12D23,800029F5-1679947006,Dixieland Distributors,Dixieland Distributors,NULL,NULL,NULL,NULL,NULL,Dixieland Distributors,P.O.Box 50576,NULL,NULL,Nashville,TN,37205,NULL,NULL,NULL,NULL,NULL,NULL,NULL,NULL,NULL,615-210-5419,NULL,NULL,NULL,615-373-3888,NULL,NULL,NULL,Dixieland Distributors,NULL,NULL,NULL,NULL,NULL,NULL,0,0.00,NULL,0,1,NULL,NULL,2023-03-27 12:56:46.000,2024-05-24 10:49:22.000
BFE0E6E8-C93A-44FF-801D-76B88962ED12,80002A11-1681944057,Elliot Electronic Supply,Elliot Electronic Supply,NULL,NULL,NULL,NULL,NULL,Elliot Electronic Supply,1301 South Tyndall Avenue,NULL,NULL,Tucson,AZ,85713,NULL,Elliot Electronic Supply,1301 South Tyndall Avenue,NULL,NULL,Tucson,AZ,85713,NULL,520-884-7394,NULL,NULL,NULL,NULL,NULL,NULL,NULL,Elliot Electronic Supply,NULL,NULL,NULL,NULL,NULL,NULL,0,0.00,NULL,0,1,NULL,NULL,2023-04-19 15:40:57.000,2023-09-19 13:23:47.000
843E438F-AC94-47B8-98A3-7753D643CCD8,800000D8-1677182913,College Street Brewhous,College Street Brewhous,NULL,NULL,NULL,NULL,NULL,college street bewhouse,NULL,NULL,NULL,NULL,NULL,NULL,NULL,NULL,NULL,NULL,NULL,NULL,NULL,NULL,NULL,NULL,NULL,NULL,NULL,NULL,NULL,NULL,NULL,College Street B,NULL,NULL,NULL,NULL,NULL,NULL,0,0.00,NULL,0,1,NULL,NULL,2023-02-23 13:08:33.000,2023-03-22 16:19:59.000
83D289CF-7D4A-4DA9-85A1-777C11AC2E46,80000268-1677184144,Powertrain Industries,Powertrain Industries,NULL,NULL,NULL,NULL,NULL,Powertrain Industries,4910 Longley Ln Suite 103,NULL,NULL,Reno,NV,89502,NULL,NULL,NULL,NULL,NULL,NULL,NULL,NULL,NULL,800-798-4585,NULL,NULL,NULL,NULL,NULL,NULL,NULL,Powertrain Industries,NULL,NULL,NULL,NULL,NULL,NULL,0,0.00,NULL,0,1,NULL,NULL,2023-02-23 13:29:04.000,2023-06-06 15:52:47.000
657F2E07-90F6-483E-9441-777CAAB840F3,80000346-1677184278,Yotamaster,Yotamaster,NULL,Eric,NULL,Hansen,NULL,Yotamaster,Eric Hansen,371 Elizabeth Ln Ste 100,NULL,Corona,CA,92880,NULL,NULL,NULL,NULL,NULL,NULL,NULL,NULL,NULL,951-279-0220,NULL,NULL,NULL,NULL,eric@yotamasters.com,NULL,NULL,Yotamaster,NULL,NULL,NULL,NULL,NULL,NULL,0,0.00,NULL,0,1,NULL,NULL,2023-02-23 13:31:18.000,2023-02-23 13:31:18.000
D4217575-9D0B-4B4F-8566-77B94EC93473,80000647-1677194316,Metco Metal Finishing Inc.,Metco Metal Finishing Inc.,NULL,NULL,NULL,NULL,NULL,Metco Metal Finishing Inc.,3508 East Corona Avenue,NULL,NULL,Phoenix,AZ,85040,NULL,NULL,NULL,NULL,NULL,NULL,NULL,NULL,NULL,(602) 276-4120,NULL,NULL,NULL,(602) 276-0109,LLarson@thelindgrengroup.com,NULL,NULL,NULL,NULL,NULL,NULL,A5DDE231-3987-4FF7-A2B7-068A55D1B562,NULL,NULL,0,0.00,NULL,0,1,NULL,NULL,2023-02-23 16:18:36.000,2023-02-23 16:18:36.000
7A611741-1880-4F12-A054-77C27F46A021,80006187-1729096741,Rodeway Inn,Rodeway Inn,NULL,NULL,NULL,NULL,NULL,Rodeway Inn,NULL,NULL,NULL,NULL,NULL,NULL,NULL,NULL,NULL,NULL,NULL,NULL,NULL,NULL,NULL,NULL,NULL,NULL,NULL,NULL,NULL,NULL,NULL,NULL,NULL,NULL,NULL,A5DDE231-3987-4FF7-A2B7-068A55D1B562,NULL,NULL,0,0.00,NULL,0,1,NULL,NULL,2024-10-16 09:39:01.000,2024-10-16 09:39:54.000
4DDAC9A1-6729-45AF-B604-77C2CB1C08D0,800001F3-1677184082,Mattice Enterprises LLC,Mattice Enterprises LLC,NULL,NULL,NULL,NULL,NULL,Mattice Enterprises,1600 W. Acoma Blvd. #32,NULL,NULL,Lake HAvasu City,AZ,86403,NULL,NULL,NULL,NULL,NULL,NULL,NULL,NULL,NULL,928-680-7804,NULL,NULL,NULL,NULL,joelsts@frontiernet.net,NULL,NULL,NULL,NULL,NULL,NULL,NULL,NULL,NULL,0,0.00,NULL,0,1,NULL,NULL,2023-02-23 13:28:02.000,2023-02-23 13:28:02.000
860171E9-CA2F-4CD5-9ED5-783ABA8116A7,8000001E-1677182800,Abrasives Unlimited Inc./USE HOG ABRASIVE,Abrasives Unlimited Inc./USE HOG ABRASIVE,NULL,NULL,NULL,NULL,NULL,Abrasives Unlimited Inc./USE HOG ABRASIVE,4857 South 36th Street,NULL,NULL,Phoenix,AZ,85040,NULL,NULL,NULL,NULL,NULL,NULL,NULL,NULL,NULL,(800) 280-8077,NULL,NULL,NULL,602-243-3643,NULL,NULL,NULL,NULL,NULL,NULL,NULL,NULL,NULL,NULL,0,0.00,NULL,0,0,NULL,NULL,2023-02-23 13:06:40.000,2023-02-23 13:23:47.000
0CAE11C0-70DB-48E1-A4E8-787085B6BF0F,8000060A-1677194289,Haltech Engine Managment,Haltech Engine Managment,NULL,NULL,NULL,NULL,NULL,Haltech Engine Managment,704  Downs Avenue,NULL,NULL,Lexington,KY,40505,NULL,NULL,NULL,NULL,NULL,NULL,NULL,NULL,NULL,760-598-1941,NULL,NULL,NULL,760-598-1987,jp@haltech.com,NULL,NULL,NULL,NULL,NULL,NULL,A5DDE231-3987-4FF7-A2B7-068A55D1B562,NULL,NULL,0,0.00,NULL,0,1,NULL,NULL,2023-02-23 16:18:09.000,2023-02-23 16:18:09.000
36DB06EF-4EAB-4C7E-B849-788F28A83079,80000665-1677194331,Printing Plus,Printing Plus,NULL,NULL,NULL,NULL,NULL,Printing Plus,"2069 McCulloch Blvd, Suite I",NULL,NULL,Lake Havasu City,AZ,86403,NULL,NULL,NULL,NULL,NULL,NULL,NULL,NULL,NULL,928-855-7587,NULL,NULL,NULL,928-855-8582,NULL,NULL,NULL,Printing Plus,NULL,NULL,NULL,A5DDE231-3987-4FF7-A2B7-068A55D1B562,NULL,NULL,0,0.00,NULL,0,1,NULL,NULL,2023-02-23 16:18:51.000,2023-02-23 16:18:51.000
F52093C8-1A12-4913-A3CB-78C2B9AEB923,80000022-1677182802,"Accurate Measures, LLC","Accurate Measures, LLC",NULL,NULL,NULL,NULL,NULL,"Accurate Measures, LLC","1980 San Juan Drive, #104",NULL,NULL,Lake Havasu City,AZ,86403,NULL,NULL,NULL,NULL,NULL,NULL,NULL,NULL,NULL,(928) 505-2393,NULL,NULL,NULL,(928) 505-2325,NULL,NULL,NULL,NULL,NULL,NULL,NULL,NULL,NULL,NULL,0,0.00,NULL,0,0,NULL,NULL,2023-02-23 13:06:42.000,2023-02-23 13:23:49.000
6ED919F1-0969-492A-99CF-78D1413E5AC6,800001A2-1677183048,Ionbond,Ionbond,NULL,NULL,NULL,NULL,NULL,Ionbond,7856 McCloud Road,NULL,NULL,Greensboro,NC,27409,NULL,NULL,NULL,NULL,NULL,NULL,NULL,NULL,NULL,(326) 665-0005,NULL,NULL,NULL,(336) 665-0035,NULL,NULL,NULL,NULL,NULL,NULL,NULL,NULL,NULL,NULL,0,0.00,NULL,0,1,NULL,NULL,2023-02-23 13:10:48.000,2023-02-23 13:27:16.000
14CC82FC-FC01-4FB3-922A-796190693651,800001BB-1677184051,JP Garcia,JP Garcia,NULL,NULL,NULL,NULL,NULL,JP Garcia,NULL,NULL,NULL,NULL,NULL,NULL,NULL,NULL,NULL,NULL,NULL,NULL,NULL,NULL,NULL,NULL,NULL,NULL,NULL,NULL,NULL,NULL,NULL,NULL,NULL,NULL,NULL,NULL,NULL,NULL,0,0.00,NULL,0,1,NULL,NULL,2023-02-23 13:27:31.000,2023-02-23 13:27:31.000
A533F18B-DD24-44F8-9B39-7A199CFF8271,800000A4-1677182883,BULLHEAD KAWASAKI,BULLHEAD KAWASAKI,NULL,NULL,NULL,NULL,NULL,BULLHEAD KAWASAKI,NULL,NULL,NULL,NULL,NULL,NULL,NULL,NULL,NULL,NULL,NULL,NULL,NULL,NULL,NULL,NULL,NULL,NULL,NULL,NULL,NULL,NULL,NULL,NULL,NULL,NULL,NULL,NULL,NULL,NULL,0,0.00,NULL,0,1,NULL,NULL,2023-02-23 13:08:03.000,2023-02-23 13:25:02.000
5A9224ED-1894-415F-B546-7A47957D55A1,80000172-1677183010,Google,Google,NULL,NULL,NULL,NULL,NULL,Google,NULL,NULL,NULL,NULL,NULL,NULL,NULL,NULL,NULL,NULL,NULL,NULL,NULL,NULL,NULL,NULL,NULL,NULL,NULL,NULL,NULL,NULL,NULL,NULL,NULL,NULL,NULL,AFD6687D-2F92-4A46-A75E-2FA5398BB833,NULL,NULL,0,0.00,NULL,0,1,NULL,NULL,2023-02-23 13:10:10.000,2025-04-15 12:03:47.000
102AFE21-95C0-4BDB-BF30-7A80F9DD5BF7,800029E9-1679608203,.Gerry Fawcett,.Gerry Fawcett,NULL,NULL,NULL,NULL,NULL,Gerry Fawcett,1749 Karlann Drive,NULL,NULL,Black Hawk,CO,80422,NULL,NULL,NULL,NULL,NULL,NULL,NULL,NULL,NULL,NULL,NULL,NULL,NULL,NULL,NULL,NULL,NULL,Gerry Fawcett,NULL,NULL,NULL,NULL,NULL,NULL,0,0.00,NULL,0,1,NULL,NULL,2023-03-23 14:50:03.000,2023-03-23 15:54:32.000
AD2291F5-B984-41B8-8243-7AFFDF9C9512,80000250-1677184131,Performance Engines,Performance Engines,NULL,NULL,NULL,NULL,NULL,Performance Engines,6506 Briartree Way,NULL,NULL,Citrus Heights,CA,95621,NULL,NULL,NULL,NULL,NULL,NULL,NULL,NULL,NULL,916-482-8053,NULL,NULL,NULL,NULL,NULL,NULL,NULL,NULL,NULL,NULL,NULL,NULL,NULL,NULL,0,0.00,NULL,0,1,NULL,NULL,2023-02-23 13:28:51.000,2023-02-23 13:28:51.000
C326AF14-6BB6-4390-8B0A-7B2B58637075,8000034A-1677184280,Zurich North America,Zurich North America,NULL,NULL,NULL,NULL,NULL,Zurich North America,PO Box 4666,NULL,NULL,Carol Stream,IL,60197-4666,NULL,NULL,NULL,NULL,NULL,NULL,NULL,NULL,NULL,855-866-6879,NULL,NULL,NULL,NULL,NULL,NULL,NULL,Zurich North America,NULL,50710,NULL,3EF97799-B4C4-4EF2-BF80-BD8A8C1A43AF,NULL,NULL,0,0.00,NULL,0,1,NULL,NULL,2023-02-23 13:31:20.000,2023-02-23 13:31:20.000
65EE7B72-5B2A-4FAB-A334-7B4309EDAD9A,800001EC-1677184079,Mark Mancinelli,Mark Mancinelli,NULL,NULL,NULL,NULL,NULL,Mark Mancinelli,5670 Snowberry Drive,NULL,NULL,Sugar Hill,GA,30518,NULL,NULL,NULL,NULL,NULL,NULL,NULL,NULL,NULL,NULL,NULL,NULL,NULL,NULL,NULL,NULL,NULL,Mark Mancinelli,NULL,NULL,NULL,NULL,NULL,NULL,0,0.00,NULL,0,0,NULL,NULL,2023-02-23 13:27:59.000,2023-02-23 13:27:59.000
4364677B-DC4D-4C90-80C2-7B5C9CA221D5,8000064D-1677194319,Motor Vehicle Division,Motor Vehicle Division,NULL,NULL,NULL,NULL,NULL,Motor Vehicle Division,PO BOX 29035,NULL,NULL,Phoenix,AZ,85038,NULL,NULL,NULL,NULL,NULL,NULL,NULL,NULL,NULL,NULL,NULL,NULL,NULL,NULL,NULL,NULL,NULL,NULL,NULL,NULL,NULL,A5DDE231-3987-4FF7-A2B7-068A55D1B562,NULL,NULL,0,0.00,NULL,0,1,NULL,NULL,2023-02-23 16:18:39.000,2023-02-23 16:18:39.000
ADC0FF99-5667-48B6-8AA0-7BBE5AE30A7D,8000029A-1677184175,S&B Filters,S&B Filters,NULL,NULL,NULL,NULL,NULL,S&B Filters,15461 Slover Ave.,NULL,NULL,Fontana,CA,92337,NULL,NULL,NULL,NULL,NULL,NULL,NULL,NULL,NULL,909-947-0015,NULL,NULL,NULL,909-947-0603,NULL,NULL,NULL,S&B Filters,NULL,NULL,NULL,NULL,NULL,NULL,0,31.76,NULL,0,1,NULL,NULL,2023-02-23 13:29:35.000,2025-04-17 12:49:16.000
40FC3740-80BA-4E8F-BBB8-7BD5DBCAD051,800002B2-1677184196,SMI Distributing Inc.,SMI Distributing Inc.,NULL,NULL,NULL,NULL,NULL,SMI Distributing Inc.,1700 W. Foothill Blvd #C,NULL,NULL,Upland,CA,91786,NULL,NULL,NULL,NULL,NULL,NULL,NULL,NULL,NULL,818-624-2871,NULL,NULL,NULL,NULL,NULL,NULL,NULL,SMI Distributing Inc.,NULL,NULL,NULL,NULL,NULL,NULL,0,0.00,NULL,0,1,NULL,NULL,2023-02-23 13:29:56.000,2023-02-23 13:29:56.000
543EB9EB-2D6C-434E-B8E3-7C77F71FC6DF,8000018F-1677183031,Hillside Auto Salvage Core1,Hillside Auto Salvage Core1,NULL,NULL,NULL,NULL,NULL,Hillside Auto Salvage Core1,3760 Pyrite Street,NULL,NULL,Riverside,CA,92509,NULL,NULL,NULL,NULL,NULL,NULL,NULL,NULL,NULL,800-400-6744,NULL,NULL,NULL,951-685-8367,NULL,NULL,NULL,NULL,NULL,NULL,NULL,NULL,NULL,NULL,0,0.00,NULL,0,1,NULL,NULL,2023-02-23 13:10:31.000,2023-02-23 13:27:03.000
CEE30466-9655-4FD6-A125-7C818CA82A80,800005FE-1677194283,Frozenboost,Frozenboost,NULL,NULL,NULL,NULL,NULL,Frozenboost,http://www.frozenboost.com,NULL,NULL,NULL,NULL,NULL,NULL,NULL,NULL,NULL,NULL,NULL,NULL,NULL,NULL,800-617-5534,NULL,NULL,NULL,NULL,NULL,NULL,NULL,Frozenboost,NULL,NULL,NULL,A5DDE231-3987-4FF7-A2B7-068A55D1B562,NULL,NULL,0,562.66,NULL,0,1,NULL,NULL,2023-02-23 16:18:03.000,2025-04-15 11:47:45.000
2115849D-733E-4209-A753-7CBF3CBFD994,80000133-1677182968,Engine Trend - Vernon Core1,Engine Trend - Vernon Core1,NULL,NULL,NULL,NULL,NULL,Engine Trend - Vernon Core1,4515 South Soto Street,NULL,NULL,Vernon,CA,90058,NULL,NULL,NULL,NULL,NULL,NULL,NULL,NULL,NULL,(323) 589-2845,NULL,NULL,NULL,(323) 589-2566,NULL,NULL,NULL,NULL,NULL,NULL,NULL,NULL,NULL,NULL,0,0.00,NULL,0,1,NULL,NULL,2023-02-23 13:09:28.000,2023-02-23 13:26:15.000
57B33A21-7795-4918-8768-7CF488D9AD73,80002A5F-1696454639,Mailchimp,Mailchimp,NULL,NULL,NULL,NULL,NULL,Mailchimp,"c/o The Rocket Science Group, Inc.",675 Ponce De Leon Ave. NE,Suite 5000,Atlanta,GA,30308,NULL,NULL,NULL,NULL,NULL,NULL,NULL,NULL,NULL,NULL,NULL,NULL,NULL,NULL,NULL,NULL,NULL,Mailchimp,NULL,NULL,NULL,A5DDE231-3987-4FF7-A2B7-068A55D1B562,NULL,58-2554149,0,0.00,NULL,0,1,NULL,NULL,2023-10-04 14:23:59.000,2025-04-17 08:04:08.000
5041B7A9-9043-4AFE-B66D-7D0265888F9C,800001A3-1677183048,Irene Burton,Irene Burton,NULL,NULL,NULL,NULL,NULL,Irene Burton,NULL,NULL,NULL,NULL,NULL,NULL,NULL,NULL,NULL,NULL,NULL,NULL,NULL,NULL,NULL,NULL,NULL,NULL,NULL,NULL,NULL,NULL,NULL,NULL,NULL,NULL,NULL,AFD6687D-2F92-4A46-A75E-2FA5398BB833,NULL,NULL,0,0.00,NULL,0,1,NULL,NULL,2023-02-23 13:10:48.000,2023-02-23 13:27:17.000
78503240-1322-4A24-A9C3-7D1F76D9A9DC,80000178-1677183015,Greg Smith Equipment Sales,Greg Smith Equipment Sales,NULL,NULL,NULL,NULL,NULL,Greg Smith Equipment Sales,8399 W Van Buren St,Ste 210,NULL,Tolleson,AZ,85353,NULL,NULL,NULL,NULL,NULL,NULL,NULL,NULL,NULL,800-602-9928,NULL,NULL,NULL,NULL,NULL,NULL,NULL,Greg Smith Equipment Sales,NULL,NULL,NULL,NULL,NULL,NULL,0,0.00,NULL,0,1,NULL,NULL,2023-02-23 13:10:15.000,2023-02-23 13:26:51.000
05F933CD-16B3-4E08-B626-7D1FCC93E3F9,8000068D-1677194349,Sprint Long Distance,Sprint Long Distance,NULL,NULL,NULL,NULL,NULL,Sprint Long Distance,PO BOX 219100,NULL,NULL,Kansas City,MO,641219100,NULL,NULL,NULL,NULL,NULL,NULL,NULL,NULL,NULL,(800) 877-4020,NULL,NULL,NULL,NULL,NULL,NULL,NULL,NULL,NULL,NULL,NULL,A5DDE231-3987-4FF7-A2B7-068A55D1B562,NULL,NULL,0,0.00,NULL,0,1,NULL,NULL,2023-02-23 16:19:09.000,2023-02-23 16:19:09.000
1DC38E20-5345-49AC-985A-7D7AAD8A5F92,80000319-1677184256,USF Bestway,USF Bestway,NULL,NULL,NULL,NULL,NULL,USF Bestway,P.O. Box 31001-0925,NULL,NULL,Pasadena,CA,91110-0925,NULL,NULL,NULL,NULL,NULL,NULL,NULL,NULL,NULL,(928) 855-8487,NULL,NULL,NULL,(800) 274-1250,NULL,NULL,NULL,NULL,NULL,NULL,NULL,NULL,NULL,NULL,0,0.00,NULL,0,1,NULL,NULL,2023-02-23 13:30:56.000,2023-02-23 13:30:56.000
FBDA0C4C-5DCB-407E-BB73-7DED2BDD12CF,8000063F-1677194313,Marine Crankshaft,Marine Crankshaft,NULL,NULL,NULL,NULL,NULL,Marine Crankshaft,2155 South Grand Avenue,NULL,NULL,Santa Ana,CA,92705,NULL,NULL,NULL,NULL,NULL,NULL,NULL,NULL,NULL,714-549-2388,NULL,NULL,NULL,714-549-1382,cacranks@yahoo.com,NULL,NULL,NULL,NULL,NULL,NULL,A5DDE231-3987-4FF7-A2B7-068A55D1B562,NULL,NULL,0,0.00,NULL,0,1,NULL,NULL,2023-02-23 16:18:33.000,2023-02-23 16:18:33.000
05D69300-7229-4BB9-9832-7DEEB79A8500,800001FC-1677184087,Memphis,Memphis,NULL,NULL,NULL,NULL,NULL,Memphis,NULL,NULL,NULL,NULL,NULL,NULL,NULL,NULL,NULL,NULL,NULL,NULL,NULL,NULL,NULL,NULL,NULL,NULL,NULL,NULL,NULL,NULL,NULL,NULL,NULL,NULL,NULL,NULL,NULL,NULL,0,0.00,NULL,0,0,NULL,NULL,2023-02-23 13:28:07.000,2023-02-23 13:28:07.000
C04D309B-F069-4F63-ABB1-7DF96BD886E3,800001E2-1677184072,LIne2Line Coating,LIne2Line Coating,NULL,NULL,NULL,NULL,NULL,LIne2Line Coating,NULL,NULL,NULL,NULL,NULL,NULL,NULL,NULL,NULL,NULL,NULL,NULL,NULL,NULL,NULL,NULL,NULL,NULL,NULL,NULL,NULL,NULL,NULL,NULL,NULL,NULL,NULL,NULL,NULL,NULL,0,0.00,NULL,0,1,NULL,NULL,2023-02-23 13:27:52.000,2023-02-23 13:27:52.000
D1BDA443-BD84-4B9D-8D48-7DFFF0CB56EA,800000D6-1677182912,Coast Aluminum Inc,Coast Aluminum Inc,NULL,NULL,NULL,NULL,NULL,Coast Aluminum Inc,Dept.#710070,PO Box 514670,NULL,Los Angeles,CA,90051-4670,NULL,NULL,NULL,NULL,NULL,NULL,NULL,NULL,NULL,(877) 977-6061,NULL,NULL,NULL,Fax (602) 278-5056,brettraskey@coastaluminum.com,NULL,NULL,Coast Aluminum Inc,NULL,61957,NULL,162BFAF4-5263-465D-8B19-90688B4184CF,NULL,NULL,0,1840.32,NULL,0,1,NULL,NULL,2023-02-23 13:08:32.000,2025-04-17 10:16:10.000
467821D7-A4A2-4109-92BE-7E4FFE58FB61,80000269-1677184144,PPE Engineering,PPE Engineering,NULL,Paul,NULL,Prentis,NULL,PPE Engineering,Paul Prentis,5861 S Kyrene Rd Suite 1,NULL,Tempe,AZ,85283,NULL,NULL,NULL,NULL,NULL,NULL,NULL,NULL,NULL,480-615-7900,NULL,NULL,NULL,NULL,Paul.Prentis@ppeengineering.onmicrosoft.com,NULL,NULL,PPE Engineering,NULL,NULL,NULL,NULL,NULL,NULL,0,0.00,NULL,0,1,NULL,NULL,2023-02-23 13:29:04.000,2025-04-10 07:36:27.000
2B6675CF-E40F-4452-8BEC-7E9CB51DAE10,80000158-1677182992,Freedom Automotive,Freedom Automotive,NULL,NULL,NULL,NULL,NULL,Freedom Automotive,1575 Dover Ave.,NULL,NULL,Lake Havasu,AZ,86404,NULL,NULL,NULL,NULL,NULL,NULL,NULL,NULL,NULL,928-505-4540,NULL,NULL,NULL,NULL,NULL,NULL,NULL,NULL,NULL,NULL,NULL,NULL,NULL,NULL,0,0.00,NULL,0,1,NULL,NULL,2023-02-23 13:09:52.000,2023-02-23 13:26:34.000
DF5D9386-1D4A-4ED4-84A0-7E9F558A95DD,80000661-1677194330,Poly Performance,Poly Performance,NULL,NULL,NULL,NULL,NULL,Poly Performance,"245 Tank Farm Road, Unit L & M",NULL,NULL,San Luis Obispo,CA,93401,NULL,NULL,NULL,NULL,NULL,NULL,NULL,NULL,NULL,805-783-2060,NULL,NULL,NULL,805-783-2069,NULL,NULL,NULL,NULL,NULL,NULL,NULL,A5DDE231-3987-4FF7-A2B7-068A55D1B562,NULL,NULL,0,0.00,NULL,0,1,NULL,NULL,2023-02-23 16:18:50.000,2023-02-23 16:18:50.000
34533344-C1C8-4DCE-920A-7EB422DF37E4,80000287-1677184162,Red E Parts,Red E Parts,NULL,Joe,NULL,Pioletti,NULL,Red E Parts,2250 N. Opdyke Rd.,NULL,NULL,Auburn Hills,MI,48326,NULL,NULL,NULL,NULL,NULL,NULL,NULL,NULL,NULL,248-243-8438,NULL,NULL,NULL,NULL,joe@red-eparts.com,NULL,NULL,Red E Parts,NULL,NULL,NULL,NULL,NULL,NULL,0,0.00,NULL,0,1,NULL,NULL,2023-02-23 13:29:22.000,2023-02-23 13:29:22.000
F55CCEC3-51BB-43AD-8D8F-7EC6A3F98988,8000028C-1677184166,River Tool Tech  A/P,River Tool Tech  A/P,NULL,NULL,NULL,NULL,NULL,River Tool Tech  A/P,NULL,NULL,NULL,Lake Havasu City,AZ,86403,NULL,NULL,NULL,NULL,NULL,NULL,NULL,NULL,NULL,(928) 453-7637,NULL,NULL,NULL,453-2469,NULL,NULL,NULL,NULL,NULL,NULL,NULL,NULL,NULL,NULL,0,0.00,NULL,0,1,NULL,NULL,2023-02-23 13:29:26.000,2023-02-23 13:29:26.000
556FCB94-D5A3-40F8-881C-7F0203820B18,80000323-1677184261,Vast Performance,Vast Performance,NULL,NULL,NULL,NULL,NULL,Vast Performance,2430 Grayson Avenue,NULL,NULL,Ferndale,MI,48220,NULL,NULL,NULL,NULL,NULL,NULL,NULL,NULL,NULL,248-399-2222,NULL,NULL,NULL,NULL,www.vastperformance.com,NULL,NULL,NULL,NULL,NULL,NULL,NULL,NULL,NULL,0,0.00,NULL,0,1,NULL,NULL,2023-02-23 13:31:01.000,2023-02-23 13:31:01.000
A8C8BD68-0910-4117-9597-7F530F8E92C4,80000215-1677184101,Motorists Commercial Mutual Insurance Com,Motorists Commercial Mutual Insurance Com,NULL,NULL,NULL,NULL,NULL,Motorists Commercial Mutual Insurance Com,P.O. Box 182155,NULL,NULL,Columbus,OH,43218-2155,NULL,NULL,NULL,NULL,NULL,NULL,NULL,NULL,NULL,(800) 922-6757,NULL,NULL,NULL,NULL,NULL,NULL,NULL,NULL,NULL,NULL,NULL,NULL,NULL,NULL,0,0.00,NULL,0,1,NULL,NULL,2023-02-23 13:28:21.000,2023-02-23 13:28:21.000
7E4DD949-BEED-454B-BA1A-7F5642B454C5,800001B0-1677184044,JHL Supply,JHL Supply,NULL,NULL,NULL,NULL,NULL,JHL Supply,P.O. Box 720,NULL,NULL,Fulton,NY,13069,NULL,NULL,NULL,NULL,NULL,NULL,NULL,NULL,NULL,(800) 537-1339 x.221,NULL,NULL,NULL,NULL,NULL,NULL,NULL,NULL,NULL,NULL,NULL,NULL,NULL,NULL,0,0.00,NULL,0,1,NULL,NULL,2023-02-23 13:27:24.000,2023-02-23 13:27:24.000
D5EFA232-5771-4128-9BE3-7F6D7146DECE,80000349-1677184280,Zip Recruiter,Zip Recruiter,NULL,NULL,NULL,NULL,NULL,Zip Recruiter,NULL,NULL,NULL,NULL,NULL,NULL,NULL,NULL,NULL,NULL,NULL,NULL,NULL,NULL,NULL,NULL,NULL,NULL,NULL,NULL,NULL,NULL,NULL,NULL,NULL,NULL,NULL,NULL,NULL,NULL,0,0.00,NULL,0,1,NULL,NULL,2023-02-23 13:31:20.000,2023-02-23 13:31:20.000
D9283EBD-93D6-42DC-80D1-7F7DC910F12C,80006D61-1736362513,cookiebot,cookiebot,NULL,NULL,NULL,NULL,NULL,cookiebot,NULL,NULL,NULL,NULL,NULL,NULL,NULL,NULL,NULL,NULL,NULL,NULL,NULL,NULL,NULL,NULL,NULL,NULL,NULL,NULL,NULL,NULL,NULL,NULL,NULL,NULL,NULL,A5DDE231-3987-4FF7-A2B7-068A55D1B562,NULL,NULL,0,0.00,NULL,0,1,NULL,NULL,2025-01-08 11:55:13.000,2025-04-14 10:36:48.000
900E997D-9EB3-4420-8A2A-800919D2D5F6,8000002C-1677182808,Advanced Off-Road Research  A/P,Advanced Off-Road Research  A/P,NULL,NULL,NULL,NULL,NULL,Advanced Off-Road Research  A/P,"725 West Grand Avenue, #B",NULL,NULL,Grand Junction,CO,81501,NULL,NULL,NULL,NULL,NULL,NULL,NULL,NULL,NULL,(970) 263-4300,NULL,NULL,NULL,970-263-4200,NULL,NULL,NULL,NULL,NULL,NULL,NULL,NULL,NULL,NULL,0,0.00,NULL,0,1,NULL,NULL,2023-02-23 13:06:48.000,2023-02-23 13:23:54.000
33874362-CB78-47DF-BAA5-802628634DF1,80000183-1677183023,Havasu Eye Center,Havasu Eye Center,NULL,NULL,NULL,NULL,NULL,Havasu Eye Center,383 South Lake Havasu Avenue,NULL,NULL,Lake Havasu City,AZ,86403,NULL,NULL,NULL,NULL,NULL,NULL,NULL,NULL,NULL,(928) 680-1144,NULL,NULL,NULL,NULL,NULL,NULL,NULL,NULL,NULL,NULL,NULL,NULL,NULL,NULL,0,0.00,NULL,0,1,NULL,NULL,2023-02-23 13:10:23.000,2023-02-23 13:26:57.000
EE91B337-4486-4755-9856-8057EBD761F6,8000008F-1677182871,Bob's Electric Motors,Bob's Electric Motors,NULL,NULL,NULL,NULL,NULL,Bob's Electric Motors,2030 Holly Avenue,NULL,NULL,Lake Havasu City,AZ,86403,NULL,NULL,NULL,NULL,NULL,NULL,NULL,NULL,NULL,(928) 855-8225,NULL,NULL,NULL,NULL,NULL,NULL,NULL,NULL,NULL,NULL,NULL,AFD6687D-2F92-4A46-A75E-2FA5398BB833,NULL,NULL,0,0.00,NULL,0,1,NULL,NULL,2023-02-23 13:07:51.000,2024-09-13 13:36:37.000
7ED89162-9A19-4F6E-A71B-809389CB2668,8000065C-1677194327,Personnel Concepts,Personnel Concepts,NULL,NULL,NULL,NULL,NULL,Personnel Concepts,NULL,NULL,NULL,NULL,NULL,NULL,NULL,NULL,NULL,NULL,NULL,NULL,NULL,NULL,NULL,NULL,NULL,NULL,NULL,NULL,NULL,NULL,NULL,NULL,NULL,NULL,NULL,A5DDE231-3987-4FF7-A2B7-068A55D1B562,NULL,NULL,0,0.00,NULL,0,1,NULL,NULL,2023-02-23 16:18:47.000,2023-11-14 16:16:39.000
AEB84BD7-FFFA-4BDB-868F-80D1E3CA79CD,80000591-1677194235,600 Racing Inc. - West,600 Racing Inc. - West,NULL,NULL,NULL,NULL,NULL,600 Racing Inc. - West,"6825 Speedway Blvd., #B-102",NULL,NULL,Las Vegas,NV,89115,NULL,NULL,NULL,NULL,NULL,NULL,NULL,NULL,NULL,(702) 643-4386,NULL,NULL,NULL,702-643-4387,"blynch@uslegendcars.com, partslasvegas@uslegendcars.com",NULL,NULL,NULL,NULL,NULL,NULL,A5DDE231-3987-4FF7-A2B7-068A55D1B562,NULL,NULL,0,603.24,NULL,0,1,NULL,NULL,2023-02-23 16:17:15.000,2025-04-17 12:49:13.000
C35B6074-2606-4291-88EF-80E1AE387D0B,8000023B-1677184121,Paramount Transportation Logistics,Paramount Transportation Logistics,NULL,NULL,NULL,NULL,NULL,Paramount Transportation Logistics,"7290 College Parkway, Suite 200",NULL,NULL,Fort Myers,FL,33907,NULL,NULL,NULL,NULL,NULL,NULL,NULL,NULL,NULL,(877)564-4789,NULL,NULL,NULL,1-239-267-1910,NULL,NULL,NULL,NULL,NULL,NULL,NULL,NULL,NULL,NULL,0,0.00,NULL,0,1,NULL,NULL,2023-02-23 13:28:41.000,2023-02-23 13:28:41.000
40A8475C-50C9-485D-A3CB-8121744F1663,80000102-1677182937,Dell,Dell,NULL,NULL,NULL,NULL,NULL,Dell,One Dell Way,Mail Stop 8129,NULL,Round Rock,TX,78682,NULL,NULL,NULL,NULL,NULL,NULL,NULL,NULL,NULL,NULL,NULL,NULL,NULL,NULL,NULL,NULL,NULL,NULL,NULL,NULL,NULL,NULL,NULL,NULL,0,0.00,NULL,0,1,NULL,NULL,2023-02-23 13:08:57.000,2025-02-06 09:20:36.000
64C084A1-61F6-4433-A113-81D7F1C66C57,80000627-1677194302,JK Fuel,JK Fuel,NULL,NULL,NULL,NULL,NULL,JK Fuel,NULL,NULL,NULL,NULL,NULL,NULL,NULL,NULL,NULL,NULL,NULL,NULL,NULL,NULL,NULL,NULL,NULL,NULL,NULL,NULL,NULL,NULL,NULL,NULL,NULL,NULL,NULL,A5DDE231-3987-4FF7-A2B7-068A55D1B562,NULL,NULL,0,0.00,NULL,0,1,NULL,NULL,2023-02-23 16:18:22.000,2023-02-23 16:18:22.000
96F8E781-D5C9-4507-8810-81EE151D4B5D,80000070-1677182850,Autozone,Autozone,NULL,NULL,NULL,NULL,NULL,Autozone,NULL,NULL,NULL,NULL,NULL,NULL,NULL,NULL,NULL,NULL,NULL,NULL,NULL,NULL,NULL,NULL,NULL,NULL,NULL,NULL,NULL,NULL,NULL,NULL,NULL,NULL,NULL,NULL,NULL,NULL,0,0.00,NULL,0,1,NULL,NULL,2023-02-23 13:07:30.000,2023-02-23 13:24:32.000
F0DFAE79-B40F-4A94-A483-81EE4E026FB0,80000632-1677194307,KSH Fuel Products,KSH Fuel Products,NULL,NULL,NULL,NULL,NULL,KSH Fuel Products,1675-103 Kiowa Avenue,NULL,NULL,Lake Havasu City,AZ,86403-2899,NULL,NULL,NULL,NULL,NULL,NULL,NULL,NULL,NULL,928-680-6610,NULL,NULL,NULL,928-680-7379,NULL,NULL,NULL,NULL,NULL,NULL,NULL,A5DDE231-3987-4FF7-A2B7-068A55D1B562,NULL,NULL,0,0.00,NULL,0,1,NULL,NULL,2023-02-23 16:18:27.000,2023-02-23 16:18:27.000
596F1DED-0D67-480C-96E1-81F2F98AEA3D,800054F1-1721062992,Catherine Stephan,Catherine Stephan,NULL,NULL,NULL,NULL,NULL,Catherine Stephan,NULL,NULL,NULL,NULL,NULL,NULL,NULL,NULL,NULL,NULL,NULL,NULL,NULL,NULL,NULL,NULL,NULL,NULL,NULL,NULL,NULL,NULL,NULL,NULL,NULL,NULL,NULL,AFD6687D-2F92-4A46-A75E-2FA5398BB833,NULL,NULL,0,0.00,NULL,0,1,NULL,NULL,2024-07-15 10:03:12.000,2024-11-27 11:27:27.000
43F3D89F-0D8C-44CE-A428-82286198AE4C,80002A3C-1689107085,.Howard Walter Reeves Jr.,.Howard Walter Reeves Jr.,NULL,NULL,NULL,NULL,NULL,Howard Walter Reeves Jr.,P.O Box 525,NULL,NULL,Barnesville,GA,30204,NULL,NULL,NULL,NULL,NULL,NULL,NULL,NULL,NULL,404-473-2472,NULL,NULL,NULL,NULL,NULL,NULL,NULL,Howard Walter Reeves Jr.,NULL,NULL,NULL,NULL,NULL,NULL,0,0.00,NULL,0,1,NULL,NULL,2023-07-11 13:24:45.000,2023-07-11 13:27:42.000
9E6A0DE0-637C-4FB1-9E50-824C043A3D85,80000016-1677182796,A & B Supply,A & B Supply,NULL,NULL,NULL,NULL,NULL,A & B Supply,1081 N Lake Havasu Avenue,NULL,NULL,Lake Havasu City,AZ,86403,NULL,NULL,NULL,NULL,NULL,NULL,NULL,NULL,NULL,(928) 453-3185,NULL,NULL,NULL,(928) 453-6560,NULL,NULL,NULL,NULL,NULL,NULL,NULL,162BFAF4-5263-465D-8B19-90688B4184CF,NULL,NULL,0,0.00,NULL,0,0,NULL,NULL,2023-02-23 13:06:36.000,2023-02-23 13:23:43.000
3372FF9A-32C5-439F-BCC4-8273A4D9383B,800001C9-1677184058,Kirk Stricklin Sales,Kirk Stricklin Sales,NULL,NULL,NULL,NULL,NULL,Kirk Stricklin Sales,2115 NW Thatcher Rd,NULL,NULL,Forest Grove,OR,97116,NULL,NULL,NULL,NULL,NULL,NULL,NULL,NULL,NULL,360-430-8050,NULL,NULL,NULL,NULL,kirkstricklin@aol.com,NULL,NULL,Kirk Stricklin Sales,NULL,NULL,NULL,AFD6687D-2F92-4A46-A75E-2FA5398BB833,NULL,NULL,0,0.00,NULL,0,1,NULL,NULL,2023-02-23 13:27:38.000,2023-02-23 13:27:38.000
53A71966-54AF-4B08-8E67-82AA4682B6AD,80002A30-1684876308,Hedges & Company,Hedges & Company,NULL,NULL,NULL,NULL,NULL,Hedges & Company,56036 Darrow Road #100,NULL,NULL,Hudson,OH,44236-5015,NULL,NULL,NULL,NULL,NULL,NULL,NULL,NULL,NULL,234-380-1650,NULL,NULL,NULL,NULL,accounting@hedgescompany.com,NULL,NULL,Hedges & Company,NULL,NULL,NULL,C3635986-6BE6-417F-9421-87636AF22A08,NULL,NULL,0,0.00,NULL,0,1,NULL,NULL,2023-05-23 14:11:48.000,2024-12-18 08:38:40.000
FF485CFD-B300-49D4-A58C-832F433C80C2,8000010D-1677182943,Di Eugenio Tool Center,Di Eugenio Tool Center,NULL,NULL,NULL,NULL,NULL,Di Eugenio Tool Center,P.O. Box 589,NULL,NULL,Phoenix,AZ,85001-0589,NULL,NULL,NULL,NULL,NULL,NULL,NULL,NULL,NULL,(602) 258-8364,NULL,NULL,NULL,(602) 258-1351,NULL,NULL,NULL,NULL,NULL,NULL,NULL,NULL,NULL,NULL,0,0.00,NULL,0,1,NULL,NULL,2023-02-23 13:09:03.000,2023-02-23 13:25:55.000
DC3F1677-79C3-42FE-A5EA-83AE7F31C086,800057EB-1723047320,get it in gear,get it in gear,NULL,NULL,NULL,NULL,NULL,NULL,NULL,NULL,NULL,get it,IN,NULL,NULL,NULL,NULL,NULL,NULL,NULL,NULL,NULL,NULL,NULL,NULL,NULL,NULL,NULL,NULL,NULL,NULL,NULL,NULL,NULL,NULL,NULL,NULL,NULL,0,0.00,NULL,0,1,NULL,NULL,2024-08-07 09:15:20.000,2024-08-07 09:33:39.000
B4DECCD0-676B-42E3-8F91-83E5FE59FC1C,80000272-1677184150,Pyrotect,Pyrotect,NULL,NULL,NULL,NULL,NULL,Pyrotect,975 SW First St,NULL,NULL,Redmond,OR,97756,NULL,NULL,NULL,NULL,NULL,NULL,NULL,NULL,NULL,800-669-2355,NULL,NULL,NULL,NULL,NULL,NULL,NULL,Pyrotect,NULL,NULL,NULL,NULL,NULL,NULL,0,0.00,NULL,0,1,NULL,NULL,2023-02-23 13:29:10.000,2023-02-23 13:29:10.000
DDDBC990-EB4D-41A3-8E80-83F44251A579,80000166-1677183001,"GB Remanufacturing, Inc.","GB Remanufacturing, Inc.",NULL,NULL,NULL,NULL,NULL,"GB Remanufacturing, Inc.",2040 E Cherry Industrial Circle,NULL,NULL,Long Beach,CA,90805,NULL,NULL,NULL,NULL,NULL,NULL,NULL,NULL,NULL,562-272-7333,NULL,NULL,NULL,NULL,orderdesk@gbreman.com,NULL,NULL,"GB Remanufacturing, Inc.",NULL,NULL,NULL,162BFAF4-5263-465D-8B19-90688B4184CF,NULL,NULL,0,0.00,NULL,0,1,NULL,NULL,2023-02-23 13:10:01.000,2023-02-23 13:26:41.000
92152CF9-1676-4223-B814-83FC4870F975,80000633-1677194307,Label Magnets,Label Magnets,NULL,NULL,NULL,NULL,NULL,Label Magnets,NULL,NULL,NULL,NULL,NULL,NULL,NULL,NULL,NULL,NULL,NULL,NULL,NULL,NULL,NULL,NULL,NULL,NULL,NULL,NULL,NULL,NULL,NULL,NULL,NULL,NULL,NULL,F9951A1C-DEA6-43D9-8D46-A9C4985EF3B2,NULL,NULL,0,0.00,NULL,0,1,NULL,NULL,2023-02-23 16:18:27.000,2023-02-23 16:18:27.000
C002E483-80C2-4962-9CFC-844BBC7EF549,80005C95-1725981359,Quincy Lab,Quincy Lab,NULL,NULL,NULL,NULL,NULL,Quincy Lab,NULL,NULL,NULL,NULL,NULL,NULL,NULL,NULL,NULL,NULL,NULL,NULL,NULL,NULL,NULL,NULL,NULL,NULL,NULL,NULL,NULL,NULL,NULL,NULL,NULL,NULL,NULL,A5DDE231-3987-4FF7-A2B7-068A55D1B562,NULL,NULL,0,0.00,NULL,0,1,NULL,NULL,2024-09-10 08:15:59.000,2025-02-13 08:45:12.000
455667AD-7512-464C-8060-8487EE222B2D,8000032D-1677184265,Volant Performance,Volant Performance,NULL,NULL,NULL,NULL,NULL,Volant Performance,10285 Indiana Ct,NULL,NULL,Rancho Cucamonga,CA,91730,NULL,NULL,NULL,NULL,NULL,NULL,NULL,NULL,NULL,(909)481-3888,NULL,NULL,NULL,(909) 987-8051,joe@volant.com,NULL,NULL,NULL,NULL,NULL,NULL,NULL,NULL,NULL,0,0.00,NULL,0,1,NULL,NULL,2023-02-23 13:31:05.000,2023-02-23 13:31:05.000
60E29BAA-41CF-4F4A-AED5-84A5E21BE60D,80000176-1677183014,Graphic Disorder,Graphic Disorder,NULL,NULL,NULL,NULL,NULL,Graphic Disorder,c/o Brandt,2190 Squirrel Hill Road,NULL,Schwenksville,PA,19473,NULL,NULL,NULL,NULL,NULL,NULL,NULL,NULL,NULL,610-287-0395,NULL,NULL,NULL,NULL,www.graphicdisorder.com,NULL,NULL,NULL,NULL,NULL,NULL,NULL,NULL,NULL,0,0.00,NULL,0,1,NULL,NULL,2023-02-23 13:10:14.000,2023-02-23 13:26:50.000
184686E1-7C95-4C83-9BA2-84C68976256E,80006914-1733510407,Havasu Riviera,Havasu Riviera,NULL,NULL,NULL,NULL,NULL,Havasu Riviera,NULL,NULL,NULL,NULL,NULL,NULL,NULL,NULL,NULL,NULL,NULL,NULL,NULL,NULL,NULL,NULL,NULL,NULL,NULL,NULL,NULL,NULL,NULL,NULL,NULL,NULL,NULL,AFD6687D-2F92-4A46-A75E-2FA5398BB833,NULL,NULL,0,0.00,NULL,0,1,NULL,NULL,2024-12-06 11:40:07.000,2025-04-01 09:20:09.000
8C6FD12A-E5EC-4431-8EA0-854DE07ACD5E,80005C9F-1725990016,Edelbrock,Edelbrock,NULL,NULL,NULL,NULL,NULL,Edelbrock,NULL,NULL,NULL,NULL,NULL,NULL,NULL,NULL,NULL,NULL,NULL,NULL,NULL,NULL,NULL,NULL,NULL,NULL,NULL,NULL,NULL,NULL,NULL,NULL,NULL,NULL,NULL,A5DDE231-3987-4FF7-A2B7-068A55D1B562,NULL,NULL,0,0.00,NULL,0,1,NULL,NULL,2024-09-10 10:40:16.000,2024-09-10 10:41:00.000
B7E61317-D37C-44C0-89CE-85681EA5B121,800001BF-1677184054,K & N Engineering,K & N Engineering,NULL,NULL,NULL,NULL,NULL,K & N Engineering,PO BOX 1329,NULL,NULL,Riverside,CA,92502,NULL,NULL,NULL,NULL,NULL,NULL,NULL,NULL,NULL,800- 858-3333,NULL,NULL,NULL,951-826-4001,orders@knfilters.com,NULL,NULL,NULL,NULL,NULL,NULL,162BFAF4-5263-465D-8B19-90688B4184CF,NULL,NULL,0,0.00,NULL,0,1,NULL,NULL,2023-02-23 13:27:34.000,2023-02-23 13:27:34.000
888D0FB9-0D6D-4EE2-8675-858BCA36C9B4,80000232-1677184117,Optimum Business,Optimum Business,NULL,NULL,NULL,NULL,NULL,Optimum Business,1111 Stewart Ave.,NULL,NULL,Bethpage,NY,11714-3581,NULL,NULL,NULL,NULL,NULL,NULL,NULL,NULL,NULL,(928) 855-7815,NULL,NULL,NULL,NULL,NULL,NULL,NULL,Optimum Business,NULL,NULL,NULL,AFD6687D-2F92-4A46-A75E-2FA5398BB833,NULL,NULL,0,0.00,NULL,0,1,NULL,NULL,2023-02-23 13:28:37.000,2025-04-16 08:27:02.000
C4E43194-0616-464E-8726-85B7C7A49B38,8000064E-1677194320,Motovicity Distribution,Motovicity Distribution,NULL,NULL,NULL,NULL,NULL,Motovicity Distribution,32655 Industrial Dr,NULL,NULL,Madison Hts,MI,48071,NULL,NULL,NULL,NULL,NULL,NULL,NULL,NULL,NULL,248-307-1570 x259 Ada,NULL,NULL,NULL,248-307-2573,adam.ryniak@motovicity.com,NULL,NULL,Motovicity Distribution,NULL,NULL,NULL,A5DDE231-3987-4FF7-A2B7-068A55D1B562,NULL,NULL,0,0.00,NULL,0,1,NULL,NULL,2023-02-23 16:18:40.000,2023-02-23 16:18:40.000
C69893BE-209F-4B19-AFC6-85E3C23AF3F9,800006B3-1677194367,Verizon Wireless,Verizon Wireless,NULL,NULL,NULL,NULL,NULL,Verizon Wireless,NULL,NULL,NULL,NULL,NULL,NULL,NULL,NULL,NULL,NULL,NULL,NULL,NULL,NULL,NULL,NULL,NULL,NULL,NULL,NULL,NULL,NULL,NULL,Verizon Wireless,NULL,NULL,NULL,A5DDE231-3987-4FF7-A2B7-068A55D1B562,NULL,NULL,0,0.00,NULL,0,1,NULL,NULL,2023-02-23 16:19:27.000,2025-03-19 11:38:29.000
050255AD-57C7-4949-BC97-8673C1D4D148,8000027A-1677184154,Race Tec Pistons,Race Tec Pistons,NULL,NULL,NULL,NULL,NULL,Race Tec Pistons,15681 Computer Lane,NULL,NULL,Huntington Beach,CA,92649,NULL,NULL,NULL,NULL,NULL,NULL,NULL,NULL,NULL,714-903-4362,NULL,NULL,NULL,NULL,suheyla@racetecpistons.com,NULL,NULL,Race Tec Pistons,NULL,NULL,NULL,A5DDE231-3987-4FF7-A2B7-068A55D1B562,NULL,NULL,0,-901.60,NULL,0,1,NULL,NULL,2023-02-23 13:29:14.000,2025-04-15 09:08:44.000
852C168A-C970-4E3E-86AB-8693DC6419A8,8000019B-1677183042,Industrial Threaded Products  ITP,Industrial Threaded Products  ITP,NULL,NULL,NULL,NULL,NULL,Industrial Threaded Products  ITP,PO BOX 225,Accounting Department,NULL,Santa Clara,CA,95052-0225,NULL,NULL,NULL,NULL,NULL,NULL,NULL,NULL,NULL,(909) 466-9445,NULL,NULL,NULL,800-646-4249,NULL,NULL,NULL,NULL,NULL,NULL,NULL,NULL,NULL,NULL,0,0.00,NULL,0,1,NULL,NULL,2023-02-23 13:10:42.000,2023-02-23 13:27:12.000
5232BA84-96D8-432F-BE19-86F144218013,800006AA-1677194363,TRE Performance,TRE Performance,NULL,NULL,NULL,NULL,NULL,TRE Performance,"1733 Monrovia Avenue,  Suite X",NULL,NULL,Costa Mesa,CA,92627,NULL,NULL,NULL,NULL,NULL,NULL,NULL,NULL,NULL,877-514-9494,NULL,NULL,NULL,714-907-0863,http://treperformance.com/,NULL,NULL,NULL,NULL,NULL,NULL,A5DDE231-3987-4FF7-A2B7-068A55D1B562,NULL,NULL,0,0.00,NULL,0,1,NULL,NULL,2023-02-23 16:19:23.000,2023-02-23 16:19:23.000
0895D47A-F1D4-4265-8FD7-8782D73D5F54,80007BB8-1744740303,Cloud NNE,Cloud NNE,NULL,NULL,NULL,NULL,NULL,Cloud NNE,NULL,NULL,NULL,NULL,NULL,NULL,NULL,NULL,NULL,NULL,NULL,NULL,NULL,NULL,NULL,NULL,NULL,NULL,NULL,NULL,NULL,NULL,NULL,NULL,NULL,NULL,NULL,A5DDE231-3987-4FF7-A2B7-068A55D1B562,NULL,NULL,0,0.00,NULL,0,1,NULL,NULL,2025-04-15 11:05:03.000,2025-04-15 11:05:54.000
12AA39D2-B02F-4B82-97DD-87927B45675C,80000015-1677182795,A-Z Tax & Business Services,A-Z Tax & Business Services,NULL,NULL,NULL,NULL,NULL,A-Z Tax & Business Services,"2647 Kiowa Blvd. North, Suite #100",NULL,NULL,Lake Havasu City,AZ,86403,NULL,NULL,NULL,NULL,NULL,NULL,NULL,NULL,NULL,(928) 854-5588,NULL,NULL,NULL,(928) 854-5585,NULL,NULL,NULL,NULL,NULL,NULL,NULL,AFD6687D-2F92-4A46-A75E-2FA5398BB833,NULL,NULL,0,0.00,NULL,0,0,NULL,NULL,2023-02-23 13:06:35.000,2023-02-23 13:23:43.000
1E009C25-8870-4C09-9AAE-882401BFCA6C,80000294-1677184170,Royal Moore Toyota,Royal Moore Toyota,NULL,NULL,NULL,NULL,NULL,Royal Moore Toyota,1415 SE River Rd,NULL,NULL,Hillsboro,OR,97123,NULL,NULL,NULL,NULL,NULL,NULL,NULL,NULL,NULL,503-648-3213,NULL,NULL,NULL,NULL,NULL,NULL,NULL,Royal Moore Toyota,NULL,NULL,NULL,NULL,NULL,NULL,0,0.00,NULL,0,1,NULL,NULL,2023-02-23 13:29:30.000,2023-02-23 13:29:30.000
11E4092D-108B-4479-A69E-897CAA0FFC3F,8000004D-1677182829,Amtrust,Amtrust,NULL,NULL,NULL,NULL,NULL,Amtrust North America,PO Box 6939,NULL,NULL,Cleveland,OH,44101-1939,NULL,NULL,NULL,NULL,NULL,NULL,NULL,NULL,NULL,NULL,NULL,NULL,NULL,NULL,NULL,NULL,NULL,NULL,NULL,NULL,NULL,AFD6687D-2F92-4A46-A75E-2FA5398BB833,NULL,NULL,0,0.00,NULL,0,1,NULL,NULL,2023-02-23 13:07:09.000,2025-03-14 07:05:28.000
E8B8DF63-583F-42B9-A2BD-89A7712B01C6,80005BCC-1725466913,portland compressor,portland compressor,NULL,NULL,NULL,NULL,NULL,portland compressor,NULL,NULL,NULL,NULL,NULL,NULL,NULL,NULL,NULL,NULL,NULL,NULL,NULL,NULL,NULL,NULL,NULL,NULL,NULL,NULL,NULL,NULL,NULL,NULL,NULL,NULL,NULL,A5DDE231-3987-4FF7-A2B7-068A55D1B562,NULL,NULL,0,0.00,NULL,0,1,NULL,NULL,2024-09-04 09:21:53.000,2024-09-04 09:22:41.000
271E7CFF-AD0B-4520-991C-89DBD87BB9F2,80000057-1677182835,Any Radiator,Any Radiator,NULL,NULL,NULL,NULL,NULL,Any Radiator,1546 Countryshire Avenue,NULL,NULL,Lake Havasu City,AZ,86403,NULL,NULL,NULL,NULL,NULL,NULL,NULL,NULL,NULL,(928) 453-7001,NULL,NULL,NULL,(928) 453-7218,anyradiatorservice@gmail.com,NULL,NULL,NULL,NULL,NULL,NULL,162BFAF4-5263-465D-8B19-90688B4184CF,NULL,NULL,0,169.00,NULL,0,1,NULL,NULL,2023-02-23 13:07:15.000,2025-04-17 12:49:29.000
40438FF8-CDC2-402A-953B-89E255257384,800005EC-1677194275,Dropbox,Dropbox,NULL,NULL,NULL,NULL,NULL,NULL,NULL,NULL,NULL,NULL,NULL,NULL,NULL,NULL,NULL,NULL,NULL,NULL,NULL,NULL,NULL,NULL,NULL,NULL,NULL,NULL,NULL,NULL,NULL,NULL,NULL,NULL,NULL,A5DDE231-3987-4FF7-A2B7-068A55D1B562,NULL,NULL,0,0.00,NULL,0,1,NULL,NULL,2023-02-23 16:17:55.000,2023-02-23 16:17:55.000
E92CAD7A-8CCC-4059-97F2-8A90545E9B7C,800005D3-1677194264,Century Spring Corp.,Century Spring Corp.,NULL,NULL,NULL,NULL,NULL,Century Spring,231274 Momentun Place,NULL,NULL,Chicago,IL,60689-5311,NULL,NULL,NULL,NULL,NULL,NULL,NULL,NULL,NULL,(800) 237-5225,NULL,NULL,NULL,NULL,www.centuryspring.com,NULL,NULL,NULL,NULL,NULL,NULL,A5DDE231-3987-4FF7-A2B7-068A55D1B562,NULL,NULL,0,0.00,NULL,0,1,NULL,NULL,2023-02-23 16:17:44.000,2025-03-25 11:23:03.000
5906C651-FFD1-49B1-8C65-8A98B0FB8652,80006E08-1736779114,ROVI Products Inc,ROVI Products Inc,NULL,NULL,NULL,NULL,NULL,ROVI Products Inc,4648 Runway Street,NULL,NULL,Simi Valley,CA,93063,NULL,NULL,NULL,NULL,NULL,NULL,NULL,NULL,NULL,800-423-5145,NULL,NULL,NULL,NULL,orders@roviproducts.com,NULL,NULL,ROVI Products Inc,NULL,NULL,NULL,NULL,NULL,NULL,0,0.00,NULL,0,1,NULL,NULL,2025-01-13 07:38:34.000,2025-01-29 10:27:09.000
B2A0E072-EE8A-4B72-9B06-8A9A2A7D071A,800002D7-1677184220,Supertech,Supertech,NULL,NULL,NULL,NULL,NULL,Supertech,285 Digital Dr,NULL,NULL,Morgan Hill,CA,95037,NULL,NULL,NULL,NULL,NULL,NULL,NULL,NULL,NULL,(408) 448-2001,NULL,NULL,NULL,408 448 3700,info@supertechperformance.com,NULL,NULL,NULL,NULL,NULL,NULL,162BFAF4-5263-465D-8B19-90688B4184CF,NULL,NULL,0,19435.44,NULL,0,1,NULL,NULL,2023-02-23 13:30:20.000,2025-04-17 12:49:15.000
F98D5EF9-6EB2-408B-9CAE-8AD6BF55169A,80000310-1677184252,Upload Cargo,Upload Cargo,NULL,NULL,NULL,NULL,NULL,Upload Cargo,NULL,NULL,NULL,NULL,NULL,NULL,NULL,NULL,NULL,NULL,NULL,NULL,NULL,NULL,NULL,NULL,NULL,NULL,NULL,NULL,NULL,NULL,NULL,NULL,NULL,NULL,NULL,NULL,NULL,NULL,0,0.00,NULL,0,1,NULL,NULL,2023-02-23 13:30:52.000,2023-02-23 13:30:52.000
2580AB78-B386-485A-87BD-8AE113E6A0F9,800029E5-1679522367,Guidant Financial Group,Guidant Financial Group,NULL,NULL,NULL,NULL,NULL,Guidant Financial Group,"2404 Bank Drive, Suite 310",NULL,NULL,Boise,ID,83705,NULL,NULL,NULL,NULL,NULL,NULL,NULL,NULL,NULL,888-472-4455,NULL,NULL,NULL,NULL,NULL,NULL,NULL,Guidant Financial Group,NULL,NULL,NULL,NULL,NULL,NULL,0,0.00,NULL,0,1,NULL,NULL,2023-03-22 14:59:27.000,2025-04-14 10:39:35.000
75E066E8-966A-4881-AE1D-8B25AE5EC77E,8000061D-1677194297,Jacks Auto Parts,Jacks Auto Parts,NULL,NULL,NULL,NULL,NULL,Jacks Auto Parts,1551 Palo Verde Blvd,NULL,NULL,Lake Havasu City,AZ,86403,NULL,NULL,NULL,NULL,NULL,NULL,NULL,NULL,NULL,928-855-3011,NULL,NULL,NULL,(928) 453-8071,NULL,NULL,NULL,NULL,NULL,NULL,NULL,162BFAF4-5263-465D-8B19-90688B4184CF,NULL,NULL,0,0.00,NULL,0,0,NULL,NULL,2023-02-23 16:18:17.000,2025-01-15 11:30:05.000
ECB72081-7570-4C12-8E33-8B4D13BC54FD,80000676-1677194339,River City Newspaper,River City Newspaper,NULL,NULL,NULL,NULL,NULL,River City Newspaper,NULL,NULL,NULL,NULL,NULL,NULL,NULL,NULL,NULL,NULL,NULL,NULL,NULL,NULL,NULL,NULL,NULL,NULL,NULL,NULL,NULL,NULL,NULL,NULL,NULL,NULL,NULL,A5DDE231-3987-4FF7-A2B7-068A55D1B562,NULL,NULL,0,0.00,NULL,0,1,NULL,NULL,2023-02-23 16:18:59.000,2023-02-23 16:18:59.000
09256799-BFFF-48A9-BFCC-8BB2662FE030,80000020-1677182801,Accu Chrome Plating Co,Accu Chrome Plating Co,NULL,NULL,NULL,NULL,NULL,Accu Chrome Plating Co,115 West 154th Street,NULL,NULL,Gardena,CA,90248,NULL,NULL,NULL,NULL,NULL,NULL,NULL,NULL,NULL,310-327-8268,NULL,NULL,NULL,310-327-4226,NULL,NULL,NULL,NULL,NULL,NULL,NULL,NULL,NULL,NULL,0,0.00,NULL,0,0,NULL,NULL,2023-02-23 13:06:41.000,2023-02-23 13:23:48.000
85AC5592-716A-4FEC-8E9F-8BCFA9C8CBC7,80006E37-1736869406,Nevada Department of Taxation,Nevada Department of Taxation,NULL,NULL,NULL,NULL,NULL,Nevada Department of Taxation,"3850 Arrowhead Dr., ",2nd Floor,NULL,Carson City,NV,89706,NULL,NULL,NULL,NULL,NULL,NULL,NULL,NULL,NULL,NULL,NULL,NULL,NULL,NULL,NULL,NULL,NULL,NULL,NULL,NULL,NULL,AFD6687D-2F92-4A46-A75E-2FA5398BB833,NULL,NULL,0,0.00,NULL,0,1,NULL,NULL,2025-01-14 08:43:26.000,2025-01-14 08:45:11.000
27918E92-2A23-4CEC-B1F2-8C17F2F67CBA,80000699-1677194354,The EFI Store,The EFI Store,NULL,NULL,NULL,NULL,NULL,Horsepower Connection,55 Lake Havasu Ave S #F-392,NULL,NULL,Lake Havasu City,AZ,86403,NULL,NULL,NULL,NULL,NULL,NULL,NULL,NULL,NULL,928-706-6112,NULL,NULL,NULL,NULL,store@theefistore.com,NULL,NULL,The EFI Store,NULL,NULL,NULL,51F6B9E0-F513-4510-9C25-C5B7FC7B1FD4,NULL,NULL,0,0.00,NULL,0,1,NULL,NULL,2023-02-23 16:19:14.000,2023-02-23 16:19:14.000
2FD8B5C3-50D3-4BE5-847C-8C2A98312897,8000008E-1677182870,Blue Cross Blue Shield Of Arizona,Blue Cross Blue Shield Of Arizona,NULL,NULL,NULL,NULL,NULL,Blue Cross Blue Shield Of Arizona,P.O. Box 81049,NULL,NULL,Phoenix,AZ,85069-1409,NULL,NULL,NULL,NULL,NULL,NULL,NULL,NULL,NULL,(800) 232-2345 x.411,NULL,NULL,NULL,602-864-5611,NULL,NULL,NULL,NULL,NULL,NULL,NULL,NULL,NULL,NULL,0,0.00,NULL,0,1,NULL,NULL,2023-02-23 13:07:50.000,2023-02-23 13:24:50.000
01023333-B7C6-42C6-9A0B-8C538181CD37,800029F2-1679611651,.Anthony Green-Hernandez,.Anthony Green-Hernandez,NULL,NULL,NULL,NULL,NULL,Anthony Green-Hernandez,36340 94th Street East,NULL,NULL,Littlerock,CA,93543,NULL,NULL,NULL,NULL,NULL,NULL,NULL,NULL,NULL,NULL,NULL,NULL,NULL,NULL,NULL,NULL,NULL,Anthony Green-Hernandez,NULL,NULL,NULL,NULL,NULL,NULL,0,0.00,NULL,0,1,NULL,NULL,2023-03-23 15:47:31.000,2023-03-23 16:02:18.000
A347C5C7-7946-4E2D-83A3-8C63BCF4072A,800029F8-1680299848,.Christopher Winsauer,.Christopher Winsauer,NULL,NULL,NULL,NULL,NULL,Christopher Winsauer,1621 E 10th St.,NULL,NULL,Sedalia,MO,65301,NULL,NULL,NULL,NULL,NULL,NULL,NULL,NULL,NULL,660-281-7779,NULL,NULL,NULL,NULL,NULL,NULL,NULL,Christopher Winsauer,NULL,NULL,NULL,NULL,NULL,NULL,0,0.00,NULL,0,1,NULL,NULL,2023-03-31 14:57:28.000,2023-03-31 15:12:09.000
CF9C8705-D47F-47BF-9722-8C6C5074F4AA,800001C8-1677184058,Kincaid Racing  Engines    KRE,Kincaid Racing  Engines    KRE,NULL,NULL,NULL,NULL,NULL,Kincaid Racing  Engines    KRE,NULL,NULL,NULL,Lake Havasu City,AZ,86403,NULL,NULL,NULL,NULL,NULL,NULL,NULL,NULL,NULL,928-680-0004,NULL,NULL,NULL,NULL,NULL,NULL,NULL,NULL,NULL,NULL,NULL,NULL,NULL,NULL,0,0.00,NULL,0,1,NULL,NULL,2023-02-23 13:27:38.000,2023-02-23 13:27:38.000
8F06B91C-7F20-4EB0-98F4-8C77FC575F08,80000061-1677182840,Arizona Premium Water,Arizona Premium Water,NULL,NULL,NULL,NULL,NULL,Arizona Premium Water,1631 Industrial Blvd,NULL,NULL,Lake Havasu City,AZ,86403,NULL,NULL,NULL,NULL,NULL,NULL,NULL,NULL,NULL,928-855-7776,NULL,NULL,NULL,NULL,NULL,NULL,NULL,NULL,NULL,NULL,NULL,NULL,NULL,NULL,0,0.00,NULL,0,1,NULL,NULL,2023-02-23 13:07:20.000,2024-01-15 10:53:39.000
453B043E-69EE-4CDF-B589-8CA8387C9207,80000271-1677184149,Pulley Boys  ***Now Part of Atkins Rotary,Pulley Boys  ***Now Part of Atkins Rotary,NULL,NULL,NULL,NULL,NULL,Pulley Boys  ***Now Part of Atkins Rotary,"10526 Steele Street South,  Suite #B",NULL,NULL,Lakewood,WA,98499-8743,NULL,NULL,NULL,NULL,NULL,NULL,NULL,NULL,NULL,(253) 588-2350,NULL,NULL,NULL,NULL,www.pulleyboys.com,NULL,NULL,NULL,NULL,NULL,NULL,NULL,NULL,NULL,0,0.00,NULL,0,1,NULL,NULL,2023-02-23 13:29:09.000,2023-02-23 13:29:09.000
C7DDF5BA-DA5E-4154-8973-8CD311D90771,800029CF-1678831338,.Ruben Clark,.Ruben Clark,NULL,NULL,NULL,NULL,NULL,Ruben Clark,11191 Casa St.,NULL,NULL,Ventura,CA,93004,NULL,NULL,NULL,NULL,NULL,NULL,NULL,NULL,NULL,805-617-5514,NULL,NULL,NULL,NULL,NULL,NULL,NULL,Ruben Clark,NULL,NULL,NULL,NULL,NULL,NULL,0,0.00,NULL,0,1,NULL,NULL,2023-03-14 15:02:18.000,2023-03-14 15:25:52.000
2A1C3360-D53C-4F2F-B951-8CE1A9C63631,800005AD-1677194247,Armour Cloud,Armour Cloud,NULL,NULL,NULL,NULL,NULL,Armour Cloud,7558 W Thunderbird Rd,Ste 1-434,NULL,Peoria,AZ,85381,NULL,NULL,NULL,NULL,NULL,NULL,NULL,NULL,NULL,NULL,NULL,NULL,NULL,NULL,NULL,NULL,NULL,NULL,NULL,NULL,NULL,3DD1DEF5-C7AA-41E7-964E-EFCE3AFB8E29,NULL,NULL,0,0.00,NULL,0,1,NULL,NULL,2023-02-23 16:17:27.000,2025-04-09 10:19:25.000
76FBBCDA-6DC7-4200-BC62-8D0072536FBE,800078E5-1743200729,North West Toys LLC,North West Toys LLC,NULL,Devin,NULL,NULL,NULL,NWT,94-245 Leoku St Unit 971121,NULL,NULL,Waipahu,HI,96797,NULL,NWT,94-245 Leoku St Unit 971121,NULL,NULL,Waipahu,HI,96797,NULL,503-569-5739,NULL,NULL,NULL,NULL,sales@northwesttoysllc.com,NULL,NULL,NWT,NULL,NULL,NULL,NULL,NULL,NULL,0,0.00,NULL,0,1,NULL,NULL,2025-03-28 15:25:29.000,2025-03-28 15:26:04.000
45985D91-419C-4E3F-BE09-8D31367D85DB,800001BC-1677184052,JTOutfitters,JTOutfitters,NULL,NULL,NULL,NULL,NULL,JTOutfitters,3134 NC Hwy 89 E,NULL,NULL,Walnut Cove,NC,27052,NULL,NULL,NULL,NULL,NULL,NULL,NULL,NULL,NULL,336.591.1108,NULL,NULL,NULL,NULL,NULL,NULL,NULL,JTOutfitters,NULL,NULL,NULL,NULL,NULL,NULL,0,0.00,NULL,0,1,NULL,NULL,2023-02-23 13:27:32.000,2023-02-23 13:27:32.000
AEB121DC-7C4E-4C83-AB7C-8D3C265EC1E0,80000179-1677183016,Guden,Guden,NULL,NULL,NULL,NULL,NULL,Guden,99 Raynor Ave.,NULL,NULL,Ronkonkoma,NY,11779,NULL,NULL,NULL,NULL,NULL,NULL,NULL,NULL,NULL,800-344-6437,NULL,NULL,NULL,NULL,info@guden.com,NULL,NULL,Guden,NULL,NULL,NULL,NULL,NULL,NULL,0,0.00,NULL,0,1,NULL,NULL,2023-02-23 13:10:16.000,2023-02-23 13:26:52.000
9C3066C4-0824-4036-A958-8D400C90E4BE,800001D7-1677184066,LC Engineering JOB SHOP,LC Engineering JOB SHOP,NULL,NULL,NULL,NULL,NULL,LC Engineering Kitting,NULL,NULL,NULL,NULL,NULL,NULL,NULL,NULL,NULL,NULL,NULL,NULL,NULL,NULL,NULL,NULL,NULL,NULL,NULL,NULL,NULL,NULL,NULL,NULL,NULL,NULL,NULL,NULL,NULL,NULL,0,0.00,NULL,0,1,NULL,NULL,2023-02-23 13:27:46.000,2023-02-23 13:27:46.000
69E87DBF-AFCB-4B32-8164-8D5751E25DC1,80000635-1677194308,Lake Havasu City,Lake Havasu City,NULL,NULL,NULL,NULL,NULL,Lake Havasu City,NULL,NULL,NULL,NULL,NULL,NULL,NULL,NULL,NULL,NULL,NULL,NULL,NULL,NULL,NULL,(928) 453-4146,NULL,NULL,NULL,NULL,NULL,NULL,NULL,NULL,NULL,NULL,NULL,51F6B9E0-F513-4510-9C25-C5B7FC7B1FD4,NULL,NULL,0,0.00,NULL,0,1,NULL,NULL,2023-02-23 16:18:28.000,2025-04-08 11:27:31.000
269264B9-6AAE-46E4-B5FD-8DDC1EBADE01,80000259-1677184137,petty Cash - Wes Dosey,petty Cash - Wes Dosey,NULL,NULL,NULL,NULL,NULL,Petty Cash - Wes Dosey,NULL,NULL,NULL,NULL,NULL,NULL,NULL,NULL,NULL,NULL,NULL,NULL,NULL,NULL,NULL,NULL,NULL,NULL,NULL,NULL,NULL,NULL,NULL,NULL,NULL,NULL,NULL,AFD6687D-2F92-4A46-A75E-2FA5398BB833,NULL,NULL,0,0.00,NULL,0,1,NULL,NULL,2023-02-23 13:28:57.000,2023-02-23 13:28:57.000
926FBB3E-98F5-4B86-B9A2-8DE755A395CC,80006220-1729532790,Performance Lifts,Performance Lifts,NULL,NULL,NULL,NULL,NULL,Performance Lifts,PO Box 327,NULL,NULL,Blue Jay,CA,92317,NULL,NULL,NULL,NULL,NULL,NULL,NULL,NULL,NULL,949-629-3017,NULL,NULL,NULL,NULL,performancelifts.com,NULL,NULL,Performance Lifts,NULL,NULL,NULL,NULL,NULL,NULL,0,0.00,NULL,0,1,NULL,NULL,2024-10-21 10:46:30.000,2024-10-21 10:46:32.000
7B9C3032-8B71-4FB9-87D8-8E57054F0261,80000161-1677182998,Fusion LLC,Fusion LLC,NULL,NULL,NULL,NULL,NULL,Fusion LLC,PO Box 411470,NULL,NULL,Boston,MA,02241-1289,NULL,NULL,NULL,NULL,NULL,NULL,NULL,NULL,NULL,NULL,NULL,NULL,NULL,NULL,NULL,NULL,NULL,NULL,NULL,NULL,NULL,162BFAF4-5263-465D-8B19-90688B4184CF,NULL,NULL,0,-13.82,NULL,0,1,NULL,NULL,2023-02-23 13:09:58.000,2024-03-15 10:52:04.000
1176F97C-F6A0-4191-BE29-8ECBC950ED9A,800029DF-1678999631,Superior Installation,Superior Installation,NULL,NULL,NULL,NULL,NULL,Superior Installation,911 N. Lake Havasu Ave.,#603,NULL,Lake Havasu City,AZ,86403,NULL,NULL,NULL,NULL,NULL,NULL,NULL,NULL,NULL,NULL,NULL,NULL,NULL,NULL,NULL,NULL,NULL,NULL,NULL,NULL,NULL,NULL,NULL,NULL,0,0.00,NULL,0,1,NULL,NULL,2023-03-16 13:47:11.000,2023-03-16 13:48:46.000
06A01FE3-D807-41BB-8BFC-8EE67524B0D1,8000728C-1739810299,toyota Fest Norcal,toyota Fest Norcal,NULL,NULL,NULL,NULL,NULL,toyota Fest Norcal,NULL,NULL,NULL,NULL,NULL,NULL,NULL,NULL,NULL,NULL,NULL,NULL,NULL,NULL,NULL,NULL,NULL,NULL,NULL,NULL,NULL,NULL,NULL,NULL,NULL,NULL,NULL,NULL,NULL,NULL,0,0.00,NULL,0,1,NULL,NULL,2025-02-17 09:38:19.000,2025-02-17 09:38:38.000
D0719FB7-8614-441F-9346-8EE6B4B42484,800001F0-1677184081,Martinez Core Co.Core1,Martinez Core Co.Core1,NULL,NULL,NULL,NULL,NULL,Martinez Core Co.Core1,1814 East Mauretania Street,NULL,NULL,Wilmington,CA,90744,NULL,NULL,NULL,NULL,NULL,NULL,NULL,NULL,NULL,(310) 835-2597,NULL,NULL,NULL,(310) 835-8079,NULL,NULL,NULL,NULL,NULL,NULL,NULL,AFD6687D-2F92-4A46-A75E-2FA5398BB833,NULL,NULL,0,0.00,NULL,0,1,NULL,NULL,2023-02-23 13:28:01.000,2023-02-23 13:28:01.000
2FA69283-B514-48BB-8834-8F23B04842A9,8000013D-1677182974,Face Mill Grinding,Face Mill Grinding,NULL,NULL,NULL,NULL,NULL,Face Mill Grinding,1331 Folkstone Avenue,NULL,NULL,Hacienda Heights,CA,91745,NULL,NULL,NULL,NULL,NULL,NULL,NULL,NULL,NULL,(626) 336-9406,NULL,NULL,NULL,NULL,NULL,NULL,NULL,NULL,NULL,NULL,NULL,NULL,NULL,NULL,0,0.00,NULL,0,1,NULL,NULL,2023-02-23 13:09:34.000,2023-02-23 13:26:20.000
5A1ADC59-95C1-475C-9B9D-8F31E8BC007E,8000069B-1677194355,The Music Bed,The Music Bed,NULL,NULL,NULL,NULL,NULL,The Music Bed,158 West Magnolia Ave,NULL,NULL,Fort Worth,TX,76104,NULL,NULL,NULL,NULL,NULL,NULL,NULL,NULL,NULL,800-380-8154,NULL,NULL,NULL,NULL,service@themusicbed.com,NULL,NULL,The Music Bed,NULL,NULL,NULL,A5DDE231-3987-4FF7-A2B7-068A55D1B562,NULL,NULL,0,0.00,NULL,0,1,NULL,NULL,2023-02-23 16:19:15.000,2023-02-23 16:19:15.000
028514AD-3AA3-4313-8030-8FDB0CF87ED9,8000030C-1677184250,UniSource Energy Srv/Electricity,UniSource Energy Srv/Electricity,NULL,NULL,NULL,NULL,NULL,UniSource Energy Srv/Electricity,P.O. Box  80079,NULL,NULL,Prescott,AZ,86304-8079,NULL,NULL,NULL,NULL,NULL,NULL,NULL,NULL,NULL,(520) 855-2138,NULL,NULL,NULL,NULL,NULL,NULL,NULL,NULL,NULL,NULL,NULL,3EF97799-B4C4-4EF2-BF80-BD8A8C1A43AF,NULL,NULL,0,0.00,NULL,0,1,NULL,NULL,2023-02-23 13:30:50.000,2025-03-31 09:55:09.000
DCB43726-B566-42C5-BD4C-9028F8894E6A,8000751A-1741027777,HPS Performance Products,HPS Performance Products,NULL,NULL,NULL,NULL,NULL,HPS Performance Products,5367 Ayon Ave,NULL,NULL,Irwindale,CA,91706,NULL,NULL,NULL,NULL,NULL,NULL,NULL,NULL,NULL,626-747-9200,NULL,NULL,NULL,NULL,po@hps-siliconehoses.com,NULL,NULL,HPS,NULL,NULL,NULL,162BFAF4-5263-465D-8B19-90688B4184CF,NULL,NULL,0,2973.42,NULL,0,1,NULL,NULL,2025-03-03 11:49:37.000,2025-04-17 12:48:52.000
65C9CEE5-9EC7-4C8F-9F71-904EEBBF808C,80002A1B-1682703057,.Austin McKinsey,.Austin McKinsey,NULL,NULL,NULL,NULL,NULL,Austin McKinsey,89 West Ave. Apt 2,NULL,NULL,Ludlow,MA,01056,NULL,NULL,NULL,NULL,NULL,NULL,NULL,NULL,NULL,785-633-7389,NULL,NULL,NULL,NULL,NULL,NULL,NULL,Austin McKinsey,NULL,NULL,NULL,NULL,NULL,NULL,0,0.00,NULL,0,1,NULL,NULL,2023-04-28 10:30:57.000,2023-04-28 10:34:16.000
810690CF-30AE-48A0-B751-9076A84FBA62,80002A3E-1689264520,Nationwide,Nationwide,NULL,NULL,NULL,NULL,NULL,Nationwide,NULL,NULL,NULL,NULL,NULL,NULL,NULL,NULL,NULL,NULL,NULL,NULL,NULL,NULL,NULL,NULL,NULL,NULL,NULL,NULL,NULL,NULL,NULL,NULL,NULL,NULL,NULL,NULL,NULL,NULL,0,0.00,NULL,0,1,NULL,NULL,2023-07-13 09:08:40.000,2024-08-20 10:50:24.000
3C9FC1AC-B9BE-45AC-9F87-907A4213476C,80000248-1677184128,Payroll Protection Program,Payroll Protection Program,NULL,NULL,NULL,NULL,NULL,Payroll Protection Program,NULL,NULL,NULL,NULL,NULL,NULL,NULL,NULL,NULL,NULL,NULL,NULL,NULL,NULL,NULL,NULL,NULL,NULL,NULL,NULL,NULL,NULL,NULL,NULL,NULL,NULL,NULL,NULL,NULL,NULL,0,0.00,NULL,0,1,NULL,NULL,2023-02-23 13:28:48.000,2023-02-23 13:28:48.000
47E2C935-AA13-4900-991A-90F4CA677053,8000021D-1677184105,Naturepathic Family Practice,Naturepathic Family Practice,NULL,NULL,NULL,NULL,NULL,Naturepathic Family Practice,NULL,NULL,NULL,NULL,NULL,NULL,NULL,NULL,NULL,NULL,NULL,NULL,NULL,NULL,NULL,NULL,NULL,NULL,NULL,NULL,NULL,NULL,NULL,NULL,NULL,NULL,NULL,NULL,NULL,NULL,0,0.00,NULL,0,1,NULL,NULL,2023-02-23 13:28:25.000,2023-02-23 13:28:25.000
D9B30C84-0CE8-4FD7-8ACE-91474AF7761A,8000030F-1677184251,UP IN SMOKE LHC,UP IN SMOKE LHC,NULL,NULL,NULL,NULL,NULL,NULL,NULL,NULL,NULL,UP,IN,NULL,NULL,NULL,NULL,NULL,NULL,NULL,NULL,NULL,NULL,NULL,NULL,NULL,NULL,NULL,NULL,NULL,NULL,NULL,NULL,NULL,NULL,AFD6687D-2F92-4A46-A75E-2FA5398BB833,NULL,NULL,0,0.00,NULL,0,1,NULL,NULL,2023-02-23 13:30:51.000,2023-02-23 13:30:51.000
F2C15013-9101-46F4-9C52-92448A7608C6,800001B7-1677184049,Jones Racing Products,Jones Racing Products,NULL,NULL,NULL,NULL,NULL,Jones Racing Products,72 Annawanda Road,NULL,NULL,Ottsville,PA,18942,NULL,NULL,NULL,NULL,NULL,NULL,NULL,NULL,NULL,(610) 847-2028,NULL,NULL,NULL,(610) 847-8895,NULL,NULL,NULL,NULL,NULL,NULL,NULL,NULL,NULL,NULL,0,0.00,NULL,0,1,NULL,NULL,2023-02-23 13:27:29.000,2023-02-23 13:27:29.000
9E90A29D-B5DA-49F7-B727-93076FD91B75,80000168-1677183002,Gear Master,Gear Master,NULL,Terry,NULL,Roach,NULL,Gear Master,Terry Roach,7481Research Dr,NULL,Almont,MI,48003,NULL,NULL,NULL,NULL,NULL,NULL,NULL,NULL,NULL,810-798-9254,NULL,NULL,NULL,NULL,NULL,NULL,NULL,Gear Master,NULL,NULL,NULL,NULL,NULL,NULL,0,0.00,NULL,0,1,NULL,NULL,2023-02-23 13:10:02.000,2023-02-23 13:26:42.000
DFB91C8B-DD3D-4C28-9D8B-936AEDB6FE88,8000060B-1677194289,Harbor Freight,Harbor Freight,NULL,NULL,NULL,NULL,NULL,Harbor Freight,NULL,NULL,NULL,NULL,NULL,NULL,NULL,NULL,NULL,NULL,NULL,NULL,NULL,NULL,NULL,NULL,NULL,NULL,NULL,NULL,NULL,NULL,NULL,Harbor Freight,NULL,NULL,NULL,A5DDE231-3987-4FF7-A2B7-068A55D1B562,NULL,NULL,0,192.98,NULL,0,1,NULL,NULL,2023-02-23 16:18:09.000,2025-03-11 13:08:32.000
3C6C80DA-58F3-42FC-8229-937D0659CA77,80003DF4-1708966407,Employers,Employers,NULL,NULL,NULL,NULL,NULL,Employers,NULL,NULL,NULL,NULL,NULL,NULL,NULL,NULL,NULL,NULL,NULL,NULL,NULL,NULL,NULL,NULL,NULL,NULL,NULL,NULL,NULL,NULL,NULL,NULL,NULL,NULL,NULL,NULL,NULL,NULL,0,0.00,NULL,0,1,NULL,NULL,2024-02-26 09:53:27.000,2024-02-27 08:12:04.000
C9C31867-A841-4118-B8D5-9397FF3C78D5,80000143-1677182979,Fat Performance,Fat Performance,NULL,NULL,NULL,NULL,NULL,Fat Performance,c/o Gregg,1558 North Case Street,NULL,Orange,CA,92867,NULL,NULL,NULL,NULL,NULL,NULL,NULL,NULL,NULL,(714) 637-2889,NULL,NULL,NULL,714-637-7352,NULL,NULL,NULL,NULL,NULL,NULL,NULL,NULL,NULL,NULL,0,0.00,NULL,0,1,NULL,NULL,2023-02-23 13:09:39.000,2023-02-23 13:26:23.000
C29EC5F9-3390-42DA-9A53-93B2F0AD67FA,80000043-1677182823,"Alterity, Inc","Alterity, Inc",NULL,NULL,NULL,NULL,NULL,"Alterity, Inc","600 Six Flags Dr, Ste 642",NULL,NULL,Arlington,TX,76011-6332,NULL,NULL,NULL,NULL,NULL,NULL,NULL,NULL,NULL,NULL,NULL,NULL,NULL,NULL,NULL,NULL,NULL,NULL,NULL,NULL,NULL,AFD6687D-2F92-4A46-A75E-2FA5398BB833,NULL,NULL,0,0.00,NULL,0,1,NULL,NULL,2023-02-23 13:07:03.000,2024-11-12 10:58:27.000
911BB3AD-51A3-4716-A0D3-9462D2F4A41E,800000A3-1677182883,Bulletproof Suspensions,Bulletproof Suspensions,Mr,Brian,NULL,NULL,NULL,Bulletproof Suspensions,1316 Agate Avenue (Suite: E),NULL,NULL,Mentone,CA,92359,NULL,NULL,NULL,NULL,NULL,NULL,NULL,NULL,NULL,909-389-0444,NULL,NULL,NULL,NULL,bulletproofsuspension@yahoo.com,NULL,NULL,Bulletproof Suspensions,NULL,NULL,NULL,NULL,NULL,NULL,0,5450.00,NULL,0,1,NULL,NULL,2023-02-23 13:08:03.000,2025-02-24 12:08:22.000
148CD0DF-8CAA-42AE-A1C4-94734CD1C588,800001DB-1677184068,LHCHS,LHCHS,NULL,NULL,NULL,NULL,NULL,LHCHS,NULL,NULL,NULL,NULL,NULL,NULL,NULL,NULL,NULL,NULL,NULL,NULL,NULL,NULL,NULL,NULL,NULL,NULL,NULL,NULL,NULL,NULL,NULL,NULL,NULL,NULL,NULL,NULL,NULL,NULL,0,0.00,NULL,0,1,NULL,NULL,2023-02-23 13:27:48.000,2023-02-23 13:27:48.000
EA3CBB9C-4434-40EA-B843-94865990F6C0,80000039-1677182815,Air Design USA,Air Design USA,NULL,NULL,NULL,NULL,NULL,Air Design USA,"3820 Oceanic Drive, Suite 3",NULL,NULL,Oceanside,CA,NULL,USA,NULL,NULL,NULL,NULL,NULL,NULL,NULL,NULL,(760) 435 0095 Marycr,NULL,NULL,NULL,NULL,diego@airdesignusa.com; sales@airdesignusa.com; marycruz@airdesignusa.com,NULL,NULL,Air Design USA,NULL,NULL,NULL,162BFAF4-5263-465D-8B19-90688B4184CF,NULL,NULL,0,0.00,NULL,0,1,NULL,NULL,2023-02-23 13:06:55.000,2025-01-07 10:46:51.000
6ADBC36F-308A-4AAA-BFB4-94A399C40D98,80000682-1677194344,Sharpe Products,Sharpe Products,NULL,NULL,NULL,NULL,NULL,Sharpe Products,NULL,NULL,NULL,NULL,NULL,NULL,NULL,NULL,NULL,NULL,NULL,NULL,NULL,NULL,NULL,NULL,NULL,NULL,NULL,NULL,NULL,NULL,NULL,NULL,NULL,NULL,NULL,A5DDE231-3987-4FF7-A2B7-068A55D1B562,NULL,NULL,0,0.00,NULL,0,1,NULL,NULL,2023-02-23 16:19:04.000,2023-02-23 16:19:04.000
C991B0C6-F3B0-44E9-9595-94D15CEFA0FC,80005DBD-1726700440,GG Lighting,GG Lighting,NULL,NULL,NULL,NULL,NULL,GG Lighting,1020 E Orangefair Lane,NULL,NULL,Anaheim,CA,92801,NULL,GG Lighting,1020 E Orangefair Lane,NULL,NULL,Anaheim,CA,92801,NULL,714-341-4811,NULL,NULL,NULL,NULL,Info@GGlighting.net,NULL,NULL,GG Lighting,NULL,NULL,NULL,NULL,NULL,NULL,0,0.00,NULL,0,1,NULL,NULL,2024-09-18 16:00:40.000,2024-09-18 16:00:40.000
80B598F8-E700-4BDD-AD66-94E7E617BDA3,800002F5-1677184237,Transfer of Funds,Transfer of Funds,NULL,NULL,NULL,NULL,NULL,Transfer of Funds`,NULL,NULL,NULL,NULL,NULL,NULL,NULL,NULL,NULL,NULL,NULL,NULL,NULL,NULL,NULL,NULL,NULL,NULL,NULL,NULL,NULL,NULL,NULL,NULL,NULL,NULL,NULL,NULL,NULL,NULL,0,0.00,NULL,0,1,NULL,NULL,2023-02-23 13:30:37.000,2023-05-19 15:14:24.000
EB33BACF-7C19-4EFC-B64B-94F024E7D28B,80000327-1677184263,Vibrant Power Inc.,Vibrant Power Inc.,NULL,NULL,NULL,NULL,NULL,Vibrant Power Inc.,310 Courtneypark Drive East,NULL,NULL,Mississauga,ON,L5T 2S5,Canada,NULL,NULL,NULL,NULL,NULL,NULL,NULL,NULL,905-564-8644 x 280Dea,NULL,NULL,416-568-3351 John,NULL,orderentry@vibrantpower.com,NULL,NULL,Vibrant Power Inc.,NULL,NULL,NULL,NULL,NULL,NULL,0,0.00,NULL,0,1,NULL,NULL,2023-02-23 13:31:03.000,2023-02-23 13:31:03.000
42730F29-4386-4A1F-A33C-9577901E8BB7,800029F3-1679611684,.Jake Lucas,.Jake Lucas,NULL,NULL,NULL,NULL,NULL,Jake Lucas,3210 Bexley Drive,NULL,NULL,Middletown,OH,45042,NULL,NULL,NULL,NULL,NULL,NULL,NULL,NULL,NULL,NULL,NULL,NULL,NULL,NULL,NULL,NULL,NULL,Jake Lucas,NULL,NULL,NULL,NULL,NULL,NULL,0,0.00,NULL,0,1,NULL,NULL,2023-03-23 15:48:04.000,2023-03-23 16:23:50.000
84799E8E-8F0F-429B-965A-95DBC2D0491A,80000087-1677182864,Big Blasters,Big Blasters,NULL,NULL,NULL,NULL,NULL,Big Blasters,3553 Maricopa Road,NULL,NULL,Lake Havasu City,AZ,NULL,NULL,NULL,NULL,NULL,NULL,NULL,NULL,NULL,NULL,(928) 453-1244,NULL,NULL,NULL,NULL,NULL,NULL,NULL,NULL,NULL,NULL,NULL,NULL,NULL,NULL,0,0.00,NULL,0,1,NULL,NULL,2023-02-23 13:07:44.000,2023-02-23 13:24:45.000
1165ED90-7B30-4C36-8BD1-9631E22F9C72,800000C9-1677182905,Chongqing Maska Machinery Parts,Chongqing Maska Machinery Parts,NULL,NULL,NULL,NULL,NULL,Chongqing Maska Machinery Parts,No 27-15# 1St Bldg,Xijiao Rd 3#,NULL,Jiulongpo Dis,Chongqing,NULL,China,NULL,NULL,NULL,NULL,NULL,NULL,NULL,NULL,NULL,NULL,NULL,NULL,NULL,maskaparts@gmail.com,NULL,NULL,Chongqing Maska Machinery Parts,NULL,NULL,NULL,AFD6687D-2F92-4A46-A75E-2FA5398BB833,NULL,NULL,0,17529.00,NULL,0,1,NULL,NULL,2023-02-23 13:08:25.000,2025-03-03 10:45:02.000
4E43D363-9594-488E-ACBF-9662C62A6BD9,8000060F-1677194291,Holley.com,Holley.com,NULL,NULL,NULL,NULL,NULL,Holley.com,NULL,NULL,NULL,NULL,NULL,NULL,NULL,NULL,NULL,NULL,NULL,NULL,NULL,NULL,NULL,NULL,NULL,NULL,NULL,NULL,CustomerService@holley.com,NULL,NULL,Holley.com,NULL,NULL,NULL,A5DDE231-3987-4FF7-A2B7-068A55D1B562,NULL,NULL,0,0.00,NULL,0,1,NULL,NULL,2023-02-23 16:18:11.000,2023-02-23 16:18:11.000
41199A1B-7962-4685-9D73-9679BED2BCC9,80000135-1677182969,epwi,epwi,NULL,NULL,NULL,NULL,NULL,epwi,NULL,NULL,NULL,NULL,NULL,NULL,NULL,NULL,NULL,NULL,NULL,NULL,NULL,NULL,NULL,NULL,NULL,NULL,NULL,NULL,NULL,NULL,NULL,NULL,NULL,NULL,NULL,NULL,NULL,NULL,0,0.00,NULL,0,1,NULL,NULL,2023-02-23 13:09:29.000,2023-02-23 13:26:16.000
E4EE828F-E359-4231-9284-967F022768C7,80000074-1677182852,Avast Antivirus,Avast Antivirus,NULL,NULL,NULL,NULL,NULL,Avast Antivirus,NULL,NULL,NULL,NULL,NULL,NULL,NULL,NULL,NULL,NULL,NULL,NULL,NULL,NULL,NULL,NULL,NULL,NULL,NULL,NULL,NULL,NULL,NULL,NULL,NULL,NULL,NULL,NULL,NULL,NULL,0,0.00,NULL,0,1,NULL,NULL,2023-02-23 13:07:32.000,2023-02-23 13:24:34.000
B948E605-9874-4EEF-9DBC-96C69B8F7689,800001D2-1677184064,"Lane Automotive, Inc","Lane Automotive, Inc",NULL,NULL,NULL,NULL,NULL,"Lane Automotive, Inc",8300 Lane Drive,NULL,NULL,Watervliet,MI,49098,NULL,NULL,NULL,NULL,NULL,NULL,NULL,NULL,NULL,(269) 463-4113,NULL,NULL,NULL,(269) 463-0276,NULL,NULL,NULL,NULL,NULL,NULL,NULL,NULL,NULL,NULL,0,0.00,NULL,0,1,NULL,NULL,2023-02-23 13:27:44.000,2023-02-23 13:27:44.000
BB31276D-D737-40E9-AAA8-96C6C0131D82,80000318-1677184256,USA Gas,USA Gas,NULL,NULL,NULL,NULL,NULL,USA Gas,NULL,NULL,NULL,NULL,NULL,NULL,NULL,NULL,NULL,NULL,NULL,NULL,NULL,NULL,NULL,NULL,NULL,NULL,NULL,NULL,NULL,NULL,NULL,NULL,NULL,NULL,NULL,NULL,NULL,NULL,0,0.00,NULL,0,1,NULL,NULL,2023-02-23 13:30:56.000,2023-02-23 13:30:56.000
1D16C44B-B73B-480C-BF91-9725735B6469,80000081-1677182861,Beep Beep Foreign Auto Parts,Beep Beep Foreign Auto Parts,NULL,NULL,NULL,NULL,NULL,Beep Beep Foreign Auto Parts,5555 South Arcadia Avenue,NULL,NULL,Tucson,AZ,85706,NULL,NULL,NULL,NULL,NULL,NULL,NULL,NULL,NULL,(520) 574-1234,NULL,NULL,NULL,NULL,NULL,NULL,NULL,NULL,NULL,NULL,NULL,NULL,NULL,NULL,0,0.00,NULL,0,1,NULL,NULL,2023-02-23 13:07:41.000,2023-02-23 13:24:42.000
D0849D5C-F3B7-4408-95DF-97605BB8E9A6,800005D5-1677194265,CG Distribution,CG Distribution,NULL,NULL,NULL,NULL,NULL,CG Distribution,13089 Peyton Drive #C199,NULL,NULL,Chino Hills,CA,91709,NULL,NULL,NULL,NULL,NULL,NULL,NULL,NULL,NULL,909-628-1440,NULL,NULL,NULL,+1 (909) 628 - 1775,yvette.c@cgdistribution.com,NULL,NULL,CG Distribution,NULL,NULL,NULL,A5DDE231-3987-4FF7-A2B7-068A55D1B562,NULL,NULL,0,255.98,NULL,0,1,NULL,NULL,2023-02-23 16:17:45.000,2025-04-15 09:56:22.000
2FEDC7E6-E8C6-43A8-9734-9766F62CBD24,80000652-1677194321,"Northern Machine Tool Services, Inc","Northern Machine Tool Services, Inc",NULL,NULL,NULL,NULL,NULL,"Northern Machine Tool Services, Inc",1004 Trakk Ln,NULL,NULL,Woodstock,IL,60098,NULL,NULL,NULL,NULL,NULL,NULL,NULL,NULL,NULL,847-354-5774,NULL,NULL,NULL,630-423-9679,haasrepair@northernmts.com,NULL,NULL,"Northern Machine Tool Services, Inc",NULL,NULL,NULL,A5DDE231-3987-4FF7-A2B7-068A55D1B562,NULL,NULL,0,0.00,NULL,0,1,NULL,NULL,2023-02-23 16:18:41.000,2023-02-23 16:18:41.000
CAC73716-4E01-48E0-94B8-97738470A8A9,800001C5-1677184057,Kennametal Inc.,Kennametal Inc.,NULL,NULL,NULL,NULL,NULL,Kennametal Inc.,P.O. Box 120001,NULL,NULL,Dallas,TX,75312-0751,NULL,NULL,NULL,NULL,NULL,NULL,NULL,NULL,NULL,(800) 446-7738,NULL,NULL,NULL,(800) 755-8456,NULL,NULL,NULL,NULL,NULL,NULL,NULL,NULL,NULL,NULL,0,0.00,NULL,0,1,NULL,NULL,2023-02-23 13:27:37.000,2023-02-23 13:27:37.000
30FF5265-0AE6-4A60-8ABC-982B077426FD,8000010A-1677182941,DES Unemployment Tax,DES Unemployment Tax,NULL,NULL,NULL,NULL,NULL,DES Unemployment Tax,P.O. Box 29203,NULL,NULL,Phoenix,AZ,85038-9203,NULL,NULL,NULL,NULL,NULL,NULL,NULL,NULL,NULL,(602) 255-5569,NULL,NULL,NULL,NULL,NULL,NULL,NULL,NULL,NULL,NULL,NULL,AFD6687D-2F92-4A46-A75E-2FA5398BB833,NULL,NULL,0,0.00,NULL,0,1,NULL,NULL,2023-02-23 13:09:01.000,2024-04-04 10:01:28.000
C1AAA1D0-7617-47D0-80F3-98DF7183F015,8000025C-1677184138,Philadephia Life,Philadephia Life,NULL,NULL,NULL,NULL,NULL,Philadephia Life,NULL,NULL,NULL,NULL,NULL,NULL,NULL,NULL,NULL,NULL,NULL,NULL,NULL,NULL,NULL,NULL,NULL,NULL,NULL,NULL,NULL,NULL,NULL,NULL,NULL,NULL,NULL,NULL,NULL,NULL,0,0.00,NULL,0,1,NULL,NULL,2023-02-23 13:28:58.000,2023-02-23 13:28:58.000
FF7211A3-33C2-4F26-81CA-990E1F87AC5A,80000306-1677184247,ULINE,ULINE,NULL,NULL,NULL,NULL,NULL,ULINE,PO Box 88741,NULL,NULL,Chicago,IL,60680-1741,NULL,NULL,NULL,NULL,NULL,NULL,NULL,NULL,NULL,NULL,NULL,NULL,NULL,NULL,NULL,NULL,NULL,NULL,NULL,NULL,NULL,162BFAF4-5263-465D-8B19-90688B4184CF,NULL,NULL,0,13074.58,NULL,0,1,NULL,NULL,2023-02-23 13:30:47.000,2025-04-10 12:28:01.000
F826B8C6-38AA-45D7-B92E-990ED948F073,80000079-1677182855,AZ. Motor Vehicle Division,AZ. Motor Vehicle Division,NULL,NULL,NULL,NULL,NULL,AZ. Motor Vehicle Division,4005 North 51st Avenue,NULL,NULL,Phoenix,AZ,85031-2688,NULL,NULL,NULL,NULL,NULL,NULL,NULL,NULL,NULL,(888)713-3031,NULL,NULL,NULL,NULL,NULL,NULL,NULL,NULL,NULL,NULL,NULL,NULL,NULL,NULL,0,0.00,NULL,0,1,NULL,NULL,2023-02-23 13:07:35.000,2023-05-17 15:30:37.000
7AFF3230-C17B-4D0C-8DB0-9915B3D8D151,8000030D-1677184250,UniSource Energy Srv/Gas Dept,UniSource Energy Srv/Gas Dept,NULL,NULL,NULL,NULL,NULL,UniSource Energy Srv/Gas Dept,"UNS Gas, Inc",P.O. Box 80078,NULL,Prescott,AZ,86304-8078,NULL,NULL,NULL,NULL,NULL,NULL,NULL,NULL,NULL,(877) 837-4968,NULL,NULL,NULL,NULL,NULL,NULL,NULL,NULL,NULL,NULL,NULL,NULL,NULL,NULL,0,0.00,NULL,0,1,NULL,NULL,2023-02-23 13:30:50.000,2023-02-23 13:30:50.000
1113D06A-C930-4051-BB2C-992CCFF6EAE6,80000005-1677182786,.Dwight Venzon,.Dwight Venzon,NULL,NULL,NULL,NULL,NULL,Dwight Venzon,307 Elelupe Road,NULL,NULL,Honolulu,HI,96821,NULL,NULL,NULL,NULL,NULL,NULL,NULL,NULL,NULL,NULL,NULL,NULL,NULL,NULL,NULL,NULL,NULL,NULL,NULL,NULL,NULL,NULL,NULL,NULL,0,0.00,NULL,0,1,NULL,NULL,2023-02-23 13:06:26.000,2023-02-23 13:23:34.000
429CC973-5B85-4B7C-BFF4-993901C4EA5D,800000DE-1677182917,Competition Carb.,Competition Carb.,NULL,NULL,NULL,NULL,NULL,Competition Carb.,5739 Tanberg Drive,NULL,NULL,Sun Valley,NV,89433,NULL,NULL,NULL,NULL,NULL,NULL,NULL,NULL,NULL,(775) 331-5609,NULL,NULL,NULL,(775) 331-5302,www.competitioncarburetion.com,NULL,NULL,NULL,NULL,NULL,NULL,NULL,NULL,NULL,0,0.00,NULL,0,1,NULL,NULL,2023-02-23 13:08:37.000,2023-02-23 13:25:32.000
F6A40FD8-3707-4687-AB52-996249E922CF,80000336-1677184270,Weiss Tool Distributor,Weiss Tool Distributor,NULL,NULL,NULL,NULL,NULL,Weiss Tool Distributor,NULL,NULL,NULL,NULL,NULL,NULL,NULL,NULL,NULL,NULL,NULL,NULL,NULL,NULL,NULL,800-872-8066,NULL,NULL,NULL,username202518,http://www.wtdsupply.com/store/customlogin.asp,NULL,NULL,NULL,NULL,NULL,NULL,NULL,NULL,NULL,0,0.00,NULL,0,1,NULL,NULL,2023-02-23 13:31:10.000,2023-02-23 13:31:10.000
1B814E60-7558-4EA7-B810-996D77754B9E,80002D8F-1701202598,Spiker Engineering,Spiker Engineering,NULL,Leon,NULL,Gurevich,NULL,Leon Gurevich,3165 SW Underwood Dr,NULL,NULL,Portland,OR,97225,NULL,Spiker Engineering,Leon Gurevich,NULL,NULL,NULL,NULL,NULL,NULL,310-621-5291,NULL,NULL,NULL,NULL,leon@spikerengineering.com,NULL,NULL,Spiker Engineering,NULL,NULL,NULL,A5DDE231-3987-4FF7-A2B7-068A55D1B562,NULL,NULL,0,161.07,NULL,0,1,NULL,NULL,2023-11-28 13:16:38.000,2025-03-31 12:28:47.000
A0AB7251-1AB6-4C49-B830-99967E14F2BE,8000060C-1677194290,Havasu Embroidery,Havasu Embroidery,NULL,NULL,NULL,NULL,NULL,Havasu Embroidery,2569 North Kiowa Blvd.,NULL,NULL,Lake Havasu City,AZ,86404,NULL,NULL,NULL,NULL,NULL,NULL,NULL,NULL,NULL,(928) 453-1600,NULL,NULL,NULL,(928) 453-7337,leah@havasuembroidery.com,NULL,NULL,NULL,NULL,NULL,NULL,A5DDE231-3987-4FF7-A2B7-068A55D1B562,NULL,NULL,0,0.00,NULL,0,1,NULL,NULL,2023-02-23 16:18:10.000,2023-12-14 09:49:55.000
B0EB67C5-3572-4572-8B0A-99B243131EED,80002A0E-1681851014,.Billy Johnson,.Billy Johnson,NULL,NULL,NULL,NULL,NULL,Billy Johnson,2401 1st. St NW,NULL,NULL,Albuquerque,NM,87102,NULL,NULL,NULL,NULL,NULL,NULL,NULL,NULL,NULL,505-816-8374,NULL,NULL,NULL,NULL,NULL,NULL,NULL,Billy Johnson,NULL,NULL,NULL,NULL,NULL,NULL,0,0.00,NULL,0,1,NULL,NULL,2023-04-18 13:50:14.000,2023-04-18 13:51:27.000
1782BA76-BDFF-4009-A17D-99FF62498741,8000064A-1677194318,Mocap,Mocap,NULL,NULL,NULL,NULL,NULL,Mocap,409 Parkway Drive,NULL,NULL,Park Hills,MO,63601,NULL,NULL,NULL,NULL,NULL,NULL,NULL,NULL,NULL,800.633.6775,NULL,NULL,NULL,314.543.4111,customerservice@mocap.com,NULL,NULL,Mocap,NULL,NULL,NULL,A5DDE231-3987-4FF7-A2B7-068A55D1B562,NULL,NULL,0,0.00,NULL,0,1,NULL,NULL,2023-02-23 16:18:38.000,2023-02-23 16:18:38.000
38B86FF4-C25E-431B-9620-9A077892103D,800066C4-1732547069,ShipLUX,ShipLUX,NULL,NULL,NULL,NULL,NULL,ShipLUX,1120 E Twiggs St Unit 510,NULL,NULL,Tampa,FL,33602,NULL,NULL,NULL,NULL,NULL,NULL,NULL,NULL,NULL,NULL,NULL,NULL,NULL,NULL,NULL,NULL,NULL,NULL,NULL,NULL,NULL,AFD6687D-2F92-4A46-A75E-2FA5398BB833,NULL,NULL,0,-208.00,NULL,0,1,NULL,NULL,2024-11-25 08:04:29.000,2025-04-17 11:08:03.000
D19ADFAA-3365-4078-930A-9A5E840AD201,80006782-1732729024,Auctane LLC,Auctane LLC,NULL,NULL,NULL,NULL,NULL,Auctane LLC,NULL,NULL,NULL,NULL,NULL,NULL,NULL,NULL,NULL,NULL,NULL,NULL,NULL,NULL,NULL,NULL,NULL,NULL,NULL,NULL,NULL,NULL,NULL,NULL,NULL,NULL,NULL,A5DDE231-3987-4FF7-A2B7-068A55D1B562,NULL,NULL,0,0.00,NULL,0,1,NULL,NULL,2024-11-27 10:37:04.000,2025-04-14 11:07:20.000
D0096FDE-D9EB-4D02-B653-9A6D6F0C258B,800002C5-1677184209,Sport Compact Warehouse,Sport Compact Warehouse,NULL,NULL,NULL,NULL,NULL,Sport Compact Warehouse,1139 Station Rd. Unit #8,NULL,NULL,Medford,NY,11763,NULL,NULL,NULL,NULL,NULL,NULL,NULL,NULL,NULL,866-381-4618,NULL,NULL,NULL,NULL,sales@sportcompactwarehouse.com,NULL,NULL,Sport Compact Warehouse,NULL,NULL,NULL,NULL,NULL,NULL,0,0.00,NULL,0,1,NULL,NULL,2023-02-23 13:30:09.000,2024-04-04 15:56:20.000
0C5170EC-DC70-43B0-B7F2-9A9112610502,80000224-1677184109,NOVA Information Systems,NOVA Information Systems,NULL,NULL,NULL,NULL,NULL,NOVA Information Systems,7300 Chapman Highway,NULL,NULL,Knoxville,TN,37920,NULL,NULL,NULL,NULL,NULL,NULL,NULL,NULL,NULL,(800) 725-1243,NULL,NULL,NULL,NULL,NULL,NULL,NULL,NULL,NULL,NULL,NULL,NULL,NULL,NULL,0,0.00,NULL,0,1,NULL,NULL,2023-02-23 13:28:29.000,2023-02-23 13:28:29.000
CF4B7F06-E664-4288-B192-9A936790CFEC,800002FC-1677184242,Tube Service Company,Tube Service Company,NULL,NULL,NULL,NULL,NULL,Tube Service Company,1107 East Jackson,NULL,NULL,Phoenix,AZ,85034,NULL,NULL,NULL,NULL,NULL,NULL,NULL,NULL,NULL,(800) 528-9451,NULL,NULL,NULL,fax (602) 252-5489,NULL,NULL,NULL,NULL,NULL,NULL,NULL,162BFAF4-5263-465D-8B19-90688B4184CF,NULL,NULL,0,0.00,NULL,0,1,NULL,NULL,2023-02-23 13:30:42.000,2023-02-23 13:30:42.000
A6615FEF-8CF0-477B-A866-9A9BFEFD7108,8000023A-1677184121,Paragon Plastics,Paragon Plastics,NULL,NULL,NULL,NULL,NULL,Professional  Plastics,Dept LA 23218,NULL,NULL,Pasadena,CA,91185-3218,NULL,NULL,NULL,NULL,NULL,NULL,NULL,NULL,NULL,(602) 437-4555,NULL,NULL,NULL,602-437-0399,v.smith@proplas.com,NULL,NULL,Paragon Plastics,NULL,NULL,NULL,162BFAF4-5263-465D-8B19-90688B4184CF,NULL,NULL,0,1726.60,NULL,0,1,NULL,NULL,2023-02-23 13:28:41.000,2025-03-20 09:42:20.000
7B922352-E906-4B10-9C9D-9AAE7C068D37,8000021A-1677184104,NAPA Auto Parts (old),NAPA Auto Parts,NULL,NULL,NULL,NULL,NULL,NAPA Auto Parts,1525 Paseo Del Sol,NULL,NULL,Lake Havasu City,AZ,86403,NULL,NULL,NULL,NULL,NULL,NULL,NULL,NULL,NULL,(928) 208 - 4090,NULL,NULL,NULL,NULL,NULL,NULL,NULL,NULL,NULL,NULL,NULL,NULL,NULL,NULL,0,0.00,NULL,0,1,NULL,NULL,2023-02-23 13:28:24.000,2023-02-23 13:28:24.000
90236319-C29F-4BA3-AAB8-9B246A85737F,800000E0-1677182918,Con-Way Freight Inc.,Con-Way Freight Inc.,NULL,NULL,NULL,NULL,NULL,Con-Way Freight Inc.,P.O. Box 5160,NULL,NULL,Portland,OR,97208-516,NULL,NULL,NULL,NULL,NULL,NULL,NULL,NULL,NULL,1-800-755-2728,NULL,NULL,NULL,1-888-890-3874,NULL,NULL,NULL,NULL,NULL,NULL,NULL,NULL,NULL,NULL,0,0.00,NULL,0,1,NULL,NULL,2023-02-23 13:08:38.000,2023-02-23 13:25:33.000
A728F491-337A-46D9-A1A6-9B49D2635FE5,80000641-1677194314,Marshall Tool & Supply Co,Marshall Tool & Supply Co,NULL,NULL,NULL,NULL,NULL,Marshall Tool & Supply Co,3625 E. Atlanta Ave,Ste 1,NULL,Phoenix,AZ,85040,NULL,NULL,NULL,NULL,NULL,NULL,NULL,NULL,NULL,602-269-6295,NULL,NULL,NULL,NULL,NULL,NULL,NULL,Marshall Tool & Supply Co,NULL,NULL,NULL,A5DDE231-3987-4FF7-A2B7-068A55D1B562,NULL,NULL,0,0.00,NULL,0,1,NULL,NULL,2023-02-23 16:18:34.000,2023-02-23 16:18:34.000
EF8A540F-5139-46F2-8EF2-9B4C118D50A1,8000029B-1677184176,S.I. Valves,S.I. Valves,NULL,NULL,NULL,NULL,NULL,S.I. Valves,4477 Shopping Lane,NULL,NULL,Simi Valley,CA,93063,NULL,NULL,NULL,NULL,NULL,NULL,NULL,NULL,NULL,800-564-8258,NULL,NULL,NULL,805-582-0645,jd@sivalves.com,NULL,NULL,NULL,NULL,NULL,NULL,NULL,NULL,NULL,0,0.00,NULL,0,1,NULL,NULL,2023-02-23 13:29:36.000,2023-02-23 13:29:36.000
01BAE610-4B74-4416-AC44-9BC09F2CE6FA,8000060D-1677194290,Havasu Lock & Key,Havasu Lock & Key,NULL,NULL,NULL,NULL,NULL,Havasu Lock & Key,3821 Yazoo Dr,NULL,NULL,Lake Havasu City,AZ,86404,NULL,NULL,NULL,NULL,NULL,NULL,NULL,NULL,NULL,(928) 453-3143,NULL,NULL,NULL,NULL,NULL,NULL,NULL,NULL,NULL,NULL,NULL,51F6B9E0-F513-4510-9C25-C5B7FC7B1FD4,NULL,NULL,0,0.00,NULL,0,1,NULL,NULL,2023-02-23 16:18:10.000,2023-02-23 16:18:10.000
31621A9E-E490-41E7-95D5-9BC8974F52F3,800002EA-1677184230,ThyssenKrupp Materials,ThyssenKrupp Materials,NULL,Kevin,NULL,Moon,NULL,ThyssenKrupp Materials,13338 Orden Dr,NULL,NULL,Santa Fe Springs,CA,90670,NULL,NULL,NULL,NULL,NULL,NULL,NULL,NULL,NULL,562-201-0604,NULL,NULL,NULL,NULL,"Kevin.Moon@thyssenkrupp-materials.com, todd.crabtree@thyssenkrupp-materials.com",NULL,NULL,ThyssenKrupp Materials,NULL,NULL,NULL,AFD6687D-2F92-4A46-A75E-2FA5398BB833,NULL,NULL,0,0.00,NULL,0,1,NULL,NULL,2023-02-23 13:30:30.000,2023-11-30 08:18:28.000
09C4E06D-7734-4BA9-B045-9BFDEB99F081,8000545A-1720630240,Samons Air Conditioning,Samons Air Conditioning,NULL,NULL,NULL,NULL,NULL,Samons Air Conditioning,2100 Acoma Blvd W.,NULL,NULL,Lake Havasu City,AZ,86403,NULL,NULL,NULL,NULL,NULL,NULL,NULL,NULL,NULL,NULL,NULL,NULL,NULL,NULL,NULL,NULL,NULL,NULL,NULL,NULL,NULL,NULL,NULL,NULL,0,0.00,NULL,0,1,NULL,NULL,2024-07-10 09:50:40.000,2025-02-18 11:05:05.000
C7ED2EB7-0792-490E-B31A-9C04332E5D84,80007045-1738172061,Cameron Broadcasting,Cameron Broadcasting,NULL,NULL,NULL,NULL,NULL,Cameron Broadcasting,NULL,NULL,NULL,NULL,NULL,NULL,NULL,NULL,NULL,NULL,NULL,NULL,NULL,NULL,NULL,NULL,NULL,NULL,NULL,NULL,NULL,NULL,NULL,NULL,NULL,NULL,NULL,AFD6687D-2F92-4A46-A75E-2FA5398BB833,NULL,NULL,0,0.00,NULL,0,1,NULL,NULL,2025-01-29 10:34:21.000,2025-01-29 10:36:10.000
B9CA9AFB-45D5-49BE-91AF-9C4DC6FBBE0E,8000734C-1739978642,Paradise Wild Wave,Paradise Wild Wave,NULL,NULL,NULL,NULL,NULL,Paradise Wild Wave,NULL,NULL,NULL,NULL,NULL,NULL,NULL,NULL,NULL,NULL,NULL,NULL,NULL,NULL,NULL,NULL,NULL,NULL,NULL,NULL,NULL,NULL,NULL,NULL,NULL,NULL,NULL,A5DDE231-3987-4FF7-A2B7-068A55D1B562,NULL,NULL,0,0.00,NULL,0,1,NULL,NULL,2025-02-19 08:24:02.000,2025-03-14 09:09:25.000
7AE30A09-7140-48DD-B1B1-9C58ACE49C7A,800029D0-1678831397,.Samuel McKee,.Samuel McKee,NULL,NULL,NULL,NULL,NULL,Samuel McKee,4655 Mill Run Rd.,NULL,NULL,Mansfield,OH,44904,NULL,NULL,NULL,NULL,NULL,NULL,NULL,NULL,NULL,907-953-4701,NULL,NULL,NULL,NULL,NULL,NULL,NULL,Samuel McKee,NULL,NULL,NULL,NULL,NULL,NULL,0,0.00,NULL,0,1,NULL,NULL,2023-03-14 15:03:17.000,2023-03-14 15:26:29.000
4F2EC645-8397-440D-8D17-9C81A34BDD57,80007245-1739379196,Ann Elms,Ann Elms,NULL,NULL,NULL,NULL,NULL,Ann Elms,NULL,NULL,NULL,NULL,NULL,NULL,NULL,NULL,NULL,NULL,NULL,NULL,NULL,NULL,NULL,NULL,NULL,NULL,NULL,NULL,NULL,NULL,NULL,NULL,NULL,NULL,NULL,AFD6687D-2F92-4A46-A75E-2FA5398BB833,NULL,NULL,0,0.00,NULL,0,1,NULL,NULL,2025-02-12 09:53:16.000,2025-03-14 09:16:19.000
C6C11D0C-50D5-48AD-BE09-9D09ABF8DF24,80002A19-1682702923,.Eagle Auto Repair,.Eagle Auto Repair,NULL,NULL,NULL,NULL,NULL,Eagle Auto Repair,347 E. State St.,NULL,NULL,Eagle,ID,83616,NULL,NULL,NULL,NULL,NULL,NULL,NULL,NULL,NULL,NULL,NULL,NULL,NULL,NULL,NULL,NULL,NULL,Eagle Auto Repair,NULL,NULL,NULL,NULL,NULL,NULL,0,0.00,NULL,0,1,NULL,NULL,2023-04-28 10:28:43.000,2023-04-28 10:33:02.000
012E0211-16D4-4D6C-8B65-9D210131B30C,8000031A-1677184257,USF Logistics,USF Logistics,NULL,NULL,NULL,NULL,NULL,USF Logistics,2960 East Victoria Street,NULL,NULL,Rancho Dominguez,CA,90221,NULL,NULL,NULL,NULL,NULL,NULL,NULL,NULL,NULL,(800) 669-0947,NULL,NULL,NULL,310-604-9272,NULL,NULL,NULL,NULL,NULL,NULL,NULL,NULL,NULL,NULL,0,0.00,NULL,0,1,NULL,NULL,2023-02-23 13:30:57.000,2023-02-23 13:30:57.000
2FDBE0A5-6C98-4885-803C-9D388824EE45,800002E2-1677184226,The Fan Man,The Fan Man,NULL,NULL,NULL,NULL,NULL,The Fan Man,7582 Industrial Way Unit D,NULL,NULL,Stanton,CA,90680,NULL,NULL,NULL,NULL,NULL,NULL,NULL,NULL,NULL,866-435-6477,NULL,NULL,NULL,714-893-4933,NULL,NULL,NULL,NULL,NULL,NULL,NULL,NULL,NULL,NULL,0,0.00,NULL,0,1,NULL,NULL,2023-02-23 13:30:26.000,2023-02-23 13:30:26.000
88FAAF35-8852-4229-93C0-9D3ACD1F02E2,80002BF3-1700666223,Precison Finishing Inc,Precison Finishing Inc,NULL,NULL,NULL,NULL,NULL,Precison Finishing Inc,NULL,NULL,NULL,NULL,NULL,NULL,NULL,NULL,NULL,NULL,NULL,NULL,NULL,NULL,NULL,NULL,NULL,NULL,NULL,NULL,NULL,NULL,NULL,NULL,NULL,NULL,NULL,A5DDE231-3987-4FF7-A2B7-068A55D1B562,NULL,NULL,0,0.00,NULL,0,1,NULL,NULL,2023-11-22 08:17:03.000,2023-11-22 08:18:30.000
99D66327-31F1-425D-ABA0-9D57F9EB66B8,80004DB3-1716570974,Serdi,Serdi,NULL,NULL,NULL,NULL,NULL,Serdi Corp,301-C Cayuga Dr,NULL,NULL,Mooresville,NC,28117,NULL,NULL,NULL,NULL,NULL,NULL,NULL,NULL,NULL,NULL,NULL,NULL,NULL,NULL,NULL,NULL,NULL,NULL,NULL,NULL,NULL,A5DDE231-3987-4FF7-A2B7-068A55D1B562,NULL,NULL,0,0.00,NULL,0,1,NULL,NULL,2024-05-24 10:16:14.000,2024-10-10 11:02:32.000
CCFBA489-C786-4903-BC40-9D60425840CA,80000285-1677184161,Recycler Core Company Core1,Recycler Core Company Core1,NULL,NULL,NULL,NULL,NULL,Recycler Core Company,2727 Kansas Ave,NULL,NULL,Riverside,CA,92517-1390,NULL,NULL,NULL,NULL,NULL,NULL,NULL,NULL,NULL,(951) 276-1687,NULL,NULL,NULL,(951) 276-2957,cgalindo@rccauto.com,NULL,NULL,Recycler Core Company,NULL,NULL,NULL,AFD6687D-2F92-4A46-A75E-2FA5398BB833,NULL,NULL,0,0.00,NULL,0,1,NULL,NULL,2023-02-23 13:29:21.000,2023-02-23 13:29:21.000
07DEE964-9AF8-481B-8161-9D710860590C,8000066D-1677194335,Radio Shack,Radio Shack,NULL,NULL,NULL,NULL,NULL,Radio Shack,"34 North Lake Havasu Avenue, #3",NULL,NULL,Lake Havasu City,AZ,86403,NULL,NULL,NULL,NULL,NULL,NULL,NULL,NULL,NULL,(520) 855-5757,NULL,NULL,NULL,NULL,NULL,NULL,NULL,NULL,NULL,NULL,NULL,A5DDE231-3987-4FF7-A2B7-068A55D1B562,NULL,NULL,0,0.00,NULL,0,1,NULL,NULL,2023-02-23 16:18:55.000,2023-02-23 16:18:55.000
9A62A91D-B216-415E-AF26-9D877663E2B4,8000675F-1732722295,Bad Miguels,Bad Miguels,NULL,NULL,NULL,NULL,NULL,Bad Miguels,NULL,NULL,NULL,NULL,NULL,NULL,NULL,NULL,NULL,NULL,NULL,NULL,NULL,NULL,NULL,NULL,NULL,NULL,NULL,NULL,NULL,NULL,NULL,NULL,NULL,NULL,NULL,A5DDE231-3987-4FF7-A2B7-068A55D1B562,NULL,NULL,0,0.00,NULL,0,1,NULL,NULL,2024-11-27 08:44:55.000,2025-03-13 10:30:47.000
ADF63A89-7E5F-428E-B716-9D93D87D1C08,8000675C-1732647124,jim putn,jim putn,NULL,NULL,NULL,NULL,NULL,jim putn,NULL,NULL,NULL,NULL,NULL,NULL,NULL,NULL,NULL,NULL,NULL,NULL,NULL,NULL,NULL,NULL,NULL,NULL,NULL,NULL,NULL,NULL,NULL,NULL,NULL,NULL,NULL,NULL,NULL,NULL,0,0.00,NULL,0,1,NULL,NULL,2024-11-26 11:52:04.000,2024-11-26 11:52:04.000
3442BDA1-684C-48F5-8480-9DEE28457DF5,800000B2-1677182891,Caplugs West,Caplugs West,NULL,NULL,NULL,NULL,NULL,Caplugs West,18704 South Ferris Place,NULL,NULL,Rancho Dominguez,CA,90220,NULL,NULL,NULL,NULL,NULL,NULL,NULL,NULL,NULL,(888) 227-5847,NULL,NULL,NULL,(310) 537-7770,www.caplugs.com,NULL,NULL,NULL,NULL,NULL,NULL,NULL,NULL,NULL,0,0.00,NULL,0,1,NULL,NULL,2023-02-23 13:08:11.000,2023-02-23 13:25:09.000
D56EE541-D03E-4F1B-A9DA-9E27A2B8F302,80000663-1677194330,Precision Products Performance,Precision Products Performance,NULL,NULL,NULL,NULL,NULL,Precision Products Performance,P.O. Box 1229,NULL,NULL,Arden,NC,28704-1229,NULL,NULL,NULL,NULL,NULL,NULL,NULL,NULL,NULL,(800) 421-9150,NULL,NULL,NULL,(800) 205-8356,NULL,NULL,NULL,NULL,NULL,NULL,NULL,A5DDE231-3987-4FF7-A2B7-068A55D1B562,NULL,NULL,0,300.50,NULL,0,1,NULL,NULL,2023-02-23 16:18:50.000,2025-03-24 10:46:07.000
D1F5A336-B54F-4678-8F87-9E894C4A3806,80000206-1677184093,Microsoft Bing,Microsoft Bing,NULL,NULL,NULL,NULL,NULL,Microsoft Bing,NULL,NULL,NULL,NULL,NULL,NULL,NULL,NULL,NULL,NULL,NULL,NULL,NULL,NULL,NULL,NULL,NULL,NULL,NULL,NULL,NULL,NULL,NULL,NULL,NULL,NULL,NULL,AFD6687D-2F92-4A46-A75E-2FA5398BB833,NULL,NULL,0,0.00,NULL,0,1,NULL,NULL,2023-02-23 13:28:13.000,2023-02-23 13:28:13.000
9C5EEC2B-9EC3-4EE5-8272-9E9962BDA995,800029CC-1678812466,QuickBooks Payroll Service,QuickBooks Payroll Service,NULL,NULL,NULL,NULL,NULL,NULL,NULL,NULL,NULL,NULL,NULL,NULL,NULL,NULL,NULL,NULL,NULL,NULL,NULL,NULL,NULL,NULL,NULL,NULL,NULL,NULL,NULL,NULL,NULL,NULL,NULL,NULL,NULL,NULL,NULL,NULL,0,0.00,NULL,0,1,NULL,NULL,2023-03-14 09:47:46.000,2023-03-15 09:45:24.000
8FD4FBB3-F251-4B25-BF64-9EB18A9AE33E,800029F9-1680300220,.Marlon Biscoe,.Marlon Biscoe,NULL,NULL,NULL,NULL,NULL,Marlon Biscoe,3745 Mornings Dawn St.,NULL,NULL,Las Vegas,NV,89129,NULL,NULL,NULL,NULL,NULL,NULL,NULL,NULL,NULL,650-235-5746,NULL,NULL,NULL,NULL,NULL,NULL,NULL,Marlon Biscoe,NULL,NULL,NULL,NULL,NULL,NULL,0,0.00,NULL,0,1,NULL,NULL,2023-03-31 15:03:40.000,2023-03-31 15:13:32.000
3CA16DEF-C37E-43BE-A44A-9EFC189A154F,800005D9-1677194267,Chipotle Mexican Grill,Chipotle Mexican Grill,NULL,NULL,NULL,NULL,NULL,Chipotle Mexican Grill,NULL,NULL,NULL,NULL,NULL,NULL,NULL,NULL,NULL,NULL,NULL,NULL,NULL,NULL,NULL,NULL,NULL,NULL,NULL,NULL,NULL,NULL,NULL,NULL,NULL,NULL,NULL,A5DDE231-3987-4FF7-A2B7-068A55D1B562,NULL,NULL,0,0.00,NULL,0,1,NULL,NULL,2023-02-23 16:17:47.000,2023-02-23 16:17:47.000
1E78EE72-D9D6-44F9-B37D-9F10677630F2,80002A0C-1681142774,Retirement Plan Consultants,Retirement Plan Consultants,NULL,NULL,NULL,NULL,NULL,Retirement Plan Consultants,PO Box 1264,NULL,NULL,Norfolk,NE,68701,NULL,NULL,NULL,NULL,NULL,NULL,NULL,NULL,NULL,877-800-1114,NULL,NULL,NULL,NULL,NULL,NULL,NULL,NULL,NULL,NULL,NULL,162BFAF4-5263-465D-8B19-90688B4184CF,NULL,NULL,0,0.00,NULL,0,1,NULL,NULL,2023-04-10 09:06:14.000,2025-04-17 08:39:37.000
767EAB2F-3925-4CB9-A79C-9F138C3A83FB,800002C8-1677184211,Stainless Steel Brakes Corp./ SSBC,Stainless Steel Brakes Corp./ SSBC,NULL,NULL,NULL,NULL,NULL,Stainless Steel Brakes Corp./ SSBC,11470 Main Street,NULL,NULL,Clarence,NY,14031,NULL,NULL,NULL,NULL,NULL,NULL,NULL,NULL,NULL,(800) 448-7722,NULL,NULL,NULL,716-759-8688,www.ssbrakes.com,NULL,NULL,NULL,NULL,NULL,NULL,NULL,NULL,NULL,0,0.00,NULL,0,1,NULL,NULL,2023-02-23 13:30:11.000,2023-02-23 13:30:11.000
3650FB54-B93E-4314-8F46-9F1FDD6D5D84,80006D86-1736447741,Force Freight,Force Freight,NULL,NULL,NULL,NULL,NULL,Force Freight,NULL,NULL,NULL,NULL,NULL,NULL,NULL,NULL,NULL,NULL,NULL,NULL,NULL,NULL,NULL,NULL,NULL,NULL,NULL,NULL,NULL,NULL,NULL,NULL,NULL,NULL,NULL,A5DDE231-3987-4FF7-A2B7-068A55D1B562,NULL,NULL,0,0.00,NULL,0,1,NULL,NULL,2025-01-09 11:35:41.000,2025-01-09 11:36:52.000
AC104B28-FF99-4470-9861-9F264B95A9C8,8000032F-1677184266,Wal-Mart,Wal-Mart,NULL,NULL,NULL,NULL,NULL,Wal-Mart,5695 Highway 95N,NULL,NULL,Lake Havasu City,AZ,86404,NULL,NULL,NULL,NULL,NULL,NULL,NULL,NULL,NULL,(928) 453-5655,NULL,NULL,NULL,NULL,NULL,NULL,NULL,NULL,NULL,NULL,NULL,A5DDE231-3987-4FF7-A2B7-068A55D1B562,NULL,NULL,0,201.43,NULL,0,1,NULL,NULL,2023-02-23 13:31:06.000,2025-03-20 09:42:25.000
5F1398FF-717D-4426-A3EB-9F93FAA92B25,80005FC4-1727966133,TMT -Tennessee Machine Tool Inc,TMT -Tennessee Machine Tool Inc,NULL,NULL,NULL,NULL,NULL,TMT,3019 Regal Dr,NULL,NULL,Alcoa,TN,37701,NULL,NULL,NULL,NULL,NULL,NULL,NULL,NULL,NULL,865-724-2516,NULL,NULL,NULL,NULL,NULL,NULL,NULL,TMT,NULL,NULL,NULL,NULL,NULL,NULL,0,0.00,NULL,0,1,NULL,NULL,2024-10-03 07:35:33.000,2024-10-03 10:36:16.000
2B1B921B-2965-4C11-BF16-A00D3B37A230,80003DF5-1708966531,First Insurance Funding,First Insurance Funding,NULL,NULL,NULL,NULL,NULL,First Insurance Funding,NULL,NULL,NULL,NULL,NULL,NULL,NULL,NULL,NULL,NULL,NULL,NULL,NULL,NULL,NULL,NULL,NULL,NULL,NULL,NULL,NULL,NULL,NULL,NULL,NULL,NULL,NULL,AFD6687D-2F92-4A46-A75E-2FA5398BB833,NULL,NULL,0,3997.07,NULL,0,1,NULL,NULL,2024-02-26 09:55:31.000,2025-01-13 11:04:23.000
4BDF24EA-8C6C-4953-ACAD-A02BD6973465,80000594-1677194236,A&A Midwest,A&A Midwest,NULL,NULL,NULL,NULL,NULL,A&A Midwest,2580 N. Commerce St.,NULL,NULL,North Las Vegas,NV,89030,NULL,NULL,NULL,NULL,NULL,NULL,NULL,NULL,NULL,725-236-4140 Matthew,NULL,NULL,NULL,702-649-6777,mad@enginequest.com,NULL,NULL,A&A Midwest,NULL,NULL,NULL,A5DDE231-3987-4FF7-A2B7-068A55D1B562,NULL,NULL,0,0.00,NULL,0,1,NULL,NULL,2023-02-23 16:17:16.000,2025-04-14 11:33:56.000
2BC062CB-E4E3-437E-B6B2-A04020EE0C23,800069BC-1733930338,American Gun Smith Tooling,American Gun Smith Tooling,NULL,NULL,NULL,NULL,NULL,American Gun Smith Tooling,JNV Burns,NULL,NULL,NULL,NULL,NULL,NULL,NULL,NULL,NULL,NULL,NULL,NULL,NULL,NULL,NULL,NULL,NULL,NULL,NULL,NULL,NULL,NULL,American Gun Smith Tooling,NULL,NULL,NULL,NULL,NULL,NULL,0,284.95,NULL,0,1,NULL,NULL,2024-12-11 08:18:58.000,2024-12-12 10:19:52.000
C9656198-730E-473B-A30A-A04F558F7657,8000029C-1677184176,Safetybee.com,Safetybee.com,NULL,NULL,NULL,NULL,NULL,Safetybee.com,2201 N. Lakewood Blvd,NULL,NULL,Long Beach,CA,90815,NULL,NULL,NULL,NULL,NULL,NULL,NULL,NULL,NULL,NULL,NULL,NULL,NULL,NULL,NULL,NULL,NULL,Safetybee.com,NULL,NULL,NULL,NULL,NULL,NULL,0,0.00,NULL,0,1,NULL,NULL,2023-02-23 13:29:36.000,2024-05-29 10:37:37.000
206CB7E3-B11B-4BB2-A22F-A07A05BB2F34,800001C6-1677184057,Kennedy Engineered Products,Kennedy Engineered Products,NULL,NULL,NULL,NULL,NULL,Kennedy Engineered Products,38830 17th Street East,NULL,NULL,Palmdale,CA,93550,NULL,NULL,NULL,NULL,NULL,NULL,NULL,NULL,NULL,(661) 272-1147,NULL,NULL,NULL,661 272 1575,kennedy@kennedyeng.com,NULL,NULL,NULL,NULL,NULL,NULL,NULL,NULL,NULL,0,0.00,NULL,0,1,NULL,NULL,2023-02-23 13:27:37.000,2023-02-23 13:27:37.000
34E99343-779F-4CF4-8999-A099EDC9A2FC,80000204-1677184092,Michael Agius,Michael Agius,NULL,NULL,NULL,NULL,NULL,Michael Agius,NULL,NULL,NULL,NULL,NULL,NULL,NULL,NULL,NULL,NULL,NULL,NULL,NULL,NULL,NULL,NULL,NULL,NULL,NULL,NULL,NULL,NULL,NULL,NULL,NULL,NULL,NULL,NULL,NULL,NULL,0,0.00,NULL,0,1,NULL,NULL,2023-02-23 13:28:12.000,2023-02-23 13:28:12.000
98FD76F2-F8B5-4CCB-912A-A0A585BA63DD,8000012E-1677182965,ENCO,ENCO,NULL,NULL,NULL,NULL,NULL,ENCO,135 South La Salle,Dept. #CH14137,NULL,Palatine,IL,60055-4137,NULL,NULL,NULL,NULL,NULL,NULL,NULL,NULL,NULL,(800) 873-3626,NULL,NULL,NULL,NULL,NULL,NULL,NULL,NULL,NULL,NULL,NULL,NULL,NULL,NULL,0,0.00,NULL,0,1,NULL,NULL,2023-02-23 13:09:25.000,2023-02-23 13:26:13.000
9AFCE3AD-901C-4F8D-90A8-A0CFFE0FE94F,800002A3-1677184184,Sema / Apex,Sema / Apex,NULL,Sema / Apex,NULL,Trade Show,NULL,Sema / Apex Trade Show,NULL,NULL,NULL,NULL,NULL,NULL,NULL,NULL,NULL,NULL,NULL,NULL,NULL,NULL,NULL,NULL,NULL,NULL,NULL,NULL,NULL,NULL,NULL,NULL,NULL,NULL,NULL,NULL,NULL,NULL,0,0.00,NULL,0,1,NULL,NULL,2023-02-23 13:29:44.000,2023-02-23 13:29:44.000
C060A22B-F1A1-4837-8CCB-A0E63E36AD53,80000156-1677182991,Four Clovers,Four Clovers,NULL,NULL,NULL,NULL,NULL,Four Clovers,NULL,NULL,NULL,NULL,NULL,NULL,NULL,NULL,NULL,NULL,NULL,NULL,NULL,NULL,NULL,NULL,NULL,NULL,NULL,NULL,NULL,NULL,NULL,NULL,NULL,NULL,NULL,NULL,NULL,NULL,0,0.00,NULL,0,1,NULL,NULL,2023-02-23 13:09:51.000,2023-04-05 16:57:47.000
F2A39092-3E57-49B4-8597-A12425CE4C10,80006E38-1736872955,Tax Hive LLC,Tax Hive LLC,NULL,NULL,NULL,NULL,NULL,Tax Hive LLC,NULL,NULL,NULL,NULL,NULL,NULL,NULL,NULL,NULL,NULL,NULL,NULL,NULL,NULL,NULL,NULL,NULL,NULL,NULL,NULL,NULL,NULL,NULL,NULL,NULL,NULL,NULL,A5DDE231-3987-4FF7-A2B7-068A55D1B562,NULL,NULL,0,0.00,NULL,0,1,NULL,NULL,2025-01-14 09:42:35.000,2025-02-06 12:14:37.000
30732887-B9A3-4D21-8655-A16EE2735CB3,80000060-1677182840,Arizona Jobber Supply,Arizona Jobber Supply,NULL,NULL,NULL,NULL,NULL,Arizona Jobber Supply,P.O. Box 111,NULL,NULL,Phoenix,AZ,85001,NULL,NULL,NULL,NULL,NULL,NULL,NULL,NULL,NULL,(800) 257-8436,NULL,NULL,NULL,602-257-9192,NULL,NULL,NULL,NULL,NULL,NULL,NULL,NULL,NULL,NULL,0,0.00,NULL,0,1,NULL,NULL,2023-02-23 13:07:20.000,2023-07-14 14:25:58.000
D8B2837A-477E-4CF2-8C41-A1A0E3159ED0,80000214-1677184101,Motorhome R & D,Motorhome R & D,NULL,NULL,NULL,NULL,NULL,Motorhome R & D,NULL,NULL,NULL,NULL,NULL,NULL,NULL,NULL,NULL,NULL,NULL,NULL,NULL,NULL,NULL,NULL,NULL,NULL,NULL,NULL,NULL,NULL,NULL,NULL,NULL,NULL,NULL,NULL,NULL,NULL,0,0.00,NULL,0,1,NULL,NULL,2023-02-23 13:28:21.000,2023-02-23 13:28:21.000
3C0ECB70-8838-478D-9549-A1B76C63CF54,800000B9-1677182895,Castle Metals,Castle Metals,NULL,NULL,NULL,NULL,NULL,Castle Metals,2302 East Magnolia,NULL,NULL,Phoenix,AZ,85034,NULL,NULL,NULL,NULL,NULL,NULL,NULL,NULL,NULL,(602) 275-7861,NULL,NULL,NULL,NULL,NULL,NULL,NULL,NULL,NULL,NULL,NULL,NULL,NULL,NULL,0,0.00,NULL,0,1,NULL,NULL,2023-02-23 13:08:15.000,2023-02-23 13:25:13.000
18F00D1D-D68E-417E-9EE2-A1C29DD6A283,80002A45-1690224468,The Monterey Company,The Monterey Company,NULL,Eric,NULL,Turney,NULL,The Monterey Company,Eric Turney,35 SW Century Dr.,NULL,Bend,OR,97702,NULL,The Monterey Company,Eric Turney,35 SW Century Dr.,NULL,Bend,OR,97702,NULL,805-738-9800,NULL,NULL,NULL,NULL,eric@montereyco.com,NULL,NULL,The Monterey Company,NULL,NULL,NULL,NULL,NULL,NULL,0,0.00,NULL,0,1,NULL,NULL,2023-07-24 11:47:48.000,2025-04-15 09:13:43.000
223F66FF-5454-4382-8A25-A1E763A0D013,80000243-1677184125,Paul Grindstaff,Paul Grindstaff,NULL,Paul,NULL,Grindstaff,NULL,Paul Grindstaff,PO BOX 491628,NULL,NULL,Redding,CA,96049,NULL,NULL,NULL,NULL,NULL,NULL,NULL,NULL,NULL,530-222-6151,NULL,NULL,NULL,NULL,Cgrindstaff@shasta.com,NULL,NULL,NULL,NULL,NULL,NULL,AFD6687D-2F92-4A46-A75E-2FA5398BB833,NULL,NULL,0,0.00,NULL,0,1,NULL,NULL,2023-02-23 13:28:45.000,2023-02-23 13:28:45.000
F7B918C2-045C-4DFF-8D2C-A248E6E858E8,80006E4B-1736953276,Totem Express Inc,Totem Express Inc,NULL,NULL,NULL,NULL,NULL,Totem Express Inc,NULL,NULL,NULL,NULL,NULL,NULL,NULL,NULL,NULL,NULL,NULL,NULL,NULL,NULL,NULL,NULL,NULL,NULL,NULL,NULL,NULL,NULL,NULL,NULL,NULL,NULL,NULL,AFD6687D-2F92-4A46-A75E-2FA5398BB833,NULL,NULL,0,0.00,NULL,0,1,NULL,NULL,2025-01-15 08:01:16.000,2025-01-15 08:04:11.000
72A4F6BF-FDCD-4DC8-9A19-A26988DD3C70,8000062A-1677194303,Joel's Tee's & Designs,Joel's Tee's & Designs,NULL,NULL,NULL,NULL,NULL,Joel's Tee's & Designs,"1600 West Acoma, Suite #32",NULL,NULL,Lake Havasu City,AZ,86403,NULL,NULL,NULL,NULL,NULL,NULL,NULL,NULL,NULL,(928) 680-7804,NULL,NULL,NULL,(928) 680-9516,joelsts@frontiernet.net,NULL,NULL,NULL,NULL,NULL,NULL,A5DDE231-3987-4FF7-A2B7-068A55D1B562,NULL,NULL,0,0.00,NULL,0,1,NULL,NULL,2023-02-23 16:18:23.000,2024-02-08 09:34:57.000
AEB84AE0-D32F-4195-B945-A2D8D986E8C5,8000728B-1739575947,Qristina Inc,Qristina Inc,NULL,NULL,NULL,NULL,NULL,Qristina Inc,NULL,NULL,NULL,NULL,NULL,NULL,NULL,NULL,NULL,NULL,NULL,NULL,NULL,NULL,NULL,NULL,NULL,NULL,NULL,NULL,NULL,NULL,NULL,NULL,NULL,NULL,NULL,NULL,NULL,NULL,0,0.00,NULL,0,1,NULL,NULL,2025-02-14 16:32:27.000,2025-02-14 16:33:23.000
2DED22DC-5B72-4891-AEA0-A2E851F94011,800001C1-1677184055,K Mac Parts,K Mac Parts,NULL,NULL,NULL,NULL,NULL,K Mac Parts,2660 Auburn Rd Ste 500,NULL,NULL,Auburn Hills,MI,48326,NULL,NULL,NULL,NULL,NULL,NULL,NULL,NULL,NULL,248-852-8572,NULL,NULL,NULL,NULL,NULL,NULL,NULL,K Mac Parts,NULL,NULL,NULL,NULL,NULL,NULL,0,0.00,NULL,0,1,NULL,NULL,2023-02-23 13:27:35.000,2023-02-23 13:27:35.000
DC1AAC1B-9781-4090-AF41-A2F4218A8C3B,800005FB-1677194282,Five-O Motorsports,Five-O Motorsports,NULL,NULL,NULL,NULL,NULL,Five-O Motorsports,5862 Deerfoot Ln,NULL,NULL,Yorba Linda,CA,92886,NULL,NULL,NULL,NULL,NULL,NULL,NULL,NULL,NULL,(562)867-4999,NULL,NULL,(562)394-7218 Bruce,(562)925-7422,sales@fiveomotorsport.com; bruce@fiveomotorsport.com,NULL,NULL,NULL,NULL,NULL,NULL,A5DDE231-3987-4FF7-A2B7-068A55D1B562,NULL,NULL,0,-478.24,NULL,0,1,NULL,NULL,2023-02-23 16:18:02.000,2025-02-10 10:14:28.000
AB199C57-D12A-4DA4-BB8E-A35C10A889EE,8000066A-1677194334,Quick Product Solutions Inc.,Quick Product Solutions Inc.,NULL,NULL,NULL,NULL,NULL,Quick Product Solutions Inc.,54 North 45th Avenue,Suite E,NULL,Phoenix,AZ,85043,NULL,NULL,NULL,NULL,NULL,NULL,NULL,NULL,NULL,800-371-1420,NULL,NULL,NULL,800-743-8078,monique@qps4u.com,NULL,NULL,NULL,NULL,NULL,NULL,A5DDE231-3987-4FF7-A2B7-068A55D1B562,NULL,NULL,0,0.00,NULL,0,1,NULL,NULL,2023-02-23 16:18:54.000,2023-02-23 16:18:54.000
C98400E4-C1E2-4E30-A1D1-A3BCA3BE3623,800005A6-1677194244,Amazon,Amazon,NULL,NULL,NULL,NULL,NULL,NULL,NULL,NULL,NULL,Amazon,ON,NULL,NULL,NULL,NULL,NULL,NULL,NULL,NULL,NULL,NULL,NULL,NULL,NULL,NULL,NULL,NULL,NULL,NULL,NULL,NULL,NULL,NULL,A5DDE231-3987-4FF7-A2B7-068A55D1B562,NULL,NULL,0,-4.99,NULL,0,1,NULL,NULL,2023-02-23 16:17:24.000,2025-04-17 12:49:26.000
1DB556C5-F8BA-4274-8A25-A3F22B5D49E2,80000615-1677194294,Huth-Ben Pearson International LLc,Huth-Ben Pearson International LLc,NULL,NULL,NULL,NULL,NULL,Huth-Ben Pearson International LLC,260 Grant Street,NULL,NULL,Hartford,WI,53027,NULL,NULL,NULL,NULL,NULL,NULL,NULL,NULL,NULL,(800) 558-7808,NULL,NULL,NULL,262-673-9443,orders@huthbenders.com,NULL,NULL,Huth-Ben Pearson International Inc.,NULL,NULL,NULL,A5DDE231-3987-4FF7-A2B7-068A55D1B562,NULL,NULL,0,0.00,NULL,0,1,NULL,NULL,2023-02-23 16:18:14.000,2024-11-27 08:07:10.000
BCBB2D72-7007-4092-8976-A427AD10F2B6,80000222-1677184108,Northern Tool & Equipment,Northern Tool & Equipment,NULL,NULL,NULL,NULL,NULL,Northern Tool & Equipment,2800 Southcross Drive West,NULL,NULL,Burnsville,MN,55306,NULL,NULL,NULL,NULL,NULL,NULL,NULL,NULL,NULL,800-221-0516,NULL,NULL,NULL,NULL,NULL,NULL,NULL,Northern Tool & Equipment,NULL,NULL,NULL,NULL,NULL,NULL,0,0.00,NULL,0,1,NULL,NULL,2023-02-23 13:28:28.000,2023-02-23 13:28:28.000
CC0D01D2-A438-49B4-B42E-A4376FBCA388,80002A1E-1683131621,MG Trust,MG Trust,NULL,NULL,NULL,NULL,NULL,MG Trust,NULL,NULL,NULL,NULL,NULL,NULL,NULL,NULL,NULL,NULL,NULL,NULL,NULL,NULL,NULL,NULL,NULL,NULL,NULL,NULL,NULL,NULL,NULL,NULL,NULL,NULL,NULL,NULL,NULL,NULL,0,0.00,NULL,0,1,NULL,NULL,2023-05-03 09:33:41.000,2023-05-03 09:36:31.000
296BF9BD-B0CC-4591-9E11-A516D058A6D3,800029D9-1678832217,.Brent St. Clair,.Brent St. Clair,NULL,NULL,NULL,NULL,NULL,Brent St. Clair,15019 113th Ave. E,NULL,NULL,Puyallup,WA,98374-3408,NULL,NULL,NULL,NULL,NULL,NULL,NULL,NULL,NULL,253-355-4505,NULL,NULL,NULL,NULL,NULL,NULL,NULL,Brent St. Clair,NULL,NULL,NULL,NULL,NULL,NULL,0,0.00,NULL,0,1,NULL,NULL,2023-03-14 15:16:57.000,2023-03-14 15:33:18.000
F2637FA5-6EFA-4DCB-ADBC-A56BBEF0BA11,800002C4-1677184208,splashtop,splashtop,NULL,NULL,NULL,NULL,NULL,Splashtop,NULL,NULL,NULL,NULL,NULL,NULL,NULL,NULL,NULL,NULL,NULL,NULL,NULL,NULL,NULL,NULL,NULL,NULL,NULL,NULL,NULL,NULL,NULL,NULL,NULL,NULL,NULL,AFD6687D-2F92-4A46-A75E-2FA5398BB833,NULL,NULL,0,0.00,NULL,0,1,NULL,NULL,2023-02-23 13:30:08.000,2025-04-08 08:33:10.000
CBDE4383-A973-427F-807D-A5958ACB4B77,8000023C-1677184122,Parker Auto & Marine,Parker Auto & Marine,NULL,NULL,NULL,NULL,NULL,Parker Auto & Marine,908 Joshua Ave,NULL,NULL,Parker,AZ,85344,NULL,NULL,NULL,NULL,NULL,NULL,NULL,NULL,NULL,928-669-6104,NULL,NULL,NULL,NULL,pkrauto82@yahoo.com,NULL,NULL,Parker Auto & Marine,NULL,NULL,NULL,NULL,NULL,NULL,0,0.00,NULL,0,1,NULL,NULL,2023-02-23 13:28:42.000,2023-02-23 13:28:42.000
903DBEB5-9045-4D11-BD00-A5F15233E20D,80000322-1677184260,Various,Various,NULL,NULL,NULL,NULL,NULL,Various,NULL,NULL,NULL,NULL,NULL,NULL,NULL,NULL,NULL,NULL,NULL,NULL,NULL,NULL,NULL,NULL,NULL,NULL,NULL,NULL,NULL,NULL,NULL,NULL,NULL,NULL,NULL,NULL,NULL,NULL,0,0.00,NULL,0,1,NULL,NULL,2023-02-23 13:31:00.000,2023-02-23 13:31:00.000
2B650FCC-5266-40C5-83F3-A60B98021860,80000304-1677184246,U.S. Customs and Border Protection,U.S. Customs and Border Protection,NULL,NULL,NULL,NULL,NULL,NULL,NULL,NULL,NULL,NULL,NULL,NULL,NULL,NULL,NULL,NULL,NULL,NULL,NULL,NULL,NULL,NULL,NULL,NULL,NULL,NULL,NULL,NULL,NULL,NULL,NULL,NULL,NULL,NULL,NULL,NULL,0,0.00,NULL,0,1,NULL,NULL,2023-02-23 13:30:46.000,2023-02-23 13:30:46.000
954F3FE7-8948-4870-9CB0-A61D740E7788,800000B0-1677182890,Campbell Cove,Campbell Cove,NULL,NULL,NULL,NULL,NULL,Campbell Cove,NULL,NULL,NULL,NULL,NULL,NULL,NULL,NULL,NULL,NULL,NULL,NULL,NULL,NULL,NULL,NULL,NULL,NULL,NULL,NULL,NULL,NULL,NULL,NULL,NULL,NULL,NULL,A5DDE231-3987-4FF7-A2B7-068A55D1B562,NULL,NULL,0,0.00,NULL,0,1,NULL,NULL,2023-02-23 13:08:10.000,2025-03-19 11:37:48.000
25357A86-912E-4FE7-BE96-A626CB894E63,80002A4E-1691618376,.Paul Meeker,.Paul Meeker,NULL,NULL,NULL,NULL,NULL,Paul Meeker,1829 North Ave 55,NULL,NULL,Los Angeles,CA,90042,NULL,NULL,NULL,NULL,NULL,NULL,NULL,NULL,NULL,323-561-2827,NULL,NULL,NULL,NULL,NULL,NULL,NULL,Paul Meeker,NULL,NULL,NULL,NULL,NULL,NULL,0,0.00,NULL,0,1,NULL,NULL,2023-08-09 14:59:36.000,2023-08-09 15:01:23.000
340A2458-8593-4F6D-A4C3-A62B6DD75590,800005A0-1677194241,All In One,All In One,NULL,NULL,NULL,NULL,NULL,NULL,NULL,NULL,NULL,All,IN,NULL,NULL,NULL,NULL,NULL,NULL,NULL,NULL,NULL,NULL,NULL,NULL,NULL,NULL,NULL,NULL,NULL,NULL,NULL,NULL,NULL,NULL,F9951A1C-DEA6-43D9-8D46-A9C4985EF3B2,NULL,NULL,0,0.00,NULL,0,1,NULL,NULL,2023-02-23 16:17:21.000,2023-02-23 16:17:21.000
587A3848-5B48-46AD-A478-A639E12880A2,800005DC-1677194268,CNC Galore,CNC Galore,NULL,NULL,NULL,NULL,NULL,CNC Galore,12165 Branford St. #F,NULL,NULL,Sun Valley,CA,91352,NULL,NULL,NULL,NULL,NULL,NULL,NULL,NULL,NULL,818-533-1410,NULL,NULL,NULL,NULL,NULL,NULL,NULL,CNC Galore,NULL,NULL,NULL,A5DDE231-3987-4FF7-A2B7-068A55D1B562,NULL,NULL,0,0.00,NULL,0,1,NULL,NULL,2023-02-23 16:17:48.000,2023-02-23 16:17:48.000
E7319A0E-7A33-4151-9B2F-A65FE6B984D2,8000755B-1741120752,Hannah Rice,Hannah Rice,NULL,NULL,NULL,NULL,NULL,Hannah Rice,NULL,NULL,NULL,NULL,NULL,NULL,NULL,NULL,NULL,NULL,NULL,NULL,NULL,NULL,NULL,NULL,NULL,NULL,NULL,NULL,NULL,NULL,NULL,NULL,NULL,NULL,NULL,NULL,NULL,NULL,0,0.00,NULL,0,1,NULL,NULL,2025-03-04 13:39:12.000,2025-03-04 13:39:42.000
FE5FBF2E-DD4B-45EC-9420-A675FAE34A13,8000019C-1677183044,Injector Warehouse / CVM,Injector Warehouse / CVM,NULL,Russel,NULL,NULL,NULL,Injector Warehouse / CVM,300 West Broad Street,NULL,NULL,Hemingway,SC,29554,NULL,NULL,NULL,NULL,NULL,NULL,NULL,NULL,NULL,800-868-0057 x 216 Th,NULL,NULL,ext 3 customer servic,843-558-5111,orders@bostechauto.com,NULL,NULL,NULL,NULL,NULL,NULL,162BFAF4-5263-465D-8B19-90688B4184CF,NULL,NULL,0,0.00,NULL,0,1,NULL,NULL,2023-02-23 13:10:44.000,2023-02-23 13:27:13.000
E92CB209-4658-41B7-B78A-A677F4B99FE1,8000457A-1712347788,seatbelt planet,seatbelt planet,NULL,NULL,NULL,NULL,NULL,seatbelt planet,NULL,NULL,NULL,NULL,NULL,NULL,NULL,NULL,NULL,NULL,NULL,NULL,NULL,NULL,NULL,NULL,NULL,NULL,NULL,NULL,NULL,NULL,NULL,NULL,NULL,NULL,NULL,NULL,NULL,NULL,0,0.00,NULL,0,1,NULL,NULL,2024-04-05 13:09:48.000,2024-04-05 13:10:06.000
B1467590-2943-416D-A376-A6EB0019F709,80000309-1677184248,UMI Racing,UMI Racing,NULL,NULL,NULL,NULL,NULL,UMI Racing,7442 East Betherus Drive,NULL,NULL,Scottsdale,AZ,85260,NULL,NULL,NULL,NULL,NULL,NULL,NULL,NULL,NULL,(800) 275-1615,NULL,NULL,NULL,480 951 3469,NULL,NULL,NULL,NULL,NULL,NULL,NULL,NULL,NULL,NULL,0,0.00,NULL,0,1,NULL,NULL,2023-02-23 13:30:48.000,2023-02-23 13:30:48.000
5AD272F0-8FDE-49D9-A2C4-A704C5C79238,8000025D-1677184138,Phoenix Air Center,Phoenix Air Center,NULL,NULL,NULL,NULL,NULL,Phoenix Air Center,NULL,NULL,NULL,NULL,NULL,NULL,NULL,NULL,NULL,NULL,NULL,NULL,NULL,NULL,NULL,602-431-1400,NULL,NULL,NULL,NULL,NULL,NULL,NULL,NULL,NULL,NULL,NULL,NULL,NULL,NULL,0,0.00,NULL,0,1,NULL,NULL,2023-02-23 13:28:58.000,2023-02-23 13:28:58.000
7CE93D46-25C0-4EBF-B8C0-A76D67BA29B9,80000314-1677184254,UPS Mail Innovations,UPS Mail Innovations,NULL,NULL,NULL,NULL,NULL,UPS Mail Innovations,28013 Network Place,NULL,NULL,Chicago,IL,60673-1280,NULL,NULL,NULL,NULL,NULL,NULL,NULL,NULL,NULL,NULL,NULL,NULL,NULL,NULL,NULL,NULL,NULL,NULL,NULL,NULL,NULL,AFD6687D-2F92-4A46-A75E-2FA5398BB833,NULL,NULL,0,0.00,NULL,0,1,NULL,NULL,2023-02-23 13:30:54.000,2023-02-23 13:30:54.000
0C92FF5D-A7B1-4801-8002-A7785C1493E9,800002AA-1677184190,Shop3m,Shop3m,NULL,NULL,NULL,NULL,NULL,Shop3m.com,NULL,NULL,NULL,NULL,NULL,NULL,NULL,NULL,NULL,NULL,NULL,NULL,NULL,NULL,NULL,1-800-234-8068,NULL,NULL,NULL,NULL,NULL,NULL,NULL,Shop3m,NULL,NULL,NULL,NULL,NULL,NULL,0,0.00,NULL,0,1,NULL,NULL,2023-02-23 13:29:50.000,2023-02-23 13:29:50.000
A6D23D5B-46E3-4139-A6DD-A7A2261D41E9,80004D43-1716300593,California Dept of Tax,California Dept of Tax,NULL,NULL,NULL,NULL,NULL,California Dept of Tax,NULL,NULL,NULL,NULL,NULL,NULL,NULL,NULL,NULL,NULL,NULL,NULL,NULL,NULL,NULL,NULL,NULL,NULL,NULL,NULL,NULL,NULL,NULL,NULL,NULL,NULL,NULL,NULL,NULL,NULL,0,0.00,NULL,0,1,NULL,NULL,2024-05-21 07:09:53.000,2024-05-21 07:10:05.000
81619104-14B6-4C1E-A565-A7CD868E16FC,80000305-1677184246,U.S.Tool & Manufacturing Company,U.S.Tool & Manufacturing Company,NULL,NULL,NULL,NULL,NULL,U.S.Tool & Manufacturing Company,1335 West Fulerton Avenue,NULL,NULL,Addison,IL,60101,NULL,NULL,NULL,NULL,NULL,NULL,NULL,NULL,NULL,800-433-6414,NULL,NULL,NULL,630-953-0174,NULL,NULL,NULL,NULL,NULL,NULL,NULL,162BFAF4-5263-465D-8B19-90688B4184CF,NULL,NULL,0,0.00,NULL,0,1,NULL,NULL,2023-02-23 13:30:46.000,2025-02-04 10:27:06.000
161DCEB5-EA11-470D-A6AD-A7E1CFCD92B0,800006B6-1677194368,"Webb, Tanner, Powell, Mertz & Wilson, LLP","Webb, Tanner, Powell, Mertz & Wilson, LLP",NULL,NULL,NULL,NULL,NULL,"Webb, Tanner, Powell, Mertz & Wilson, LLP",Attorneys At Law,10 Lumpkin Street,NULL,Lawrenceville,GA,30046,NULL,NULL,NULL,NULL,NULL,NULL,NULL,NULL,NULL,770-962-0100,NULL,NULL,NULL,NULL,NULL,NULL,NULL,"Webb, Tanner, Powell, Mertz & Wilson, LLP",NULL,7476-000M,NULL,A5DDE231-3987-4FF7-A2B7-068A55D1B562,NULL,58-0838059,0,0.00,NULL,0,1,NULL,NULL,2023-02-23 16:19:28.000,2023-02-23 16:19:28.000
7DDD8E1C-5E8C-437D-A4AE-A7E8914955EF,80000053-1677182833,Angel City Logistics (Freight),Angel City Logistics (Freight),NULL,NULL,NULL,NULL,NULL,Angel City Logistics (Freight),P.O. Box #289,NULL,NULL,Verdugo City,CA,91046,NULL,NULL,NULL,NULL,NULL,NULL,NULL,NULL,NULL,877-987-8782 x 102,NULL,NULL,NULL,832-213-0310,http://www.angelcitylogistics.com/,NULL,NULL,NULL,NULL,NULL,NULL,NULL,NULL,NULL,0,0.00,NULL,0,1,NULL,NULL,2023-02-23 13:07:13.000,2023-02-23 13:24:16.000
5E9502C3-8D55-4664-9EEF-A7ED0F2EA3FD,800001FB-1677184086,MediaZip64,MediaZip64,NULL,NULL,NULL,NULL,NULL,MediaZip64,NULL,NULL,NULL,NULL,NULL,NULL,NULL,NULL,NULL,NULL,NULL,NULL,NULL,NULL,NULL,NULL,NULL,NULL,NULL,NULL,NULL,NULL,NULL,NULL,NULL,NULL,NULL,AFD6687D-2F92-4A46-A75E-2FA5398BB833,NULL,NULL,0,0.00,NULL,0,1,NULL,NULL,2023-02-23 13:28:06.000,2023-02-23 13:28:06.000
37AD91F8-EEEA-4FCB-8C80-A82D97721377,80000668-1677194333,Pure Choice Motorsports LLC,Pure Choice Motorsports LLC,NULL,NULL,NULL,NULL,NULL,Pure Choice Motorsports LLC,2155 W. Acoma Blvd,NULL,NULL,Lake Havasu City,AZ,86403,NULL,NULL,NULL,NULL,NULL,NULL,NULL,NULL,NULL,928-505-8355,NULL,NULL,NULL,NULL,NULL,NULL,NULL,Pure Choice Motorsports LLC,NULL,NULL,NULL,A5DDE231-3987-4FF7-A2B7-068A55D1B562,NULL,NULL,0,0.00,NULL,0,1,NULL,NULL,2023-02-23 16:18:53.000,2024-03-21 07:58:36.000
473B8753-2248-4A80-8292-A83D6F26F964,800029D5-1678831725,.Emerson Umana,.Emerson Umana,NULL,NULL,NULL,NULL,NULL,Emerson Umana,2601 Iroquois St.,NULL,NULL,Dallas,TX,75212,NULL,NULL,NULL,NULL,NULL,NULL,NULL,NULL,NULL,214-893-8651,NULL,NULL,NULL,NULL,NULL,NULL,NULL,Emerson Umana,NULL,NULL,NULL,NULL,NULL,NULL,0,0.00,NULL,0,1,NULL,NULL,2023-03-14 15:08:45.000,2023-03-14 15:30:53.000
9F82B4E5-A01D-432B-A0BC-A8845BFB41C0,800001CA-1677184060,L.A. Sleeve,L.A. Sleeve,NULL,NULL,NULL,NULL,NULL,L.A. Sleeve,12051 Rivera Road,NULL,NULL,Santa Fe Springs,CA,90670,NULL,NULL,NULL,NULL,NULL,NULL,NULL,NULL,NULL,(800) 822-6005,NULL,NULL,NULL,562-698-7029,www.lasleeve.com,NULL,NULL,NULL,NULL,NULL,NULL,NULL,NULL,NULL,0,0.00,NULL,0,1,NULL,NULL,2023-02-23 13:27:40.000,2023-02-23 13:27:40.000
4250C4FC-81FC-4739-BC16-A89128D9CA79,80000649-1677194317,Millerspeed,Millerspeed,NULL,Alistair,NULL,Miller,NULL,Millerspeed,Alistair Miller,NULL,NULL,NULL,NULL,NULL,NULL,NULL,NULL,NULL,NULL,NULL,NULL,NULL,NULL,310.408.8798,NULL,NULL,NULL,NULL,info@millerspeed.com,NULL,NULL,Alistair Miller   Millerspeed,NULL,NULL,NULL,F9951A1C-DEA6-43D9-8D46-A9C4985EF3B2,NULL,NULL,0,0.00,NULL,0,1,NULL,NULL,2023-02-23 16:18:37.000,2023-02-23 16:18:37.000
42014BDD-9678-4776-BA8F-A8ACB699179A,8000059D-1677194240,Alcan Spring,Alcan Spring,NULL,Bill,NULL,Ford,NULL,Alcan Spring,2242 Hwy 6 & 50,NULL,NULL,Grand Junction,CO,81505,NULL,NULL,NULL,NULL,NULL,NULL,NULL,NULL,NULL,970-241-2655,NULL,NULL,(888) 321-0870,NULL,lew@alcanspring.com,NULL,NULL,Alcan Spring,NULL,NULL,NULL,A5DDE231-3987-4FF7-A2B7-068A55D1B562,NULL,NULL,0,0.00,NULL,0,1,NULL,NULL,2023-02-23 16:17:20.000,2025-04-15 11:07:06.000
2A4165B1-7856-48A0-A7CC-A8CC33F9EA68,800000A7-1677182885,buyledonline.com,buyledonline.com,NULL,NULL,NULL,NULL,NULL,buyledonline.com,2960 Amwiler Road Northwest,NULL,NULL,Atlanta,GA,30360,NULL,NULL,NULL,NULL,NULL,NULL,NULL,NULL,NULL,404-663-7574,NULL,NULL,NULL,NULL,NULL,NULL,NULL,buyledonline.com,NULL,NULL,NULL,NULL,NULL,NULL,0,0.00,NULL,0,1,NULL,NULL,2023-02-23 13:08:05.000,2023-02-23 13:25:03.000
76D62343-281F-4BA9-8720-A8E0DB98F8F5,80002A1A-1682702983,.Richard Done,.Richard Done,NULL,NULL,NULL,NULL,NULL,Richard Done,7285 Marblethorpe Drive,NULL,NULL,Roseville,CA,95747,NULL,NULL,NULL,NULL,NULL,NULL,NULL,NULL,NULL,916-305-1948,NULL,NULL,NULL,NULL,NULL,NULL,NULL,Richard Done,NULL,NULL,NULL,NULL,NULL,NULL,0,0.00,NULL,0,1,NULL,NULL,2023-04-28 10:29:43.000,2023-04-28 10:33:33.000
F70C2682-3A11-42D1-8EA4-A902BBF58343,8000001D-1677182800,Abc Supply Co.,Abc Supply Co.,NULL,NULL,NULL,NULL,NULL,Abc Supply Co.,741 Enterprise Drive,NULL,NULL,Lake Havasu City,AZ,86403,NULL,NULL,NULL,NULL,NULL,NULL,NULL,NULL,NULL,(928) 855-8383,NULL,NULL,NULL,928-855-2243,NULL,NULL,NULL,NULL,NULL,NULL,NULL,NULL,NULL,NULL,0,0.00,NULL,0,1,NULL,NULL,2023-02-23 13:06:40.000,2023-02-23 13:23:47.000
36DDEE77-A4DB-4A41-AFA9-A9131A955F09,80002A3F-1689374335,Quick Product Solutions,Quick Product Solutions,NULL,NULL,NULL,NULL,NULL,Quick Product Solutions,PO BOx 6937,NULL,NULL,Phoenix,AZ,85005,NULL,NULL,NULL,NULL,NULL,NULL,NULL,NULL,NULL,602-761-4000,NULL,NULL,NULL,800-743-8078,NULL,NULL,NULL,Quick Product Solutions,NULL,NULL,NULL,162BFAF4-5263-465D-8B19-90688B4184CF,NULL,NULL,0,0.00,NULL,0,1,NULL,NULL,2023-07-14 15:38:55.000,2024-03-28 08:45:09.000
677C7AFA-2A22-4F53-B7AC-A94AE8D243C3,80000154-1677182990,Fluxer Heaters LLC - Jeff Moskovitz,Fluxer Heaters LLC - Jeff Moskovitz,NULL,NULL,NULL,NULL,NULL,Fluxer Heaters LLC,2626 Sequoia Way,NULL,NULL,Belmont,CA,94002,NULL,NULL,NULL,NULL,NULL,NULL,NULL,NULL,NULL,650-224-0753,NULL,NULL,NULL,NULL,fluxerheaters@gmail.com,NULL,NULL,Fluxer Heaters LLC,NULL,NULL,NULL,AFD6687D-2F92-4A46-A75E-2FA5398BB833,NULL,NULL,0,0.00,NULL,0,1,NULL,NULL,2023-02-23 13:09:50.000,2023-02-23 13:26:32.000
840F8139-60E7-427F-ACE4-A95E9D97B2CF,80000629-1677194303,JK Visa,JK Visa,NULL,NULL,NULL,NULL,NULL,JK Visa,NULL,NULL,NULL,NULL,NULL,NULL,NULL,NULL,NULL,NULL,NULL,NULL,NULL,NULL,NULL,NULL,NULL,NULL,NULL,NULL,NULL,NULL,NULL,NULL,NULL,NULL,NULL,A5DDE231-3987-4FF7-A2B7-068A55D1B562,NULL,NULL,0,0.00,NULL,0,1,NULL,NULL,2023-02-23 16:18:23.000,2023-02-23 16:18:23.000
F84EAA5F-A818-4A3A-A9A7-A9C84D1C9118,8000063A-1677194310,"Lo-Tek, Inc","Lo-Tek, Inc",Mr,Ryan,NULL,NULL,NULL,"Lo-Tek, Inc.","715 East Geer Street,  C2",NULL,NULL,Durham,NC,27701,NULL,NULL,NULL,NULL,NULL,NULL,NULL,NULL,NULL,919-627-2812 DNC,NULL,NULL,NULL,NULL,ryanrpidesigns@gmail,NULL,NULL,"Lo-Tek, Inc.",NULL,NULL,NULL,A5DDE231-3987-4FF7-A2B7-068A55D1B562,NULL,NULL,0,-349.42,NULL,0,1,NULL,NULL,2023-02-23 16:18:30.000,2025-04-15 09:55:49.000
4C7EB1BF-2718-4A0F-858D-A9F624BE3628,80000193-1677183037,Hughes Supply Lake Havasu City,Hughes Supply Lake Havasu City,NULL,NULL,NULL,NULL,NULL,Hughes Supply Lake Havasu City,1890 Holly Avenue,NULL,NULL,Lake Havasu City,AZ,86403-2801,NULL,NULL,NULL,NULL,NULL,NULL,NULL,NULL,NULL,928-855-5055,NULL,NULL,NULL,928-855-5057,NULL,NULL,NULL,Hughes Supply Lake Havasu City,NULL,NULL,NULL,162BFAF4-5263-465D-8B19-90688B4184CF,NULL,NULL,0,0.00,NULL,0,1,NULL,NULL,2023-02-23 13:10:37.000,2023-02-23 13:27:08.000
38C6AD4F-076F-4B9E-B1C3-AA19771D627E,80000235-1677184118,Original Parts Group,Original Parts Group,NULL,NULL,NULL,NULL,NULL,Original Parts Group,17892 Gothard Street,NULL,NULL,Huntington Beach,CA,92647,NULL,NULL,NULL,NULL,NULL,NULL,NULL,NULL,NULL,(800)243-8355 x.5210,NULL,NULL,NULL,714-847-8159,NULL,NULL,NULL,NULL,NULL,NULL,NULL,NULL,NULL,NULL,0,0.00,NULL,0,1,NULL,NULL,2023-02-23 13:28:38.000,2023-02-23 13:28:38.000
B9B65442-97C5-420A-9012-AAFE7B0D4ACD,80000334-1677184269,Webb Machinery,Webb Machinery,NULL,NULL,NULL,NULL,NULL,Webb Machinery,17925 Collier Avenue,NULL,NULL,Lake Elsinore,CA,92530,NULL,NULL,NULL,NULL,NULL,NULL,NULL,NULL,NULL,951-277-8885,NULL,NULL,NULL,NULL,admin@webbmachinery.com,NULL,NULL,Webb Machinery,NULL,NULL,NULL,NULL,NULL,NULL,0,0.00,NULL,0,1,NULL,NULL,2023-02-23 13:31:09.000,2023-02-23 13:31:09.000
16748B6E-9EA1-4F5B-BDDE-AB0C17D66B35,80002A5E-1696347934,Javier Alba,Javier Alba,NULL,NULL,NULL,NULL,NULL,Javier Alba,NULL,NULL,NULL,NULL,NULL,NULL,NULL,NULL,NULL,NULL,NULL,NULL,NULL,NULL,NULL,NULL,NULL,NULL,NULL,NULL,NULL,NULL,NULL,NULL,NULL,NULL,NULL,F9951A1C-DEA6-43D9-8D46-A9C4985EF3B2,NULL,NULL,0,0.00,NULL,0,1,NULL,NULL,2023-10-03 08:45:34.000,2023-10-03 08:47:30.000
69D67CBD-C377-45E7-99DB-AB28FB9D5E9E,8000062C-1677194304,K & J Magnetics,K & J Magnetics,NULL,NULL,NULL,NULL,NULL,K & J Magnetics,NULL,NULL,NULL,NULL,NULL,NULL,NULL,NULL,NULL,NULL,NULL,NULL,NULL,NULL,NULL,888-746-7556,NULL,NULL,NULL,NULL,NULL,NULL,NULL,K & J Magnetics,NULL,NULL,NULL,A5DDE231-3987-4FF7-A2B7-068A55D1B562,NULL,NULL,0,0.00,NULL,0,1,NULL,NULL,2023-02-23 16:18:24.000,2023-02-23 16:18:24.000
8F005CE4-8BBD-4217-8542-AB44A5C6C661,80000223-1677184109,NOS Communication,NOS Communication,NULL,NULL,NULL,NULL,NULL,NOS Communication,P.O. Box 22108,NULL,NULL,Tulsa,OK,74121-2108,NULL,NULL,NULL,NULL,NULL,NULL,NULL,NULL,NULL,(800) 772-4667,NULL,NULL,NULL,NULL,NULL,NULL,NULL,NULL,NULL,NULL,NULL,NULL,NULL,NULL,0,0.00,NULL,0,1,NULL,NULL,2023-02-23 13:28:29.000,2023-02-23 13:28:29.000
32AA8D0E-A0ED-4E4C-993A-AB566C347E88,80000021-1677182802,Accurate Injector Service LLC,Accurate Injector Service LLC,NULL,NULL,NULL,NULL,NULL,Accurate Injector Service LLC,733 Little Drive,NULL,NULL,Lake Havasu City,AZ,86406,NULL,NULL,NULL,NULL,NULL,NULL,NULL,NULL,NULL,(928) 486-1241,NULL,NULL,NULL,866-903-3442,accurateinjectors@gmail.com,NULL,NULL,NULL,NULL,NULL,NULL,162BFAF4-5263-465D-8B19-90688B4184CF,NULL,NULL,0,431.00,NULL,0,1,NULL,NULL,2023-02-23 13:06:42.000,2025-04-17 12:49:19.000
B85BAB94-D928-4BED-8757-AB7CD578B4FB,80000646-1677194316,Mertens Heavy Equipment,Mertens Heavy Equipment,NULL,NULL,NULL,NULL,NULL,Mertens Heavy Equipment,NULL,NULL,NULL,NULL,NULL,NULL,NULL,NULL,NULL,NULL,NULL,NULL,NULL,NULL,NULL,NULL,NULL,NULL,NULL,NULL,NULL,NULL,NULL,NULL,NULL,NULL,NULL,A5DDE231-3987-4FF7-A2B7-068A55D1B562,NULL,NULL,0,0.00,NULL,0,1,NULL,NULL,2023-02-23 16:18:36.000,2023-02-23 16:18:36.000
D5B40351-41D8-4577-BAF3-AB7DA55BCF49,800000B7-1677182894,Carquest Auto Parts,Carquest Auto Parts,NULL,NULL,NULL,NULL,NULL,Carquest Auto Parts,2150 McCulloch Blvd.,NULL,NULL,Lake Havasu City,AZ,86403,NULL,NULL,NULL,NULL,NULL,NULL,NULL,NULL,NULL,(928) 855-2100,NULL,NULL,NULL,(928) 453-8071,NULL,NULL,NULL,NULL,NULL,NULL,NULL,NULL,NULL,NULL,0,0.00,NULL,0,1,NULL,NULL,2023-02-23 13:08:14.000,2023-02-23 13:25:12.000
FCF92FAF-0F36-45CA-BC58-AC29BB0A6F9B,80000001-1677182784,.Abel Garcia,.Abel Garcia,NULL,NULL,NULL,NULL,NULL,Abel Garcia,4567 Pickford St. #7,NULL,NULL,Los Angeles,CA,90019,NULL,NULL,NULL,NULL,NULL,NULL,NULL,NULL,NULL,NULL,NULL,NULL,NULL,NULL,NULL,NULL,NULL,Abel Garcia,NULL,NULL,NULL,NULL,NULL,NULL,0,0.00,NULL,0,1,NULL,NULL,2023-02-23 13:06:24.000,2023-02-23 13:23:33.000
1FF78A5B-7B78-41BF-8CAA-AC4D6CE7F24C,80005FC3-1727965993,Tennessee Machine Tool,Tennessee Machine Tool,NULL,NULL,NULL,NULL,NULL,NULL,NULL,NULL,NULL,NULL,TN,NULL,NULL,NULL,NULL,NULL,NULL,NULL,NULL,NULL,NULL,NULL,NULL,NULL,NULL,NULL,NULL,NULL,NULL,NULL,NULL,NULL,NULL,NULL,NULL,NULL,0,0.00,NULL,0,0,NULL,NULL,2024-10-03 07:33:13.000,2024-10-03 07:36:02.000
4689A645-9981-499A-98AA-AC816875A31C,800000EB-1677182924,"CP-Carrillo, Inc","CP-Carrillo, Inc",NULL,NULL,NULL,NULL,NULL,"CP-Carrillo, Inc",1902 McGaw Avenue,NULL,NULL,Irvine,CA,92614,NULL,NULL,NULL,NULL,NULL,NULL,NULL,NULL,NULL,(949) 567-9000,NULL,NULL,NULL,949-567-9029,rc@cp-carrillo.com,NULL,NULL,"CP-Carrillo, Inc",NULL,NULL,NULL,3EF97799-B4C4-4EF2-BF80-BD8A8C1A43AF,NULL,NULL,0,0.00,NULL,0,1,NULL,NULL,2023-02-23 13:08:44.000,2025-04-16 11:10:08.000
97955393-7CA5-4CE9-8AD4-AC916EF9C75F,8000028B-1677184164,Rev Valves,Rev Valves,NULL,NULL,NULL,NULL,NULL,Rev Valves,4704 NE 11th Avenue,NULL,NULL,Fort Lauderdale,FL,33334,NULL,NULL,NULL,NULL,NULL,NULL,NULL,NULL,NULL,(800) 398-6348,NULL,NULL,NULL,NULL,NULL,NULL,NULL,NULL,NULL,NULL,NULL,NULL,NULL,NULL,0,0.00,NULL,0,1,NULL,NULL,2023-02-23 13:29:24.000,2023-08-16 13:38:28.000
0F015BEC-987A-4C87-A60D-ACAC8ECCC142,80000302-1677184245,Tyler Bryant,Tyler Bryant,NULL,NULL,NULL,NULL,NULL,Tyler Bryant,NULL,NULL,NULL,NULL,NULL,NULL,NULL,NULL,NULL,NULL,NULL,NULL,NULL,NULL,NULL,NULL,NULL,NULL,NULL,NULL,NULL,NULL,NULL,NULL,NULL,NULL,NULL,NULL,NULL,NULL,0,0.00,NULL,0,1,NULL,NULL,2023-02-23 13:30:45.000,2023-02-23 13:30:45.000
3FB8DAD9-0CD9-474B-AD1B-ACADC8AC8622,8000032A-1677184264,Vinnie / Roger Allard  Core 1,Vinnie / Roger Allard  Core 1,NULL,Vinnie,NULL,NULL,NULL,NULL,NULL,NULL,NULL,NULL,NULL,NULL,NULL,NULL,NULL,NULL,NULL,NULL,NULL,NULL,NULL,207-467-1033,NULL,NULL,NULL,NULL,NULL,NULL,NULL,NULL,NULL,NULL,NULL,NULL,NULL,NULL,0,0.00,NULL,0,1,NULL,NULL,2023-02-23 13:31:04.000,2023-02-23 13:31:04.000
DD7E886D-A92B-4A90-B93B-ACBAB86EAD64,80000277-1677184153,R&L Carriers (Freight),R&L Carriers (Freight),NULL,NULL,NULL,NULL,NULL,R&L Carriers (Freight),"7290 College Parkway, Suite 200",NULL,NULL,Fort Myers,FL,33907,NULL,NULL,NULL,NULL,NULL,NULL,NULL,NULL,NULL,239-337-6408,NULL,NULL,NULL,NULL,NULL,NULL,NULL,NULL,NULL,NULL,NULL,NULL,NULL,NULL,0,0.00,NULL,0,1,NULL,NULL,2023-02-23 13:29:13.000,2023-02-23 13:29:13.000
288993BB-ED3B-43A7-A91A-ACE8129184E2,800006A3-1677194359,Tornquist Machinery Company,Tornquist Machinery Company,NULL,NULL,NULL,NULL,NULL,Tornquist Machinery Company,320 N Palm Street #D,NULL,NULL,Brea,CA,92821-2882,NULL,NULL,NULL,NULL,NULL,NULL,NULL,NULL,NULL,714-572-6830,NULL,NULL,NULL,714-572-2837,NULL,NULL,NULL,Tornquist Machinery Company,NULL,NULL,NULL,A5DDE231-3987-4FF7-A2B7-068A55D1B562,NULL,NULL,0,0.00,NULL,0,1,NULL,NULL,2023-02-23 16:19:19.000,2023-02-23 16:19:19.000
58ED6CD2-97DA-4A47-8347-AD36A5229E2A,80007016-1738077387,A3 Handyman Services,A3 Handyman Services,NULL,NULL,NULL,NULL,NULL,A3 Handyman Services," 2560 Glengarry DR",NULL,NULL,Lake Havasu City,AZ,86404,NULL,NULL,NULL,NULL,NULL,NULL,NULL,NULL,NULL,NULL,NULL,NULL,NULL,NULL,NULL,NULL,NULL,NULL,NULL,NULL,NULL,AFD6687D-2F92-4A46-A75E-2FA5398BB833,NULL,NULL,0,348.42,NULL,0,1,NULL,NULL,2025-01-28 08:16:27.000,2025-02-06 08:50:13.000
33907F69-679F-43C9-BBF8-AD7C328021A9,800000CA-1677182906,Chuck's Carburetor Shop,Chuck's Carburetor Shop,NULL,NULL,NULL,NULL,NULL,Chuck's Carburetor Shop,1600 W Acoma Blvd #15,NULL,NULL,Lake Havasu City,AZ,86403,NULL,NULL,NULL,NULL,NULL,NULL,NULL,NULL,NULL,928-680-4199,NULL,NULL,NULL,NULL,NULL,NULL,NULL,Chuck's Carburetor Shop,NULL,NULL,NULL,NULL,NULL,NULL,0,0.00,NULL,0,1,NULL,NULL,2023-02-23 13:08:26.000,2023-02-23 13:25:22.000
FDBF6336-FAC7-491A-ACDD-AE47C3CAACC4,8000058F-1677194234,4 Wheel Drive,4 Wheel Drive,NULL,NULL,NULL,NULL,NULL,4 Wheel Drive,NULL,NULL,NULL,NULL,NULL,NULL,NULL,NULL,NULL,NULL,NULL,NULL,NULL,NULL,NULL,NULL,NULL,NULL,NULL,NULL,NULL,NULL,NULL,NULL,NULL,NULL,NULL,A5DDE231-3987-4FF7-A2B7-068A55D1B562,NULL,NULL,0,0.00,NULL,0,0,NULL,NULL,2023-02-23 16:17:14.000,2023-02-23 16:17:14.000
16969CDA-8DDD-44F9-A0B7-AEA75DE09D83,800006BD-1677194372,Yota Shop,Yota Shop,NULL,Yota,NULL,Shop,NULL,Yota Shop,5813 NE Landerhold Rd,NULL,NULL,La Center,WA,98629,NULL,NULL,NULL,NULL,NULL,NULL,NULL,NULL,NULL,360-487-0939,NULL,NULL,NULL,NULL,NULL,NULL,NULL,NULL,NULL,NULL,NULL,A5DDE231-3987-4FF7-A2B7-068A55D1B562,NULL,NULL,0,0.00,NULL,0,1,NULL,NULL,2023-02-23 16:19:32.000,2023-11-08 15:10:41.000
E16BDEAB-366D-4D87-A50B-AECAB3ADCCE3,80003425-1704295469,JD Buggies,JD Buggies,NULL,NULL,NULL,NULL,NULL,JD Buggies,2770 Worth Ave,"Units A, B, C",NULL,Englewood,FL,34224,NULL,NULL,NULL,NULL,NULL,NULL,NULL,NULL,NULL,941-286-6703,NULL,NULL,NULL,NULL,jerseydevilbuggies@yahoo.com,NULL,NULL,JD Buggies,NULL,NULL,NULL,NULL,NULL,NULL,0,0.00,NULL,0,1,NULL,NULL,2024-01-03 08:24:29.000,2024-02-08 10:04:45.000
F1C98F45-91C7-4B0D-A69A-AF3189F1E5A9,80000191-1677183033,Holley Performance Products,Holley Performance Products,NULL,NULL,NULL,NULL,NULL,Holley Performance Products,PO Box 31001-2299,NULL,NULL,Pasadena,CA,91110-2299,NULL,NULL,NULL,NULL,NULL,NULL,NULL,NULL,NULL,270-782-2900,NULL,NULL,NULL,NULL,customerservice@holley.com,NULL,NULL,Holley Performance Products,NULL,NULL,NULL,162BFAF4-5263-465D-8B19-90688B4184CF,NULL,NULL,0,4281.72,NULL,0,1,NULL,NULL,2023-02-23 13:10:33.000,2025-04-17 12:49:33.000
21EC86CD-4277-4879-A3DB-AF366AA1351A,80002A31-1686091208,Ferrea racing Componets,Ferrea racing Componets,NULL,John,NULL,NULL,NULL,Ferrea Racing Componets,2600 W55th Court Suite #234,NULL,NULL,Fort Lauderdale,FL,33309,NULL,Ferrea Racing Componets,2600 W55th Court Suite #234,NULL,NULL,Fort Lauderdale,FL,33309,NULL,888-733-2505,NULL,NULL,NULL,NULL,john@ferrea.com,NULL,NULL,Ferrea Racing Componets,NULL,NULL,NULL,NULL,NULL,NULL,0,0.00,NULL,0,1,NULL,NULL,2023-06-06 15:40:08.000,2023-06-13 15:23:03.000
F94DAB41-4653-4E86-89AA-AF5D35CB80CB,80000620-1677194299,Jeg's High Performance,Jeg's High Performance,NULL,NULL,NULL,NULL,NULL,Jeg's High Performance,751 East 11th Avenue,NULL,NULL,Columbus,OH,43211,NULL,NULL,NULL,NULL,NULL,NULL,NULL,NULL,NULL,(800) 345-4545,NULL,NULL,NULL,NULL,NULL,NULL,NULL,NULL,NULL,NULL,NULL,A5DDE231-3987-4FF7-A2B7-068A55D1B562,NULL,NULL,0,0.00,NULL,0,1,NULL,NULL,2023-02-23 16:18:19.000,2025-01-14 12:24:24.000
BDEF060A-7D9E-40EB-B0D4-AF7ED2426360,80000023-1677182803,Ace Fuel Systems a WAI Company,Ace Fuel Systems a WAI Company,NULL,NULL,NULL,NULL,NULL,Ace Fuel Systems a WAI Company,P.O. Box 827063,NULL,NULL,Philadelphia,PA,19182-7063,NULL,NULL,NULL,NULL,NULL,NULL,NULL,NULL,NULL,(800) 325-3888,NULL,NULL,NULL,(800) 231-1469,NULL,NULL,NULL,NULL,NULL,NULL,NULL,NULL,NULL,NULL,0,0.00,NULL,0,1,NULL,NULL,2023-02-23 13:06:43.000,2023-02-23 13:23:49.000
56DA8905-C08B-4F94-9516-AF922D55ECD4,800005DB-1677194268,CNC Cookbook,CNC Cookbook,NULL,NULL,NULL,NULL,NULL,CNC Cookbook,NULL,NULL,NULL,NULL,NULL,NULL,NULL,NULL,NULL,NULL,NULL,NULL,NULL,NULL,NULL,NULL,NULL,NULL,NULL,NULL,NULL,NULL,NULL,NULL,NULL,NULL,NULL,A5DDE231-3987-4FF7-A2B7-068A55D1B562,NULL,NULL,0,0.00,NULL,0,1,NULL,NULL,2023-02-23 16:17:48.000,2023-02-23 16:17:48.000
2676C7B1-9971-4047-8DD7-AFA5A4B819C9,8000024E-1677184130,Performance Cryogenics,Performance Cryogenics,NULL,NULL,NULL,NULL,NULL,Performance Cryogenics,6730 Garden Bar Rd,NULL,NULL,Lincoln,CA,95648,NULL,NULL,NULL,NULL,NULL,NULL,NULL,NULL,NULL,916-434-6978,NULL,NULL,NULL,NULL,performancecryo@mindsync.com,NULL,NULL,Performance Cryogenics,NULL,NULL,NULL,NULL,NULL,NULL,0,0.00,NULL,0,1,NULL,NULL,2023-02-23 13:28:50.000,2023-02-23 13:28:50.000
B7841A11-4764-41C1-9835-AFC4EDAB10BD,800029E0-1678999775,Mike Robbins,Mike Robbins,NULL,NULL,NULL,NULL,NULL,Mike Robbins,NULL,NULL,NULL,NULL,NULL,NULL,NULL,NULL,NULL,NULL,NULL,NULL,NULL,NULL,NULL,NULL,NULL,NULL,NULL,NULL,NULL,NULL,NULL,NULL,NULL,NULL,NULL,AFD6687D-2F92-4A46-A75E-2FA5398BB833,NULL,NULL,0,0.00,NULL,0,1,NULL,NULL,2023-03-16 13:49:35.000,2024-07-15 07:10:06.000
8B980FC9-0295-44BE-A44C-AFE0D9EB26AD,80000035-1677182813,AFLAC,AFLAC,NULL,NULL,NULL,NULL,NULL,AFLAC,c/o Remittance Processing Service,1932 Wynnton Road,NULL,Columbus,GA,31999-0797,NULL,NULL,NULL,NULL,NULL,NULL,NULL,NULL,NULL,(800) 992-3522,NULL,NULL,NULL,NULL,www.aflac.com,NULL,NULL,NULL,NULL,NULL,NULL,AFD6687D-2F92-4A46-A75E-2FA5398BB833,NULL,NULL,0,0.00,NULL,0,1,NULL,NULL,2023-02-23 13:06:53.000,2024-12-18 09:22:03.000
8A9AB07A-887E-435A-B5A1-B000006F514B,8000027D-1677184156,Radwell,Radwell,NULL,NULL,NULL,NULL,NULL,Radwell,NULL,NULL,NULL,NULL,NULL,NULL,NULL,NULL,NULL,NULL,NULL,NULL,NULL,NULL,NULL,800-884-5500,NULL,NULL,NULL,NULL,sales@Radwell.com,NULL,NULL,Radwell,NULL,NULL,NULL,NULL,NULL,NULL,0,0.00,NULL,0,1,NULL,NULL,2023-02-23 13:29:16.000,2023-02-23 13:29:16.000
24E2EAC6-1052-4B95-ADF6-B02F9071C9A6,80007359-1740091619,Dennis Valdez,Dennis Valdez,NULL,NULL,NULL,NULL,NULL,Dennis Valdez,NULL,NULL,NULL,NULL,NULL,NULL,NULL,NULL,NULL,NULL,NULL,NULL,NULL,NULL,NULL,NULL,NULL,NULL,NULL,NULL,NULL,NULL,NULL,NULL,NULL,NULL,NULL,NULL,NULL,NULL,0,0.00,NULL,0,1,NULL,NULL,2025-02-20 15:46:59.000,2025-02-20 15:47:42.000
DE96E048-E6E1-4499-B90E-B037A91C972E,8000002F-1677182810,Advanstar Communications Inc.,Advanstar Communications Inc.,NULL,NULL,NULL,NULL,NULL,Advanstar Communications Inc.,P.O. Box 64584,NULL,NULL,Saint Paul,MN,55164-0584,NULL,NULL,NULL,NULL,NULL,NULL,NULL,NULL,NULL,(218) 723-9200,NULL,NULL,NULL,NULL,NULL,NULL,NULL,NULL,NULL,NULL,NULL,NULL,NULL,NULL,0,0.00,NULL,0,1,NULL,NULL,2023-02-23 13:06:50.000,2023-02-23 13:23:55.000
FE22A862-99C9-4CF0-84C3-B095102E34B8,800038C2-1706554135,"ALCAST MFG, INC","ALCAST MFG, INC",NULL,Kiwon,NULL,Ban,NULL,"ALCAST MFG, INC",7355 E Slauson Ave,NULL,NULL,Commerce,CA,90040,NULL,"ALCAST MFG, INC",7355 E Slauson Ave,NULL,NULL,Commerce,CA,90040,NULL,310-542-3581,NULL,NULL,NULL,NULL,kiwon@alcast.com,NULL,NULL,"ALCAST MFG, INC",NULL,NULL,NULL,NULL,NULL,NULL,0,0.00,NULL,0,1,NULL,NULL,2024-01-29 11:48:55.000,2025-04-14 09:16:01.000
1FD4FE88-9E6A-4EF8-B062-B09AC0D77CAB,80004C2E-1715782311,Natural Tease,Natural Tease,NULL,NULL,NULL,NULL,NULL,Natural Tease,Michelle Diaz,1600 W. Acoma Blvd #50,NULL,Lake Havasu City,AZ,86403,NULL,Natural Tease,Michelle Diaz,1600 W. Acoma Blvd #50,NULL,Lake Havasu City,AZ,86403,NULL,(928) 855-4040,NULL,NULL,NULL,NULL,NULL,NULL,NULL,Natural Tease Sportswear,NULL,NULL,NULL,NULL,NULL,NULL,0,31.26,NULL,0,1,NULL,NULL,2024-05-15 07:11:51.000,2025-03-10 12:02:15.000
D0F9566B-EAE2-4F21-A67E-B0DE9063427F,80000221-1677184107,Nighsco Supply Inc.,Nighsco Supply Inc.,NULL,Steve,NULL,NULL,NULL,Nighsco Supply Inc.,369 E. Harrison,Unit H,NULL,Corona,CA,92879,NULL,NULL,NULL,NULL,NULL,NULL,NULL,NULL,NULL,951-737-3307,NULL,NULL,NULL,951-273-0348,nighsco@sbcglobal.net,NULL,NULL,Nighsco Supply Inc.,NULL,NULL,NULL,NULL,NULL,NULL,0,0.00,NULL,0,1,NULL,NULL,2023-02-23 13:28:27.000,2023-02-23 13:28:27.000
FA0CA2DC-D949-4EC1-9DB7-B0E9122B2DF1,800002AC-1677184191,"Shox.com / ASI Anderson & Stiehle, Inc","Shox.com / ASI Anderson & Stiehle, Inc",NULL,NULL,NULL,NULL,NULL,"Shox.com / ASI Anderson & Stiehle, Inc",1300 Hill Street,NULL,NULL,El Cajon,CA,92020,NULL,NULL,NULL,NULL,NULL,NULL,NULL,NULL,NULL,800-683-2890,NULL,NULL,619-726-2173 Mark Cel,619-444-8261,sales@shox.com,NULL,NULL,NULL,NULL,NULL,NULL,NULL,NULL,NULL,0,0.00,NULL,0,1,NULL,NULL,2023-02-23 13:29:51.000,2023-02-23 13:29:51.000
6B246B75-92EE-444C-8DB1-B114C0CD3A35,800005E8-1677194273,Doctor Dirt's,Doctor Dirt's,NULL,NULL,NULL,NULL,NULL,Doctor Dirt's,2079 McCulloch Blvd N #2,NULL,NULL,Lake Havasu City,AZ,86403,NULL,NULL,NULL,NULL,NULL,NULL,NULL,NULL,NULL,928-855-6995,NULL,NULL,NULL,NULL,NULL,NULL,NULL,Doctor Dirt's,NULL,NULL,NULL,A5DDE231-3987-4FF7-A2B7-068A55D1B562,NULL,NULL,0,0.00,NULL,0,1,NULL,NULL,2023-02-23 16:17:53.000,2023-02-23 16:17:53.000
06C03947-A148-4898-92FD-B19195EF5793,80000009-1677182788,.Robert Turman,.Robert Turman,NULL,NULL,NULL,NULL,NULL,Robert House,7201 Kersten St.,NULL,NULL,Citrus Heights,CA,95621-3629,NULL,NULL,NULL,NULL,NULL,NULL,NULL,NULL,NULL,NULL,NULL,NULL,NULL,NULL,NULL,NULL,NULL,NULL,NULL,NULL,NULL,NULL,NULL,NULL,0,0.00,NULL,0,1,NULL,NULL,2023-02-23 13:06:28.000,2023-02-23 13:23:36.000
DACEF43F-2D63-4733-9367-B1B1E2DFD2D0,800058DF-1723653763,jamison equipment,jamison equipment,NULL,NULL,NULL,NULL,NULL,jamison equipment,NULL,NULL,NULL,NULL,NULL,NULL,NULL,NULL,NULL,NULL,NULL,NULL,NULL,NULL,NULL,NULL,NULL,NULL,NULL,NULL,NULL,NULL,NULL,NULL,NULL,NULL,NULL,NULL,NULL,NULL,0,0.00,NULL,0,1,NULL,NULL,2024-08-14 09:42:43.000,2024-08-14 09:52:10.000
38E2D7DD-BE6B-429C-B1DF-B237669D413B,80000602-1677194285,Go Daddy,Go Daddy,NULL,NULL,NULL,NULL,NULL,Go Daddy,NULL,NULL,NULL,NULL,NULL,NULL,NULL,NULL,NULL,NULL,NULL,NULL,NULL,NULL,NULL,NULL,NULL,NULL,NULL,NULL,NULL,NULL,NULL,Go Daddy,NULL,NULL,NULL,A5DDE231-3987-4FF7-A2B7-068A55D1B562,NULL,NULL,0,0.00,NULL,0,1,NULL,NULL,2023-02-23 16:18:05.000,2025-04-14 10:24:49.000
29D6532D-3DEF-45B9-A870-B25ECDE52F67,800001AF-1677184043,Jeff Moskovitz,Jeff Moskovitz,NULL,NULL,NULL,NULL,NULL,Jeff Moskovitz,NULL,NULL,NULL,NULL,NULL,NULL,NULL,NULL,NULL,NULL,NULL,NULL,NULL,NULL,NULL,NULL,NULL,NULL,NULL,NULL,mosk@well.com,NULL,NULL,NULL,NULL,NULL,NULL,AFD6687D-2F92-4A46-A75E-2FA5398BB833,NULL,NULL,0,0.00,NULL,0,0,NULL,NULL,2023-02-23 13:27:23.000,2023-02-23 13:27:23.000
9325A9B3-F7A6-49EB-919E-B2632F026173,800002B4-1677184197,SNP Performance,SNP Performance,NULL,Gabe,NULL,Salizar,NULL,Gabe Salizar,NULL,NULL,NULL,NULL,NULL,NULL,NULL,NULL,NULL,NULL,NULL,NULL,NULL,NULL,NULL,928-854-1320,NULL,NULL,NULL,NULL,NULL,NULL,NULL,NULL,NULL,NULL,NULL,NULL,NULL,NULL,0,0.00,NULL,0,0,NULL,NULL,2023-02-23 13:29:57.000,2023-03-03 14:15:56.000
C3BF5B4C-FBD9-4648-8846-B29A01171EEA,80002A10-1681940919,Go Pro,Go Pro,NULL,NULL,NULL,NULL,NULL,Go Pro,NULL,NULL,NULL,NULL,NULL,NULL,NULL,NULL,NULL,NULL,NULL,NULL,NULL,NULL,NULL,NULL,NULL,NULL,NULL,NULL,NULL,NULL,NULL,NULL,NULL,NULL,NULL,NULL,NULL,NULL,0,0.00,NULL,0,1,NULL,NULL,2023-04-19 14:48:39.000,2024-06-06 09:48:48.000
C5F90EC0-A6CC-484A-B3BE-B2A0E6112E6B,800000BF-1677182900,Chase Bank,Chase Bank,NULL,NULL,NULL,NULL,NULL,Chase Bank,1895 McCulloch Blvd.,NULL,NULL,Lake Havasu City,AZ,86403,NULL,NULL,NULL,NULL,NULL,NULL,NULL,NULL,NULL,928-855-3031,NULL,NULL,NULL,NULL,NULL,NULL,NULL,NULL,NULL,NULL,NULL,NULL,NULL,NULL,0,8367.07,NULL,0,1,NULL,NULL,2023-02-23 13:08:20.000,2025-02-06 08:30:22.000
6A9E6157-11A1-4FC6-A9DE-B2A37D856E91,8000570D-1722866371,Creston Industrial Sales,Creston Industrial Sales,NULL,NULL,NULL,NULL,NULL,Creston Industrial Sales,1150 Front Street NW,NULL,NULL,Grand Rapids,MI,49504,NULL,NULL,NULL,NULL,NULL,NULL,NULL,NULL,NULL,616-454-1222,NULL,NULL,NULL,NULL,info@crestonindustrial.com,NULL,NULL,Creston Industrial Sales,NULL,NULL,NULL,NULL,NULL,NULL,0,0.00,NULL,0,1,NULL,NULL,2024-08-05 06:59:31.000,2025-01-14 10:49:14.000
D39854D3-A72E-4B41-9869-B2B50B1F55F3,8000608A-1728492028,brueggers,brueggers,NULL,NULL,NULL,NULL,NULL,brueggers,NULL,NULL,NULL,NULL,NULL,NULL,NULL,NULL,NULL,NULL,NULL,NULL,NULL,NULL,NULL,NULL,NULL,NULL,NULL,NULL,NULL,NULL,NULL,NULL,NULL,NULL,NULL,NULL,NULL,NULL,0,0.00,NULL,0,1,NULL,NULL,2024-10-09 09:40:28.000,2024-10-09 09:40:57.000
F2FDD7B0-3AA0-46EA-9FD8-B346095860E2,8000028E-1677184167,"RMC Engine Rebuilding Equipment, Inc.","RMC Engine Rebuilding Equipment, Inc.",NULL,NULL,NULL,NULL,NULL,"RMC Engine Rebuilding Equipment, Inc.",5775 Bridgeview Center,NULL,NULL,Saginaw,MI,48604,NULL,NULL,NULL,NULL,NULL,NULL,NULL,NULL,NULL,800-248-5062,NULL,NULL,NULL,NULL,NULL,NULL,NULL,RMC,NULL,NULL,NULL,A5DDE231-3987-4FF7-A2B7-068A55D1B562,NULL,NULL,0,0.00,NULL,0,1,NULL,NULL,2023-02-23 13:29:27.000,2025-02-13 11:00:34.000
08CF4BBB-60C7-4FFB-9766-B36A62058572,8000001C-1677182799,AARO Enterprises,AARO Enterprises,NULL,NULL,NULL,NULL,NULL,AARO Enterprises,PO Box 688,NULL,NULL,Lake Havasu City,AZ,86405,NULL,NULL,NULL,NULL,NULL,NULL,NULL,NULL,NULL,928-208-5845,NULL,NULL,NULL,NULL,NULL,NULL,NULL,AARO Enterprises,NULL,NULL,NULL,3EF97799-B4C4-4EF2-BF80-BD8A8C1A43AF,NULL,NULL,0,0.00,NULL,0,0,NULL,NULL,2023-02-23 13:06:39.000,2023-02-23 13:23:46.000
8D06AA0F-E18E-4A8D-854A-B36FA641F317,80000242-1677184125,Partsouq.com,Partsouq.com,NULL,NULL,NULL,NULL,NULL,PS AUTO GOODS WHOLESALERS L.L.C,"United Arab Emirates, Dubai","Ras Al Khor Ind 2, street 7, unit 7, offi",NULL,P.O.BOX:,NULL,294116,NULL,NULL,NULL,NULL,NULL,NULL,NULL,NULL,NULL,+97143339111,NULL,NULL,NULL,NULL,NULL,NULL,NULL,Partsouq.com,NULL,NULL,NULL,A5DDE231-3987-4FF7-A2B7-068A55D1B562,NULL,NULL,0,-69.84,NULL,0,1,NULL,NULL,2023-02-23 13:28:45.000,2025-02-13 09:02:02.000
95C9C2DE-E3DA-41A6-BA55-B3D44E0BF81F,80000152-1677182989,flce,flce,NULL,NULL,NULL,NULL,NULL,flce,NULL,NULL,NULL,NULL,NULL,NULL,NULL,NULL,NULL,NULL,NULL,NULL,NULL,NULL,NULL,NULL,NULL,NULL,NULL,NULL,NULL,NULL,NULL,NULL,NULL,NULL,NULL,NULL,NULL,NULL,0,0.00,NULL,0,1,NULL,NULL,2023-02-23 13:09:49.000,2023-02-23 13:26:31.000
34D42E80-B0D8-4E09-AD92-B3DD80D1807D,80002DE6-1701358614,Fairchild Industries,Fairchild Industries,NULL,Mike,NULL,Brzuszkiewicz,NULL,Fairchild Industries,475 Capital Drive,NULL,NULL,Lake Zurich,IL,60047,NULL,NULL,NULL,NULL,NULL,NULL,NULL,NULL,NULL,847-550-9580 EXT 120,NULL,NULL,NULL,NULL,kheinlein@fairchildind.com,NULL,NULL,Fairchild Industries,NULL,NULL,NULL,162BFAF4-5263-465D-8B19-90688B4184CF,NULL,NULL,0,324.16,NULL,0,1,NULL,NULL,2023-11-30 08:36:54.000,2025-04-17 10:11:35.000
DFCA9239-D9FC-4AD7-B590-B3DF776EB73F,80005187-1718896372,xfinity Mobile,xfinity Mobile,NULL,NULL,NULL,NULL,NULL,xfinity Mobile,NULL,NULL,NULL,NULL,NULL,NULL,NULL,NULL,NULL,NULL,NULL,NULL,NULL,NULL,NULL,NULL,NULL,NULL,NULL,NULL,NULL,NULL,NULL,NULL,NULL,NULL,NULL,NULL,NULL,NULL,0,0.00,NULL,0,1,NULL,NULL,2024-06-20 08:12:52.000,2024-09-04 09:30:02.000
B9D17A5D-172D-4B06-AE3C-B40D36E41342,8000022A-1677184113,Offenhauser Sales Corp.,Offenhauser Sales Corp.,NULL,NULL,NULL,NULL,NULL,Offenhauser Equipment,5300 alhambra Ave,NULL,NULL,Los Angeles,CA,90032,NULL,NULL,NULL,NULL,NULL,NULL,NULL,NULL,NULL,(323) 225-1307,NULL,NULL,NULL,(323) 225-2789,offenhauserequipment@gmail.com,NULL,NULL,NULL,NULL,NULL,NULL,162BFAF4-5263-465D-8B19-90688B4184CF,NULL,NULL,0,-2317.50,NULL,0,1,NULL,NULL,2023-02-23 13:28:33.000,2025-04-08 09:55:52.000
78D24FD7-31AE-477D-A480-B40F30EFA945,80000261-1677184140,Pickwick Paper,Pickwick Paper,NULL,Greg,NULL,Stevens,NULL,Pickwick Paper,1791 Placentia Ave,NULL,NULL,Costa Mesa,CA,92627,NULL,NULL,NULL,NULL,NULL,NULL,NULL,NULL,NULL,949-548-5591,NULL,NULL,NULL,949-548-7812,GStevens@pickwickpaper.com,NULL,NULL,Pickwick Paper,NULL,NULL,NULL,NULL,NULL,NULL,0,0.00,NULL,0,1,NULL,NULL,2023-02-23 13:29:00.000,2023-02-23 13:29:00.000
BDFC7FFC-2A84-45A2-BAF1-B49245671BE1,800006B9-1677194370,"Western States Petroleum, Inc.","Western States Petroleum, Inc.",NULL,NULL,NULL,NULL,NULL,"Western States Petroleum, Inc.",450 South 15th Avenue,NULL,NULL,Phoenix,AZ,85007,NULL,NULL,NULL,NULL,NULL,NULL,NULL,NULL,NULL,602-568-4382 (chris),NULL,NULL,NULL,NULL,NULL,NULL,NULL,NULL,NULL,NULL,NULL,A5DDE231-3987-4FF7-A2B7-068A55D1B562,NULL,NULL,0,0.00,NULL,0,1,NULL,NULL,2023-02-23 16:19:30.000,2023-02-23 16:19:30.000
E585F436-3D52-4CBE-9439-B4B6821FC242,80006859-1733238345,Brandability,Brandability,NULL,Jason,NULL,Lipetska,NULL,Brandability,Jason Lipetska,10501 Indiana Ave,NULL,Lubbock,TX,79423,NULL,Brandability,Jason Lipetska,10501 Indiana Ave,NULL,Lubbock,TX,79423,NULL,806-792-9925,NULL,NULL,NULL,NULL,info@brandability.com,NULL,NULL,Brandability,NULL,NULL,NULL,A5DDE231-3987-4FF7-A2B7-068A55D1B562,NULL,NULL,0,-795.68,NULL,0,1,NULL,NULL,2024-12-03 08:05:45.000,2025-01-08 10:37:07.000
7B7180D4-60E6-4BCC-90BD-B50F29E78DD5,80002A56-1694020396,Equitable,Equitable,NULL,NULL,NULL,NULL,NULL,Equitable,NULL,NULL,NULL,NULL,NULL,NULL,NULL,NULL,NULL,NULL,NULL,NULL,NULL,NULL,NULL,NULL,NULL,NULL,NULL,NULL,NULL,NULL,NULL,NULL,NULL,NULL,NULL,AFD6687D-2F92-4A46-A75E-2FA5398BB833,NULL,NULL,0,0.00,NULL,0,1,NULL,NULL,2023-09-06 10:13:16.000,2025-04-08 11:03:16.000
B3154721-D432-49AA-95CC-B51E58390C39,80000278-1677184153,R.G. Farkass,R.G. Farkass,NULL,NULL,NULL,NULL,NULL,R.G. Farkass,215 East Putnam Ave Suite 4A,NULL,NULL,Stamford,CT,06807,NULL,NULL,NULL,NULL,NULL,NULL,NULL,NULL,NULL,203-961-8400,NULL,NULL,NULL,203-961-9500,tony.wells@rgfarkass.com,NULL,NULL,R.G. Farkass,NULL,NULL,NULL,AFD6687D-2F92-4A46-A75E-2FA5398BB833,NULL,NULL,0,0.00,NULL,0,1,NULL,NULL,2023-02-23 13:29:13.000,2023-10-31 15:56:38.000
4A68166C-93A4-4029-A314-B5274A25B394,80000189-1677183027,Havasu Toy Transport,Havasu Toy Transport,NULL,Duane,NULL,Moffit,NULL,Havasu Toy Transport,154 Chippewa Lane,NULL,NULL,Lake Havasu City,AZ,86404,NULL,NULL,NULL,NULL,NULL,NULL,NULL,NULL,NULL,928-230-3863,NULL,NULL,NULL,NULL,NULL,NULL,NULL,Havasu Toy Transport,NULL,NULL,9D3F504A-E6A4-41FF-9817-08B5B500B2AB,3EF97799-B4C4-4EF2-BF80-BD8A8C1A43AF,NULL,NULL,0,0.00,NULL,0,1,NULL,NULL,2023-02-23 13:10:27.000,2023-02-23 13:27:00.000
BAEB19BF-4D20-4404-9ED5-B5535653FD9D,800002B1-1677184195,Small Business,Small Business,NULL,NULL,NULL,NULL,NULL,Small Business,NULL,NULL,NULL,NULL,NULL,NULL,NULL,NULL,NULL,NULL,NULL,NULL,NULL,NULL,NULL,NULL,NULL,NULL,NULL,NULL,NULL,NULL,NULL,NULL,NULL,NULL,NULL,NULL,NULL,NULL,0,0.00,NULL,0,1,NULL,NULL,2023-02-23 13:29:55.000,2023-02-23 13:29:55.000
E9F93F4B-63AD-4ED0-B739-B5D62E314B9C,80000094-1677182874,BorgWarner Turbo Systems,BorgWarner Turbo Systems,NULL,NULL,NULL,NULL,NULL,BorgWarner Turbo Systems,1851 Plymouth Avenue,NULL,NULL,Tulare,CA,93274,NULL,NULL,NULL,NULL,NULL,NULL,NULL,NULL,NULL,(559) 688-5015,NULL,NULL,NULL,(425) 928-4764,NULL,NULL,NULL,NULL,NULL,NULL,NULL,NULL,NULL,NULL,0,0.00,NULL,0,1,NULL,NULL,2023-02-23 13:07:54.000,2023-02-23 13:24:53.000
700C2EEC-5D52-480D-835A-B6039E8CA7B8,8000030B-1677184249,Union Bank,Union Bank,NULL,NULL,NULL,NULL,NULL,Union Bank,NULL,NULL,NULL,NULL,NULL,NULL,NULL,NULL,NULL,NULL,NULL,NULL,NULL,NULL,NULL,NULL,NULL,NULL,NULL,NULL,NULL,NULL,NULL,NULL,NULL,NULL,NULL,NULL,NULL,NULL,0,0.00,NULL,0,1,NULL,NULL,2023-02-23 13:30:49.000,2023-02-23 13:30:49.000
B7014D04-E11E-4C09-AFE0-B68BB94AD4F2,800033E3-1704211597,Leon Gurevich,Leon Gurevich,NULL,NULL,NULL,NULL,NULL,Spiker Engineering,Leon Gurevich,3165 SW Underwood DR,NULL,Portland,OR,97225,NULL,NULL,NULL,NULL,NULL,NULL,NULL,NULL,NULL,NULL,NULL,NULL,NULL,NULL,NULL,NULL,NULL,NULL,NULL,NULL,NULL,NULL,NULL,NULL,0,0.00,NULL,0,1,NULL,NULL,2024-01-02 09:06:37.000,2025-03-03 08:01:51.000
226A4EE0-FA4C-4335-925D-B6993CE5E1CB,80000695-1677194353,X-Sway,X-Sway,NULL,NULL,NULL,NULL,NULL,X-Sway,8031 Remmet Ave,NULL,NULL,Canoga,CA,91304,NULL,X-Sway,8031 Remmet Ave,NULL,NULL,Canoga,CA,91304,NULL,818-700-9712,NULL,NULL,NULL,NULL,iliana@x-sway.com,NULL,NULL,Sway-A-Way Inc.,NULL,NULL,NULL,A5DDE231-3987-4FF7-A2B7-068A55D1B562,NULL,NULL,0,529.40,NULL,0,1,NULL,NULL,2023-02-23 16:19:13.000,2025-04-16 11:58:50.000
C4BF5DF9-DD3D-4E8E-8722-B75BA8007E84,800001E8-1677184075,Louie's Metal Finishing,Louie's Metal Finishing,NULL,NULL,NULL,NULL,NULL,Louie's Metal Finishing,NULL,NULL,NULL,NULL,NULL,NULL,NULL,NULL,NULL,NULL,NULL,NULL,NULL,NULL,NULL,NULL,NULL,NULL,NULL,NULL,lmf.louieh@gmail.com,NULL,NULL,NULL,NULL,NULL,NULL,AFD6687D-2F92-4A46-A75E-2FA5398BB833,NULL,NULL,0,150.00,NULL,0,1,NULL,NULL,2023-02-23 13:27:55.000,2025-02-12 12:18:37.000
40761CB4-2789-43D2-8ED6-B768415AEE14,80000153-1677182989,Flex Technologies Inc.,Flex Technologies Inc.,NULL,NULL,NULL,NULL,NULL,Flex Technologies Inc.,NULL,NULL,NULL,Gardena,CA,90248,NULL,NULL,NULL,NULL,NULL,NULL,NULL,NULL,NULL,310-323-1801,NULL,NULL,NULL,310-323-1804,sales@siliconehose.com,NULL,NULL,Flex Technologies Inc.,NULL,NULL,NULL,NULL,NULL,NULL,0,0.00,NULL,0,1,NULL,NULL,2023-02-23 13:09:49.000,2023-02-23 13:26:32.000
82FE7ED7-3F4E-477E-AFCF-B7B4EA36F327,80000041-1677182821,Allied Manufacturing,Allied Manufacturing,NULL,NULL,NULL,NULL,NULL,Allied Exhaust Systems,PO Box 2004,NULL,NULL,Benicia,CA,94510-0818,NULL,NULL,NULL,NULL,NULL,NULL,NULL,NULL,NULL,(888) 898-1321,NULL,NULL,480-898-1321,(480) 835-0143,Edward.Cheong@team-allied.com; Todd.Sechrest@team-allied.com,NULL,NULL,Allied Exhaust Systems,NULL,NULL,NULL,9024EC9C-797C-4FCA-922D-D354E958D203,NULL,NULL,0,4388.21,NULL,0,1,NULL,NULL,2023-02-23 13:07:01.000,2025-04-16 11:58:43.000
1698F731-4ADC-4673-8F96-B800BC8979F8,80002A42-1689712558,Alpha Capital Accounting Team,Alpha Capital Accounting Team,NULL,NULL,NULL,NULL,NULL,Alpha Capital Accounting Team,7400 E. Orchard Rd. Ste. 4055N,NULL,NULL,Greenwood Village,CO,80111,NULL,NULL,NULL,NULL,NULL,NULL,NULL,NULL,NULL,303-900-1940,NULL,NULL,NULL,NULL,mark.ell@alphacmg.com,NULL,NULL,Alpha Capital Accounting Team,NULL,NULL,NULL,AFD6687D-2F92-4A46-A75E-2FA5398BB833,NULL,NULL,0,0.00,NULL,0,1,NULL,NULL,2023-07-18 13:35:58.000,2025-01-07 10:40:20.000
FF9EEF0C-384E-43EE-86C5-B84313350F2A,800006A1-1677194358,Toolmex,Toolmex,NULL,NULL,NULL,NULL,NULL,Toolmex,NULL,NULL,NULL,NULL,NULL,NULL,NULL,NULL,NULL,NULL,NULL,NULL,NULL,NULL,NULL,1-800-992-4766,NULL,NULL,NULL,NULL,support@toolmex.com,NULL,NULL,Toolmex,NULL,NULL,NULL,A5DDE231-3987-4FF7-A2B7-068A55D1B562,NULL,NULL,0,0.00,NULL,0,1,NULL,NULL,2023-02-23 16:19:18.000,2023-02-23 16:19:18.000
8EA28F39-22DC-4E02-A727-B84B3950F086,800005B0-1677194248,Atkins Rotary Specialties,Atkins Rotary Specialties,NULL,Josh,NULL,NULL,NULL,Atkins Rotary Specialties,"16715 Meridian East, Bldg. #K-A",NULL,NULL,Puyallup,WA,98375,NULL,NULL,NULL,NULL,NULL,NULL,NULL,NULL,NULL,(253) 848-7776,NULL,NULL,NULL,(253) 848-3284,info@atkinsrotary.com,NULL,NULL,NULL,NULL,NULL,NULL,A5DDE231-3987-4FF7-A2B7-068A55D1B562,NULL,NULL,0,0.00,NULL,0,1,NULL,NULL,2023-02-23 16:17:28.000,2024-04-04 10:54:10.000
8304F5ED-3333-4431-ADED-B87765A6BA0C,800002CE-1677184214,Starmark Insurance,Starmark Insurance,NULL,NULL,NULL,NULL,NULL,Starmark Insurance,"75 Remittance Drive, Suite #3087",NULL,NULL,Chicago,IL,60675-3087,NULL,NULL,NULL,NULL,NULL,NULL,NULL,NULL,NULL,(928) 855-9421,NULL,NULL,NULL,928-855-9423,NULL,NULL,NULL,NULL,NULL,NULL,NULL,NULL,NULL,NULL,0,0.00,NULL,0,1,NULL,NULL,2023-02-23 13:30:14.000,2023-02-23 13:30:14.000
B137EA11-8417-4A0D-9CDC-B893F20D61EB,80000237-1677184119,Papa John's,Papa John's,NULL,NULL,NULL,NULL,NULL,Papa John's,NULL,NULL,NULL,NULL,NULL,NULL,NULL,NULL,NULL,NULL,NULL,NULL,NULL,NULL,NULL,NULL,NULL,NULL,NULL,NULL,NULL,NULL,NULL,NULL,NULL,NULL,NULL,NULL,NULL,NULL,0,0.00,NULL,0,1,NULL,NULL,2023-02-23 13:28:39.000,2023-02-23 13:28:39.000
4798C068-88C4-42EE-98E4-B8FFE111928C,80000037-1677182814,Air Chair,Air Chair,NULL,Bob,NULL,Wooley,NULL,Air Chair,2175 N Kiowa Blvd # 101,NULL,NULL,Lake Havasu City,AZ,86403,NULL,NULL,NULL,NULL,NULL,NULL,NULL,NULL,NULL,928-505-2226,NULL,NULL,NULL,NULL,jangwooley@yahoo.com,NULL,NULL,Air Chair,NULL,NULL,NULL,NULL,NULL,NULL,0,0.00,NULL,0,1,NULL,NULL,2023-02-23 13:06:54.000,2023-02-23 13:23:59.000
5CE18026-B617-4061-A550-B95DE17344EE,800001AE-1677184042,Jeff's Metal Polish & Blasting,Jeff's Metal Polish & Blasting,NULL,NULL,NULL,NULL,NULL,Jeff's Metal Polish & Blasting,1600 W. Acoma #28B,NULL,NULL,Lake Havasu City,AZ,86403,NULL,NULL,NULL,NULL,NULL,NULL,NULL,NULL,NULL,(928) 855-2414,NULL,NULL,NULL,NULL,NULL,NULL,NULL,NULL,NULL,NULL,NULL,3EF97799-B4C4-4EF2-BF80-BD8A8C1A43AF,NULL,NULL,0,-193.50,NULL,0,1,NULL,NULL,2023-02-23 13:27:22.000,2025-03-18 08:42:04.000
54B092D0-5194-4A7D-A623-B963977FF5EC,800002BA-1677184200,Source Interlink Enthusiast Media,Source Interlink Enthusiast Media,NULL,NULL,NULL,NULL,NULL,Source Interlink Enthusiast Media,P.O. Box 933852,NULL,NULL,Atlanta,GA,31193-3852,NULL,NULL,NULL,NULL,NULL,NULL,NULL,NULL,NULL,(800) 231-4053,NULL,NULL,NULL,NULL,NULL,NULL,NULL,NULL,NULL,NULL,NULL,NULL,NULL,NULL,0,0.00,NULL,0,1,NULL,NULL,2023-02-23 13:30:00.000,2023-02-23 13:30:00.000
CAFDFD71-23F1-4ABE-A146-B9874D14689A,8000510E-1718646888,Shawn Shepherd,Shawn Shepherd,NULL,NULL,NULL,NULL,NULL,Shawn Shepherd,NULL,NULL,NULL,NULL,NULL,NULL,NULL,NULL,NULL,NULL,NULL,NULL,NULL,NULL,NULL,NULL,NULL,NULL,NULL,NULL,NULL,NULL,NULL,NULL,NULL,NULL,NULL,NULL,NULL,NULL,0,0.00,NULL,0,1,NULL,NULL,2024-06-17 10:54:48.000,2024-07-18 09:02:36.000
9C261B0A-6149-45CA-8794-B9B3ECF0F773,8000002B-1677182808,Advanced Injection Technologies,Advanced Injection Technologies,NULL,NULL,NULL,NULL,NULL,Advanced Injection Technologies,"453 Indistrial Drive, Unit #B",NULL,NULL,Fort Collins,CO,80524,NULL,NULL,NULL,NULL,NULL,NULL,NULL,NULL,NULL,970-472-2681,NULL,NULL,NULL,NULL,NULL,NULL,NULL,NULL,NULL,NULL,NULL,NULL,NULL,NULL,0,0.00,NULL,0,1,NULL,NULL,2023-02-23 13:06:48.000,2023-02-23 13:23:54.000
84C7F6F2-BA81-4EA8-8B54-B9F87283BD0A,800029FA-1680300280,.Nathanael Shaffer,.Nathanael Shaffer,NULL,NULL,NULL,NULL,NULL,Nathanael Shaffer,PO Box 131,NULL,NULL,Enterprise,OR,97828,NULL,NULL,NULL,NULL,NULL,NULL,NULL,NULL,NULL,405-252-0865,NULL,NULL,NULL,NULL,NULL,NULL,NULL,Nathanael Shaffer,NULL,NULL,NULL,NULL,NULL,NULL,0,0.00,NULL,0,1,NULL,NULL,2023-03-31 15:04:40.000,2023-03-31 15:14:50.000
9E1198F9-2D8D-44BF-91A8-BA0149C632C0,800002EC-1677184231,Timesaver Industrial,Timesaver Industrial,NULL,NULL,NULL,NULL,NULL,Timesaver Industrial,3101 West Thomas Road Suite #102,NULL,NULL,Phoenix,AZ,85017-5393,NULL,NULL,NULL,NULL,NULL,NULL,NULL,NULL,NULL,602-269-5821,NULL,NULL,NULL,NULL,NULL,NULL,NULL,Timesaver Industrial,NULL,NULL,NULL,NULL,NULL,NULL,0,0.00,NULL,0,1,NULL,NULL,2023-02-23 13:30:31.000,2023-02-23 13:30:31.000
A90F7DDE-64A2-40AA-98B6-BA18F1622CC1,80000255-1677184134,Petty Cash - David Kegley,Petty Cash - David Kegley,NULL,NULL,NULL,NULL,NULL,Petty Cash - David Kegley,NULL,NULL,NULL,Lake Havasu City,AZ,86403,NULL,NULL,NULL,NULL,NULL,NULL,NULL,NULL,NULL,N/A,NULL,NULL,NULL,NULL,NULL,NULL,NULL,NULL,NULL,NULL,NULL,AFD6687D-2F92-4A46-A75E-2FA5398BB833,NULL,NULL,0,0.00,NULL,0,1,NULL,NULL,2023-02-23 13:28:54.000,2023-02-23 13:28:54.000
68232561-29E9-4D70-B66D-BA93FC86E2A5,80000606-1677194287,Gramerly,Gramerly,NULL,NULL,NULL,NULL,NULL,Gramerly,NULL,NULL,NULL,NULL,NULL,NULL,NULL,NULL,NULL,NULL,NULL,NULL,NULL,NULL,NULL,NULL,NULL,NULL,NULL,NULL,NULL,NULL,NULL,NULL,NULL,NULL,NULL,A5DDE231-3987-4FF7-A2B7-068A55D1B562,NULL,NULL,0,0.00,NULL,0,1,NULL,NULL,2023-02-23 16:18:07.000,2023-02-23 16:18:07.000
57B964A0-6C6C-40B3-A5E8-BAEAB2C0805A,800005FF-1677194283,Gato Performance,Gato Performance,NULL,Gato,NULL,Performance,NULL,Gato Performance,1112 Quotation Ct. Unit A,NULL,NULL,St. Cloud,FL,34772,NULL,NULL,NULL,NULL,NULL,NULL,NULL,NULL,NULL,407-943-7300,NULL,NULL,NULL,NULL,gatoperformanceracing@yahoo.com,NULL,NULL,NULL,NULL,NULL,NULL,F9951A1C-DEA6-43D9-8D46-A9C4985EF3B2,NULL,NULL,0,0.00,NULL,0,1,NULL,NULL,2023-02-23 16:18:03.000,2023-02-23 16:18:03.000
D17AF183-04B1-43FE-9C6C-BAEC539E7CD9,8000020D-1677184097,Miscellaneous Vendor,Miscellaneous Vendor,NULL,NULL,NULL,NULL,NULL,Miscellaneous Vendor,NULL,NULL,NULL,NULL,NULL,NULL,NULL,NULL,NULL,NULL,NULL,NULL,NULL,NULL,NULL,N/A,NULL,NULL,NULL,NULL,NULL,NULL,NULL,NULL,NULL,NULL,NULL,AFD6687D-2F92-4A46-A75E-2FA5398BB833,NULL,NULL,0,0.00,NULL,0,1,NULL,NULL,2023-02-23 13:28:17.000,2023-02-23 13:28:17.000
A1CC04D9-1192-46CC-B361-BB7060BF7C45,80000229-1677184113,OEMarnal Inc.,OEMarnal Inc.,NULL,Francisco,NULL,NULL,NULL,OEMARNAL INC.,1173 NORTH KRAEMER PLACE,NULL,NULL,ANAHEIM,CA,92806,NULL,NULL,NULL,NULL,NULL,NULL,NULL,NULL,NULL,(800) 522-2061,NULL,NULL,NULL,714-630-2361,fdangelo@marnal.com,NULL,NULL,OEMARNAL INC.,NULL,NULL,NULL,162BFAF4-5263-465D-8B19-90688B4184CF,NULL,NULL,0,0.00,NULL,0,1,NULL,NULL,2023-02-23 13:28:33.000,2023-02-23 13:28:33.000
DE909A20-D0BA-4EA5-96BF-BB726E314A2D,80000660-1677194329,PLX Devices Inc.,PLX Devices Inc.,NULL,NULL,NULL,NULL,NULL,PLX Devices Inc.,2526 Qume Dr Ste #23,NULL,NULL,San Jose,CA,95131,NULL,NULL,NULL,NULL,NULL,NULL,NULL,NULL,NULL,408-745-7591,NULL,NULL,NULL,(408) 745-7502,NULL,NULL,NULL,NULL,NULL,NULL,NULL,A5DDE231-3987-4FF7-A2B7-068A55D1B562,NULL,NULL,0,0.00,NULL,0,1,NULL,NULL,2023-02-23 16:18:49.000,2025-04-15 11:16:58.000
B15D695C-7ED3-48A9-B837-BBDE95141D62,800002FA-1677184241,Trinity Racing,Trinity Racing,NULL,NULL,NULL,NULL,NULL,Trinity Racing,5221 Oceanus Dr,NULL,NULL,Huntington Beach,CA,92649,NULL,NULL,NULL,NULL,NULL,NULL,NULL,NULL,NULL,714-988-0339,NULL,NULL,NULL,714-901-0520,josh@trinityracing.com,NULL,NULL,Trinity Racing,NULL,NULL,NULL,NULL,NULL,NULL,0,0.00,NULL,0,1,NULL,NULL,2023-02-23 13:30:41.000,2023-02-23 13:30:41.000
23AE7D68-9529-41C7-9079-BC1816C384B8,800002CD-1677184214,Star Metal Fluids,Star Metal Fluids,NULL,NULL,NULL,NULL,NULL,Star Metal Fluids,PO Box 11330,NULL,NULL,Glendale,AZ,85318,NULL,NULL,NULL,NULL,NULL,NULL,NULL,NULL,NULL,(800) 367-9966,NULL,NULL,NULL,602-256-2231,NULL,NULL,NULL,NULL,NULL,NULL,NULL,162BFAF4-5263-465D-8B19-90688B4184CF,NULL,NULL,0,0.00,NULL,0,1,NULL,NULL,2023-02-23 13:30:14.000,2024-12-24 08:48:50.000
54363E59-B23A-4B7D-B104-BC88A3663923,80007688-1741887284,AZ Boards and Games,AZ Boards and Games,NULL,NULL,NULL,NULL,NULL,AZ Boards and Games,NULL,NULL,NULL,NULL,NULL,NULL,NULL,NULL,NULL,NULL,NULL,NULL,NULL,NULL,NULL,NULL,NULL,NULL,NULL,NULL,NULL,NULL,NULL,NULL,NULL,NULL,NULL,A5DDE231-3987-4FF7-A2B7-068A55D1B562,NULL,NULL,0,0.00,NULL,0,1,NULL,NULL,2025-03-13 10:34:44.000,2025-03-14 09:09:35.000
149C4149-C514-47FB-8E35-BC9C814017E9,80000196-1677183040,Impact Design Studio,Impact Design Studio,NULL,NULL,NULL,NULL,NULL,Impact Design Studio,180 Lake Havasu Ave,NULL,NULL,Lake Havasu City,AZ,86403,NULL,NULL,NULL,NULL,NULL,NULL,NULL,NULL,NULL,928-486-5582,NULL,NULL,NULL,NULL,hello@designbyimpact.com,NULL,NULL,NULL,NULL,NULL,NULL,NULL,NULL,NULL,0,0.00,NULL,0,1,NULL,NULL,2023-02-23 13:10:40.000,2023-02-23 13:27:10.000
B6453629-6745-4BA9-97CC-BCABD861E7CD,80000195-1677183039,idrive,idrive,NULL,NULL,NULL,NULL,NULL,idrive,NULL,NULL,NULL,NULL,NULL,NULL,NULL,NULL,NULL,NULL,NULL,NULL,NULL,NULL,NULL,NULL,NULL,NULL,NULL,NULL,NULL,NULL,NULL,NULL,NULL,NULL,NULL,AFD6687D-2F92-4A46-A75E-2FA5398BB833,NULL,NULL,0,0.00,NULL,0,1,NULL,NULL,2023-02-23 13:10:39.000,2023-02-23 13:27:10.000
9AB3496F-0BD8-4415-80C2-BCD158D3C616,80004F10-1717430998,Michael Sommerstedt,Michael Sommerstedt,NULL,NULL,NULL,NULL,NULL,Michael Sommerstedt,NULL,NULL,NULL,NULL,NULL,NULL,NULL,NULL,NULL,NULL,NULL,NULL,NULL,NULL,NULL,NULL,NULL,NULL,NULL,NULL,NULL,NULL,NULL,NULL,NULL,NULL,NULL,AFD6687D-2F92-4A46-A75E-2FA5398BB833,NULL,NULL,0,0.00,NULL,0,1,NULL,NULL,2024-06-03 09:09:58.000,2024-08-26 07:52:13.000
20859836-36E1-4FAB-B589-BCE88FE4A2F6,80002A1C-1682703116,.Devin Riker,.Devin Riker,NULL,NULL,NULL,NULL,NULL,Devin Riker,24 Saltaire,NULL,NULL,Laguna Niguel,CA,92677,NULL,NULL,NULL,NULL,NULL,NULL,NULL,NULL,NULL,949-249-8656,NULL,NULL,NULL,NULL,NULL,NULL,NULL,Devin Riker,NULL,NULL,NULL,NULL,NULL,NULL,0,0.00,NULL,0,1,NULL,NULL,2023-04-28 10:31:56.000,2023-04-28 10:34:50.000
B44F749D-0619-4344-A081-BCFFFB1226E7,800002B5-1677184198,SNP Speed Innovations,SNP Speed Innovations,NULL,Gabe,NULL,Salizar,NULL,SNP Speed Innovations,781 N Lake Havasu Ave STE112,NULL,NULL,Lake Havasu City,AZ,86403,NULL,NULL,NULL,NULL,NULL,NULL,NULL,NULL,NULL,928-854-1320,NULL,NULL,NULL,NULL,streetnologe@yahoo.com,NULL,NULL,SNP,NULL,NULL,NULL,AFD6687D-2F92-4A46-A75E-2FA5398BB833,NULL,45-4058530,1,-264.00,NULL,0,1,NULL,NULL,2023-02-23 13:29:58.000,2025-04-17 09:46:19.000
3072C30D-3691-4DD6-9EB1-BD2BFF1E3BDA,8000062E-1677194305,Kartek,Kartek,NULL,NULL,NULL,NULL,NULL,Kartek,2871 Ragle Way,NULL,NULL,Corona,CA,92879,NULL,NULL,NULL,NULL,NULL,NULL,NULL,NULL,NULL,(951) 737-2999,NULL,NULL,NULL,951 737 1877,offroad@kartek.com Do Not Use,NULL,NULL,NULL,NULL,NULL,NULL,A5DDE231-3987-4FF7-A2B7-068A55D1B562,NULL,NULL,0,0.00,NULL,0,1,NULL,NULL,2023-02-23 16:18:25.000,2023-02-23 16:18:25.000
481B3A8A-E775-455D-BA1D-BD30AAD101DD,800001AD-1677184041,JD Machine,JD Machine,NULL,NULL,NULL,NULL,NULL,JD Machine,1070 Aviation Drive,NULL,NULL,Lake Havasu City,AZ,86404,NULL,NULL,NULL,NULL,NULL,NULL,NULL,NULL,NULL,(928) 855-1411,NULL,NULL,NULL,NULL,NULL,NULL,NULL,NULL,NULL,NULL,NULL,162BFAF4-5263-465D-8B19-90688B4184CF,NULL,NULL,0,0.00,NULL,0,1,NULL,NULL,2023-02-23 13:27:21.000,2023-02-23 13:27:21.000
E97351C8-1BCF-4292-90AF-BD9356FE9675,800029E1-1679428489,MBRP,MBRP,NULL,Byron,NULL,NULL,NULL,MBRP Performance Exhaust,315 Old Ferguson Rd,NULL,NULL,Huntsville,ON,P1H 2J2,NULL,MBRP Performance Exhaust,315 Old Ferguson Rd,NULL,NULL,Huntsville,ON,P1H 2J2,NULL,705-788-2845#422,NULL,NULL,NULL,NULL,info@mbrp.com,NULL,NULL,MBRP Performance Exhaust,NULL,NULL,NULL,NULL,NULL,NULL,0,0.00,NULL,0,1,NULL,NULL,2023-03-21 12:54:49.000,2023-04-17 14:07:39.000
965B16D5-230F-43C9-9216-BD98B53BE0C6,8000021F-1677184106,Newen Inc.,Newen Inc.,NULL,NULL,NULL,NULL,NULL,Newen Inc.,298-D Enterprise Street,NULL,NULL,Escondido,CA,9209-1251,NULL,NULL,NULL,NULL,NULL,NULL,NULL,NULL,NULL,760-233-0067,NULL,NULL,NULL,760-233-00678,NULL,NULL,NULL,NULL,NULL,NULL,NULL,NULL,NULL,NULL,0,0.00,NULL,0,1,NULL,NULL,2023-02-23 13:28:26.000,2023-02-23 13:28:26.000
664E795F-D769-451E-BE79-BDA33C957363,80000004-1677182786,.Daniel Boren,.Daniel Boren,NULL,NULL,NULL,NULL,NULL,Daniel Boren,28201 NE 40th St.,NULL,NULL,Redmond,WA,98053,NULL,NULL,NULL,NULL,NULL,NULL,NULL,NULL,NULL,NULL,NULL,NULL,NULL,NULL,NULL,NULL,NULL,NULL,NULL,NULL,NULL,NULL,NULL,NULL,0,0.00,NULL,0,1,NULL,NULL,2023-02-23 13:06:26.000,2023-02-23 13:23:34.000
9927E931-773B-469A-97FA-BDA996AE959A,8000003A-1677182816,Aisin World Corp of America,Aisin World Corp of America,NULL,NULL,NULL,NULL,NULL,Aisin World Corp of America,Dept LA 24254,NULL,NULL,Pasadena,CA,91185-4254,NULL,NULL,NULL,NULL,NULL,NULL,NULL,NULL,NULL,310-891-6129 Catherin,NULL,NULL,NULL,NULL,orderdesk@aisinworld.com; rattaway@aisinworld.com,NULL,NULL,Aisin World Corp of America,NULL,NULL,NULL,162BFAF4-5263-465D-8B19-90688B4184CF,NULL,NULL,0,4364.01,NULL,0,1,NULL,NULL,2023-02-23 13:06:56.000,2025-04-17 12:49:17.000
620DB340-1899-4C4D-A541-BDDCF7E12027,80002A66-1699893945,Circle K,Circle K,NULL,NULL,NULL,NULL,NULL,Circle K,NULL,NULL,NULL,NULL,NULL,NULL,NULL,NULL,NULL,NULL,NULL,NULL,NULL,NULL,NULL,NULL,NULL,NULL,NULL,NULL,NULL,NULL,NULL,NULL,NULL,NULL,NULL,NULL,NULL,NULL,0,0.00,NULL,0,1,NULL,NULL,2023-11-13 09:45:45.000,2025-01-15 10:35:05.000
62FC5510-A339-4116-A51D-BE02338F94CD,80000245-1677184126,Paymentech Merchant Fees,Paymentech Merchant Fees,NULL,NULL,NULL,NULL,NULL,Paymentech Merchant Fees,NULL,NULL,NULL,NULL,NULL,NULL,NULL,NULL,NULL,NULL,NULL,NULL,NULL,NULL,NULL,NULL,NULL,NULL,NULL,NULL,NULL,NULL,NULL,NULL,NULL,NULL,NULL,NULL,NULL,NULL,0,0.00,NULL,0,1,NULL,NULL,2023-02-23 13:28:46.000,2023-02-23 13:28:46.000
9F1DDD50-2452-4BA0-B1CA-BE067D1D2E6D,8000003D-1677182818,All American Battery,All American Battery,NULL,NULL,NULL,NULL,NULL,All American Battery,1535 Paseo Del Sol,NULL,NULL,Lake Havasu City,AZ,86403,NULL,NULL,NULL,NULL,NULL,NULL,NULL,NULL,NULL,(928) 453-1004,NULL,NULL,NULL,NULL,NULL,NULL,NULL,NULL,NULL,NULL,NULL,3EF97799-B4C4-4EF2-BF80-BD8A8C1A43AF,NULL,NULL,0,0.00,NULL,0,1,NULL,NULL,2023-02-23 13:06:58.000,2023-02-23 13:24:03.000
25947AA0-BF6E-477A-BAD8-BE20E2E8358F,80000307-1677184247,Ultimate Services,Ultimate Services,NULL,NULL,NULL,NULL,NULL,Ultimate Services,2640 Safari Lane,NULL,NULL,Lake Havasu City,AZ,86403,NULL,NULL,NULL,NULL,NULL,NULL,NULL,NULL,NULL,NULL,NULL,NULL,NULL,NULL,NULL,NULL,NULL,NULL,NULL,NULL,NULL,AFD6687D-2F92-4A46-A75E-2FA5398BB833,NULL,NULL,0,0.00,NULL,0,1,NULL,NULL,2023-02-23 13:30:47.000,2023-02-23 13:30:47.000
A911350E-9335-42C3-9218-BE2180DA5DE5,80000230-1677184116,OPC MSC*Service Fee,OPC MSC*Service Fee,NULL,NULL,NULL,NULL,NULL,OPC MSC*Service Fee,NULL,NULL,NULL,NULL,NULL,NULL,NULL,NULL,NULL,NULL,NULL,NULL,NULL,NULL,NULL,NULL,NULL,NULL,NULL,NULL,NULL,NULL,NULL,NULL,NULL,NULL,NULL,NULL,NULL,NULL,0,0.00,NULL,0,0,NULL,NULL,2023-02-23 13:28:36.000,2023-10-05 15:31:25.000
79EA0342-B576-4DBC-9043-BE86B70DAFBF,80003135-1702912364,Gold Star Engraving and Awards,Gold Star Engraving and Awards,NULL,NULL,NULL,NULL,NULL,Gold Star Engraving and Awards,NULL,NULL,NULL,NULL,NULL,NULL,NULL,NULL,NULL,NULL,NULL,NULL,NULL,NULL,NULL,NULL,NULL,NULL,NULL,NULL,NULL,NULL,NULL,NULL,NULL,NULL,NULL,AFD6687D-2F92-4A46-A75E-2FA5398BB833,NULL,NULL,0,0.00,NULL,0,1,NULL,NULL,2023-12-18 08:12:44.000,2023-12-18 08:14:54.000
9E9D6FBB-D157-484C-8BF8-BF06CE424BDB,80000034-1677182812,Affordable Powder Coating,Affordable Powder Coating,NULL,NULL,NULL,NULL,NULL,Affordable Powder Coating,2111 West Fillmore Street,NULL,NULL,Phoenix,AZ,85009,NULL,NULL,NULL,NULL,NULL,NULL,NULL,NULL,NULL,(602) 272-7646,NULL,NULL,NULL,(602) 272-1309,NULL,NULL,NULL,NULL,NULL,NULL,NULL,NULL,NULL,NULL,0,0.00,NULL,0,1,NULL,NULL,2023-02-23 13:06:52.000,2023-02-23 13:23:58.000
A7772954-A210-4D00-9C65-BF168F5F0652,800002E6-1677184228,Theme.co,Theme.co,NULL,NULL,NULL,NULL,NULL,Theme.co,NULL,NULL,NULL,NULL,NULL,NULL,NULL,NULL,NULL,NULL,NULL,NULL,NULL,NULL,NULL,NULL,NULL,NULL,NULL,NULL,NULL,NULL,NULL,Themeco,NULL,NULL,NULL,AFD6687D-2F92-4A46-A75E-2FA5398BB833,NULL,NULL,0,0.00,NULL,0,1,NULL,NULL,2023-02-23 13:30:28.000,2023-02-23 13:30:28.000
6D74FBB2-3DDB-4222-8B04-BF3E3F51A85E,800000E6-1677182921,Copper State Bolt Co.,Copper State Bolt Co.,NULL,NULL,NULL,NULL,NULL,Copper State Bolt & Nut Co.,Dept 880220,PO Box 29650,NULL,Phoenix,AZ,85038-9650,NULL,NULL,NULL,NULL,NULL,NULL,NULL,NULL,NULL,(928) 317-8110,NULL,NULL,NULL,(928)317-8171,rgill@copperstate.com; wcyma@copperstate.com,NULL,NULL,NULL,NULL,NULL,NULL,132A30AA-42F8-40B2-AA1D-BAD6FD47F558,NULL,NULL,0,101.61,NULL,0,1,NULL,NULL,2023-02-23 13:08:41.000,2025-04-15 11:48:30.000
F8A3CD1E-F966-4CD0-95B6-BF54CA3D5EF2,80000653-1677194322,Norton Sandblasting Equipment,Norton Sandblasting Equipment,NULL,NULL,NULL,NULL,NULL,Norton Sandblasting Equipment,1006 Executive Blvd,NULL,NULL,Chesapeake,VA,2332,NULL,NULL,NULL,NULL,NULL,NULL,NULL,NULL,NULL,800-366-4341,NULL,NULL,NULL,NULL,NULL,NULL,NULL,Norton Sandblasting Equipment,NULL,NULL,NULL,A5DDE231-3987-4FF7-A2B7-068A55D1B562,NULL,NULL,0,0.00,NULL,0,1,NULL,NULL,2023-02-23 16:18:42.000,2023-02-23 16:18:42.000
C1F15D34-6AFD-4A9B-A23D-BF8F19935489,800000FE-1677182934,Daven Screw Product,Daven Screw Product,NULL,NULL,NULL,NULL,NULL,Daven Screw Product,"22332 Eyota Road, # 1",NULL,NULL,Apple Valley,CA,92308,NULL,NULL,NULL,NULL,NULL,NULL,NULL,NULL,NULL,760-217-0741,NULL,NULL,NULL,760-247-9118,NULL,NULL,NULL,NULL,NULL,NULL,NULL,NULL,NULL,NULL,0,0.00,NULL,0,1,NULL,NULL,2023-02-23 13:08:54.000,2023-02-23 13:25:48.000
CA82E6C6-2193-4C5D-B3B1-BFBB1F922DE8,8000067D-1677194342,SCE Gaskets,SCE Gaskets,NULL,NULL,NULL,NULL,NULL,SCE Gaskets,24927 Avenue Tibbitts Unit F,NULL,NULL,Valencia,CA,91355,NULL,NULL,NULL,NULL,NULL,NULL,NULL,NULL,NULL,(661)728-9200 Victori,NULL,NULL,NULL,(661) 728-9202,sales@scegaskets.com,NULL,NULL,NULL,NULL,NULL,NULL,A5DDE231-3987-4FF7-A2B7-068A55D1B562,NULL,NULL,0,0.00,NULL,0,1,NULL,NULL,2023-02-23 16:19:02.000,2023-02-23 16:19:02.000
DED95D60-C708-470C-B6B0-BFE7AACFD52D,80000343-1677184277,Xpress Metal Cleaning,Xpress Metal Cleaning,NULL,NULL,NULL,NULL,NULL,Xpress Metal Cleaning,"3402 E. Wier Avenue, ",NULL,NULL,Phoenix,AZ,85040,NULL,NULL,NULL,NULL,NULL,NULL,NULL,NULL,NULL,602.628.7306,NULL,NULL,NULL,NULL,XPRESSSTRIPPING@GMAIL.COM,NULL,NULL,NULL,NULL,NULL,NULL,NULL,NULL,NULL,0,0.00,NULL,0,1,NULL,NULL,2023-02-23 13:31:17.000,2023-02-23 13:31:17.000
428F367D-2217-47A1-9E53-C0997A77BAF8,8000005D-1677182838,Arizona Hard Chrome,Arizona Hard Chrome,NULL,NULL,NULL,NULL,NULL,Arizona Hard Chrome,2609 West Cypress,NULL,NULL,Phoenix,AZ,85009,NULL,NULL,NULL,NULL,NULL,NULL,NULL,NULL,NULL,(602) 278-8671,NULL,NULL,NULL,NULL,NULL,NULL,NULL,NULL,NULL,NULL,NULL,NULL,NULL,NULL,0,0.00,NULL,0,0,NULL,NULL,2023-02-23 13:07:18.000,2023-07-14 14:25:48.000
BC357550-3B8D-4994-AD9D-C09A605204A3,800001C2-1677184055,Kamparts Inc,Kamparts Inc,NULL,NULL,NULL,NULL,NULL,Kamparts Inc,1150 N. Del Rio Place,NULL,NULL,Ontario,CA,91764,NULL,NULL,NULL,NULL,NULL,NULL,NULL,NULL,NULL,800-537-8049,NULL,NULL,NULL,NULL,sales@kamway.com,NULL,NULL,Kamparts Inc,NULL,NULL,NULL,NULL,NULL,NULL,0,0.00,NULL,0,1,NULL,NULL,2023-02-23 13:27:35.000,2023-02-23 13:27:35.000
D923D22A-1A0B-4F9D-B2C0-C137E56CD622,800000D9-1677182914,college street brewhouse,college street brewhouse,NULL,NULL,NULL,NULL,NULL,NULL,NULL,NULL,NULL,NULL,NULL,NULL,NULL,NULL,NULL,NULL,NULL,NULL,NULL,NULL,NULL,NULL,NULL,NULL,NULL,NULL,NULL,NULL,NULL,NULL,NULL,NULL,NULL,NULL,NULL,NULL,0,0.00,NULL,0,0,NULL,NULL,2023-02-23 13:08:34.000,2023-02-23 13:25:29.000
8C39043F-426E-43D7-A265-C16256CC353C,800036EC-1705592552,Mudshark,Mudshark,NULL,NULL,NULL,NULL,NULL,Mudshark,NULL,NULL,NULL,NULL,NULL,NULL,NULL,NULL,NULL,NULL,NULL,NULL,NULL,NULL,NULL,NULL,NULL,NULL,NULL,NULL,NULL,NULL,NULL,NULL,NULL,NULL,NULL,AFD6687D-2F92-4A46-A75E-2FA5398BB833,NULL,NULL,0,0.00,NULL,0,1,NULL,NULL,2024-01-18 08:42:32.000,2024-01-18 08:43:08.000
D6840AB1-3D73-4189-963A-C1BD40165FE0,80005907-1723742943,Ammo LLC,Ammo LLC,NULL,NULL,NULL,NULL,NULL,Ammo LLC,NULL,NULL,NULL,NULL,NULL,NULL,NULL,NULL,NULL,NULL,NULL,NULL,NULL,NULL,NULL,NULL,NULL,NULL,NULL,NULL,NULL,NULL,NULL,NULL,NULL,NULL,NULL,A5DDE231-3987-4FF7-A2B7-068A55D1B562,NULL,NULL,0,0.00,NULL,0,1,NULL,NULL,2024-08-15 10:29:03.000,2024-08-15 10:29:30.000
044AEE8D-78B8-4BD0-AAF9-C1F4439BF94F,8000066C-1677194334,Race Engineering Inc,Race Engineering Inc,NULL,NULL,NULL,NULL,NULL,Race Engineering Inc,2602 Park Street,NULL,NULL,Lake Worth,FL,33460,NULL,NULL,NULL,NULL,NULL,NULL,NULL,NULL,NULL,561-533-5500,NULL,NULL,NULL,561-533-0151,NULL,NULL,NULL,Race Engineering Inc,NULL,NULL,NULL,A5DDE231-3987-4FF7-A2B7-068A55D1B562,NULL,NULL,0,0.00,NULL,0,1,NULL,NULL,2023-02-23 16:18:54.000,2023-02-23 16:18:54.000
B18DAC05-A704-47C3-A395-C1F9B7606BE0,8000031E-1677184258,VA Deot of Taxation,VA Deot of Taxation,NULL,NULL,NULL,NULL,NULL,VA Deot of Taxation,NULL,NULL,NULL,NULL,NULL,NULL,NULL,NULL,NULL,NULL,NULL,NULL,NULL,NULL,NULL,NULL,NULL,NULL,NULL,NULL,NULL,NULL,NULL,NULL,NULL,NULL,NULL,NULL,NULL,NULL,0,0.00,NULL,0,1,NULL,NULL,2023-02-23 13:30:58.000,2023-02-23 13:30:58.000
443FEE3D-ABCF-44C1-A7F6-C2472F833BCE,80000095-1677182874,Bostech,Bostech,NULL,NULL,NULL,NULL,NULL,Bostech,NULL,NULL,NULL,NULL,NULL,NULL,NULL,NULL,NULL,NULL,NULL,NULL,NULL,NULL,NULL,NULL,NULL,NULL,NULL,NULL,NULL,NULL,NULL,NULL,NULL,NULL,NULL,162BFAF4-5263-465D-8B19-90688B4184CF,NULL,NULL,0,0.00,NULL,0,1,NULL,NULL,2023-02-23 13:07:54.000,2023-02-23 13:24:54.000
10C03CD2-5E4E-4A44-9F4D-C24B499C0E3B,800006B4-1677194367,Volusion_V,Volusion_V,NULL,NULL,NULL,NULL,NULL,Volusion,NULL,NULL,NULL,NULL,NULL,NULL,NULL,NULL,NULL,NULL,NULL,NULL,NULL,NULL,NULL,NULL,NULL,NULL,NULL,NULL,NULL,NULL,NULL,NULL,NULL,NULL,NULL,A5DDE231-3987-4FF7-A2B7-068A55D1B562,NULL,NULL,0,0.00,NULL,0,1,NULL,NULL,2023-02-23 16:19:27.000,2025-04-09 10:06:39.000
C6559B78-C891-41C2-AFFC-C28FB6726A3D,80000631-1677194306,KLM Performance Inc.,KLM Performance Inc.,NULL,NULL,NULL,NULL,NULL,KLM Performance Inc.,40 Range Rd,NULL,NULL,Wilton,CT,06897,NULL,NULL,NULL,NULL,NULL,NULL,NULL,NULL,NULL,203-210-7200,NULL,NULL,NULL,NULL,NULL,NULL,NULL,KLM Performance Inc.,NULL,NULL,NULL,A5DDE231-3987-4FF7-A2B7-068A55D1B562,NULL,NULL,0,0.00,NULL,0,1,NULL,NULL,2023-02-23 16:18:26.000,2023-02-23 16:18:26.000
37CF0DDD-F5AC-488B-B89D-C29A1B45E878,800002AE-1677184192,Silver Seal,Silver Seal,NULL,NULL,NULL,NULL,NULL,Silver Seal,19224 Allen Rd,NULL,NULL,Trenton,MI,47138,NULL,NULL,NULL,NULL,NULL,NULL,NULL,NULL,NULL,800-521-2936,NULL,NULL,NULL,NULL,NULL,NULL,NULL,Silver Seal,NULL,NULL,NULL,NULL,NULL,NULL,0,0.00,NULL,0,1,NULL,NULL,2023-02-23 13:29:52.000,2024-07-25 09:07:05.000
6906C4A5-A31F-4591-BFCA-C2CC271331CF,80000174-1677183013,Grainger,Grainger,NULL,NULL,NULL,NULL,NULL,Grainger,P.O. Box 419267,Dept. 423-863099776,NULL,Kansas City,MO,64141-6267,NULL,NULL,NULL,NULL,NULL,NULL,NULL,NULL,NULL,(480) 966-9797,NULL,NULL,NULL,480-968-4801,brn.604@grainger.com,NULL,NULL,NULL,NULL,NULL,NULL,162BFAF4-5263-465D-8B19-90688B4184CF,NULL,NULL,0,176.46,NULL,0,1,NULL,NULL,2023-02-23 13:10:13.000,2024-12-06 11:31:36.000
2562EBD8-9E43-46FA-A1A7-C315D45E92AB,80000067-1677182844,ATI Performance Products,ATI Performance Products,NULL,NULL,NULL,NULL,NULL,ATI Performance Products,6747 White Stone Road,NULL,NULL,Baltimore,MD,21207-4173,NULL,NULL,NULL,NULL,NULL,NULL,NULL,NULL,NULL,(410) 298-4343,NULL,NULL,NULL,410 298 3579,NULL,NULL,NULL,NULL,NULL,NULL,NULL,NULL,NULL,NULL,0,0.00,NULL,0,1,NULL,NULL,2023-02-23 13:07:24.000,2023-02-23 13:24:27.000
08E0138F-AC38-43FC-9D23-C35E1A2EFCE2,800000BD-1677182898,Chargebacks & Disputes,Chargebacks & Disputes,NULL,NULL,NULL,NULL,NULL,Chargebacks & Disputes,NULL,NULL,NULL,NULL,NULL,NULL,NULL,NULL,NULL,NULL,NULL,NULL,NULL,NULL,NULL,NULL,NULL,NULL,NULL,NULL,NULL,NULL,NULL,NULL,NULL,NULL,NULL,NULL,NULL,NULL,0,0.00,NULL,0,1,NULL,NULL,2023-02-23 13:08:18.000,2023-02-23 13:25:15.000
A7FEFFE0-C318-4A02-B81C-C37798BEC7EC,80000258-1677184136,Petty Cash - Kim Pebley,Petty Cash - Kim Pebley,NULL,NULL,NULL,NULL,NULL,Petty Cash - Kim Pebley,NULL,NULL,NULL,NULL,NULL,NULL,NULL,NULL,NULL,NULL,NULL,NULL,NULL,NULL,NULL,NULL,NULL,NULL,NULL,NULL,NULL,NULL,NULL,NULL,NULL,NULL,NULL,AFD6687D-2F92-4A46-A75E-2FA5398BB833,NULL,NULL,0,0.00,NULL,0,1,NULL,NULL,2023-02-23 13:28:56.000,2023-02-23 13:28:56.000
0808870F-AEAA-4BBC-9331-C39990810205,8000026B-1677184146,Precison Engine Parts (PEP),Precison Engine Parts (PEP),NULL,NULL,NULL,NULL,NULL,Precison Engine Parts (PEP),P.O. Box 95758,NULL,NULL,Las Vegas,NV,89193-5758,NULL,NULL,NULL,NULL,NULL,NULL,NULL,NULL,NULL,800-423-2202x144 STAN,NULL,NULL,NULL,(800) 423-2737,stan@precisionengineparts.com,NULL,NULL,NULL,NULL,NULL,NULL,132A30AA-42F8-40B2-AA1D-BAD6FD47F558,NULL,NULL,0,0.00,NULL,0,1,NULL,NULL,2023-02-23 13:29:06.000,2025-01-13 11:18:15.000
FA2859B4-2560-4413-9462-C39B77E87496,800005CC-1677194261,Cal American Screen Graphics,Cal American Screen Graphics,NULL,NULL,NULL,NULL,NULL,Cal American Screen Graphics,41795 Elm Street #102,NULL,NULL,Murrieta,CA,92562,NULL,NULL,NULL,NULL,NULL,NULL,NULL,NULL,NULL,951-461-1212,NULL,NULL,NULL,951 461 1148,"eric@calamsg.com, calamdecal@aol.com",NULL,NULL,Cal American Screen Graphics,NULL,NULL,NULL,A5DDE231-3987-4FF7-A2B7-068A55D1B562,NULL,NULL,0,0.00,NULL,0,1,NULL,NULL,2023-02-23 16:17:41.000,2024-10-15 09:45:52.000
4B1BB3E2-7A6B-4B02-8F2B-C3A3173551C3,800001B1-1677184045,Jim's Autofab,Jim's Autofab,NULL,NULL,NULL,NULL,NULL,Jim's Autofab,1090 Vista Dr,NULL,NULL,Lake Havasu City,AZ,86404,NULL,NULL,NULL,NULL,NULL,NULL,NULL,NULL,NULL,928-846-2410,NULL,NULL,NULL,NULL,NULL,NULL,NULL,Jim's Autofab,NULL,NULL,NULL,AFD6687D-2F92-4A46-A75E-2FA5398BB833,NULL,NULL,0,0.00,NULL,0,1,NULL,NULL,2023-02-23 13:27:25.000,2023-02-23 13:27:25.000
7C097574-9C4E-44F8-BBA6-C3B98AE8B91A,8000032E-1677184266,WAI Global,WAI Global,NULL,Rick,NULL,King,NULL,WAI Global,3300 Corporate Way,NULL,NULL,Miramar,FL,33025,NULL,NULL,NULL,NULL,NULL,NULL,NULL,NULL,NULL,800-327-7792 X4204,NULL,NULL,NULL,NULL,Rick.King@waiglobal.com,NULL,NULL,WAI Global,NULL,NULL,NULL,162BFAF4-5263-465D-8B19-90688B4184CF,NULL,NULL,0,1063.85,NULL,0,1,NULL,NULL,2023-02-23 13:31:06.000,2025-04-17 12:48:50.000
07C27E9F-3146-43E0-9404-C3E198DE2A6C,80002A20-1683327588,.Billy Butler,.Billy Butler,NULL,NULL,NULL,NULL,NULL,Billy Butler,380 Railroad Ave.,NULL,NULL,Ben Lomond,CA,95005,NULL,NULL,NULL,NULL,NULL,NULL,NULL,NULL,NULL,831-430-8011,NULL,NULL,NULL,NULL,NULL,NULL,NULL,Billy Butler,NULL,NULL,NULL,NULL,NULL,NULL,0,0.00,NULL,0,1,NULL,NULL,2023-05-05 15:59:48.000,2023-05-05 16:03:38.000
DB4287EF-BA8A-4371-A6DE-C43598BA2D9D,800029CB-1678743130,S.A.M Machine,S.A.M Machine,NULL,Mike,NULL,NULL,NULL,S.A.M Machine,3471 Kearsage Place,NULL,NULL,Lake Havasu City,AZ,86406,NULL,S.A.M Machine,3471 Kearsage Place,NULL,NULL,Lake Havasu City,AZ,86406,NULL,928-733-8073,NULL,NULL,NULL,NULL,NULL,NULL,NULL,S.A.M Machine,NULL,NULL,NULL,NULL,NULL,NULL,0,0.00,NULL,0,1,NULL,NULL,2023-03-13 14:32:10.000,2023-03-13 14:32:10.000
937912E1-F597-4729-8006-C441C20DCA12,800001BD-1677184052,Juan Pablo Garcia,Juan Pablo Garcia,NULL,NULL,NULL,NULL,NULL,Juan Pablo Garcia,NULL,NULL,NULL,NULL,NULL,NULL,NULL,NULL,NULL,NULL,NULL,NULL,NULL,NULL,NULL,NULL,NULL,NULL,NULL,NULL,NULL,NULL,NULL,NULL,NULL,NULL,NULL,NULL,NULL,NULL,0,0.00,NULL,0,1,NULL,NULL,2023-02-23 13:27:32.000,2023-02-23 13:27:32.000
E381AD08-AC2A-4145-934D-C4C90716A4D0,80000658-1677194326,Offroad Moto Clinics,Offroad Moto Clinics,NULL,NULL,NULL,NULL,NULL,Offroad Moto Clinics,NULL,NULL,NULL,NULL,NULL,NULL,NULL,NULL,NULL,NULL,NULL,NULL,NULL,NULL,NULL,NULL,NULL,NULL,NULL,NULL,NULL,NULL,NULL,NULL,NULL,NULL,NULL,F9951A1C-DEA6-43D9-8D46-A9C4985EF3B2,NULL,NULL,0,0.00,NULL,0,1,NULL,NULL,2023-02-23 16:18:46.000,2023-02-23 16:18:46.000
C13E463B-EADC-421F-AA7D-C4DDE1437D65,800001E6-1677184074,Longfield Super Axles,Longfield Super Axles,NULL,NULL,NULL,NULL,NULL,Longfield Super Axles,20719 111th Ave E,NULL,NULL,Graham,WA,98338,NULL,NULL,NULL,NULL,NULL,NULL,NULL,NULL,NULL,360-893-0235,NULL,NULL,NULL,253-875-1588,NULL,NULL,NULL,NULL,NULL,NULL,NULL,NULL,NULL,NULL,0,0.00,NULL,0,1,NULL,NULL,2023-02-23 13:27:54.000,2023-02-23 13:27:54.000
C11E1707-BA90-4E80-8B4E-C58B32B2EADE,80000128-1677182961,"Electronic City, Inc. - CA","Electronic City, Inc. - CA",NULL,NULL,NULL,NULL,NULL,"Electronic City, Inc. - CA",4001 West Burbank Blvd.,NULL,NULL,Burbank,CA,91505,NULL,NULL,NULL,NULL,NULL,NULL,NULL,NULL,NULL,(818) 842-5275,NULL,NULL,NULL,818-843-2605,www.electroniccity.com,NULL,NULL,NULL,NULL,NULL,NULL,NULL,NULL,NULL,0,0.00,NULL,0,1,NULL,NULL,2023-02-23 13:09:21.000,2023-02-23 13:26:10.000
0AB4E26C-1038-4589-B0B8-C5FFA7BFD36B,8000021C-1677184105,Nationwide Industrial Supply,Nationwide Industrial Supply,NULL,NULL,NULL,NULL,NULL,"Nationwide Industrial Supply, LLC",P.O. Box 27,NULL,NULL,Bloomingdale,NJ,07403,NULL,NULL,NULL,NULL,NULL,NULL,NULL,NULL,NULL,800-757-1064,NULL,NULL,NULL,NULL,NULL,NULL,NULL,Nationwide Industrial Supply,NULL,NULL,NULL,NULL,NULL,NULL,0,0.00,NULL,0,1,NULL,NULL,2023-02-23 13:28:25.000,2023-02-23 13:28:25.000
3A5C8224-0AC0-4DE5-99AC-C60E66820A5C,800006AD-1677194364,Trick Titanium,Trick Titanium,NULL,NULL,NULL,NULL,NULL,Trick Titanium,2046 Depot St Bldg B,NULL,NULL,Holt,MI,48842,NULL,NULL,NULL,NULL,NULL,NULL,NULL,NULL,NULL,(248) 588-9430,NULL,NULL,NULL,NULL,NULL,NULL,NULL,Trick Titanium,NULL,NULL,NULL,A5DDE231-3987-4FF7-A2B7-068A55D1B562,NULL,NULL,0,0.00,NULL,0,1,NULL,NULL,2023-02-23 16:19:24.000,2023-02-23 16:19:24.000
2C0DAC04-DC29-49DB-8B42-C6824933496F,800001E5-1677184074,Lodestone Events,Lodestone Events,NULL,NULL,NULL,NULL,NULL,Lodestone Events,NULL,NULL,NULL,NULL,NULL,NULL,NULL,NULL,NULL,NULL,NULL,NULL,NULL,NULL,NULL,NULL,NULL,NULL,NULL,NULL,NULL,NULL,NULL,NULL,NULL,NULL,NULL,NULL,NULL,NULL,0,0.00,NULL,0,1,NULL,NULL,2023-02-23 13:27:54.000,2023-02-23 13:27:54.000
DC1E74FA-C427-46D1-A120-C693FF63A690,800029E7-1679602450,Quickbooks Enterprise,Quickbooks Enterprise,NULL,NULL,NULL,NULL,NULL,Quickbooks Enterprise,NULL,NULL,NULL,NULL,NULL,NULL,NULL,NULL,NULL,NULL,NULL,NULL,NULL,NULL,NULL,NULL,NULL,NULL,NULL,NULL,NULL,NULL,NULL,Quickbooks Enterprise,NULL,NULL,NULL,A5DDE231-3987-4FF7-A2B7-068A55D1B562,NULL,NULL,0,0.00,NULL,0,1,NULL,NULL,2023-03-23 13:14:10.000,2023-11-21 07:15:07.000
D16D9316-E1FA-4FD1-BCAF-C6F975C04F9B,800002CC-1677184213,Star Light Bars,Star Light Bars,NULL,NULL,NULL,NULL,NULL,Star Light Bars,9019 West Quail Trail Dr.,NULL,NULL,Peoria,AZ,85383,NULL,NULL,NULL,NULL,NULL,NULL,NULL,NULL,NULL,602-689-9998 Jeff,NULL,NULL,NULL,NULL,jeffhorak@starlightbars.com,NULL,NULL,Star Light Bars,NULL,NULL,NULL,NULL,NULL,NULL,0,0.00,NULL,0,1,NULL,NULL,2023-02-23 13:30:13.000,2023-02-23 13:30:13.000
FB3633F1-77EC-4FCE-86B5-C776C16CEF12,80000198-1677183041,In N Out,In N Out,NULL,NULL,NULL,NULL,NULL,NULL,NULL,NULL,NULL,NULL,IN,NULL,NULL,NULL,NULL,NULL,NULL,NULL,NULL,NULL,NULL,NULL,NULL,NULL,NULL,NULL,NULL,NULL,NULL,NULL,NULL,NULL,NULL,NULL,NULL,NULL,0,0.00,NULL,0,1,NULL,NULL,2023-02-23 13:10:41.000,2023-11-07 15:55:14.000
06850B36-6F45-4ABC-8FBA-C77E5EE43D59,800000CF-1677182908,Clausing Service Center,Clausing Service Center,NULL,NULL,NULL,NULL,NULL,Clausing Service Center,3963 Emerald Dr,NULL,NULL,Kalamazoo,MI,49001,NULL,NULL,NULL,NULL,NULL,NULL,NULL,NULL,NULL,800-323-0972,NULL,NULL,NULL,NULL,NULL,NULL,NULL,Clausing Service Center,NULL,NULL,NULL,A5DDE231-3987-4FF7-A2B7-068A55D1B562,NULL,NULL,0,0.00,NULL,0,1,NULL,NULL,2023-02-23 13:08:28.000,2024-11-22 11:49:24.000
DC60DE17-E187-42FA-9321-C7805035D9B7,8000064F-1677194320,Network Systems & Solutions,Network Systems & Solutions,NULL,NULL,NULL,NULL,NULL,Network Systems & Solutions,"1155 Aviation Drive,  Unit #A",NULL,NULL,Lake Havasu City,AZ,86404,NULL,NULL,NULL,NULL,NULL,NULL,NULL,NULL,NULL,(928) 855-9088,NULL,NULL,NULL,855-5777,NULL,NULL,NULL,NULL,NULL,NULL,NULL,A5DDE231-3987-4FF7-A2B7-068A55D1B562,NULL,NULL,0,0.00,NULL,0,1,NULL,NULL,2023-02-23 16:18:40.000,2023-02-23 16:18:40.000
2249B44C-A1BC-4063-89C2-C7BF58AF0123,80000601-1677194284,Glowshift Gauges,Glowshift Gauges,NULL,NULL,NULL,NULL,NULL,Glowshift Gauges,444 Commerce Lane Suite A,NULL,NULL,West Berlin,NJ,08091,NULL,NULL,NULL,NULL,NULL,NULL,NULL,NULL,NULL,1.888.474.2843 Sandy,NULL,NULL,NULL,NULL,dealers@GlowShiftGauges.com,NULL,NULL,Glowshift Gauges,NULL,NULL,NULL,A5DDE231-3987-4FF7-A2B7-068A55D1B562,NULL,NULL,0,0.00,NULL,0,1,NULL,NULL,2023-02-23 16:18:04.000,2025-02-13 10:24:05.000
683DE2BC-07CD-4789-AC76-C7CBCC0BBAD5,80006089-1728491371,BLT,BLT,NULL,NULL,NULL,NULL,NULL,BLT,NULL,NULL,NULL,NULL,NULL,NULL,NULL,NULL,NULL,NULL,NULL,NULL,NULL,NULL,NULL,NULL,NULL,NULL,NULL,NULL,NULL,NULL,NULL,NULL,NULL,NULL,NULL,A5DDE231-3987-4FF7-A2B7-068A55D1B562,NULL,NULL,0,0.00,NULL,0,1,NULL,NULL,2024-10-09 09:29:31.000,2024-10-09 09:30:16.000
7819ADF2-8C76-4EB0-960F-C7FBC680D732,8000026F-1677184148,Prosport Gauges,Prosport Gauges,NULL,NULL,NULL,NULL,NULL,Prosport Inc.,11930 31st Court North,NULL,NULL,St. Petersburg,FL,33716,NULL,NULL,NULL,NULL,NULL,NULL,NULL,NULL,NULL,727-572-9011,NULL,NULL,NULL,727-572-9012,NULL,NULL,NULL,Prosport Gauges,NULL,NULL,NULL,NULL,NULL,NULL,0,0.00,NULL,0,1,NULL,NULL,2023-02-23 13:29:08.000,2023-02-23 13:29:08.000
07426437-9F5D-4945-8EF5-C8194E7D0BC7,8000012D-1677182964,EMPI,EMPI,NULL,NULL,NULL,NULL,NULL,EMPI,301 East Orangethorpe Avenue,NULL,NULL,Anaheim,CA,92801,NULL,NULL,NULL,NULL,NULL,NULL,NULL,NULL,NULL,(714) 446-9606,NULL,NULL,NULL,NULL,NULL,NULL,NULL,NULL,NULL,NULL,NULL,NULL,NULL,NULL,0,0.00,NULL,0,1,NULL,NULL,2023-02-23 13:09:24.000,2023-02-23 13:26:13.000
10D36183-A5F7-441F-9A84-C82653018C61,80000253-1677184133,Peterson Fluid Systems,Peterson Fluid Systems,NULL,NULL,NULL,NULL,NULL,Peterson Fluid Systems,7200 East 54th Place,NULL,NULL,Commerce City,CO,80022,NULL,NULL,NULL,NULL,NULL,NULL,NULL,NULL,NULL,(800) 926-7867,NULL,NULL,NULL,303-287-1860,NULL,NULL,NULL,NULL,NULL,NULL,NULL,NULL,NULL,NULL,0,0.00,NULL,0,1,NULL,NULL,2023-02-23 13:28:53.000,2023-02-23 13:28:53.000
22F38AF7-9333-47FB-9F34-C89D4E0842F6,80005908-1723742993,City of Long Beach,City of Long Beach,NULL,NULL,NULL,NULL,NULL,City of Long Beach,NULL,NULL,NULL,NULL,NULL,NULL,NULL,NULL,NULL,NULL,NULL,NULL,NULL,NULL,NULL,NULL,NULL,NULL,NULL,NULL,NULL,NULL,NULL,NULL,NULL,NULL,NULL,A5DDE231-3987-4FF7-A2B7-068A55D1B562,NULL,NULL,0,0.00,NULL,0,1,NULL,NULL,2024-08-15 10:29:53.000,2024-08-15 10:30:23.000
5BB8D471-CF53-48E8-95C9-C8B6B6D02179,80007068-1738254457,Tab Zone,Tab Zone,NULL,NULL,NULL,NULL,NULL,Tab Zone,484 EZ Street,NULL,NULL,Prescott,AZ,86301,NULL,NULL,NULL,NULL,NULL,NULL,NULL,NULL,NULL,928-776-4129,NULL,NULL,NULL,NULL,info@cutmymetal.com,NULL,NULL,Tab Zone,NULL,NULL,NULL,NULL,NULL,NULL,0,0.00,NULL,0,1,NULL,NULL,2025-01-30 09:27:37.000,2025-02-13 11:31:56.000
BAAEA651-5907-4065-A627-C91BA5219806,80000008-1677182787,.Michael McKinney,.Michael McKinney,NULL,NULL,NULL,NULL,NULL,Michael McKinney,3375 Hondo LAne,NULL,NULL,Lake Havasu City,AZ,86406,NULL,NULL,NULL,NULL,NULL,NULL,NULL,NULL,NULL,NULL,NULL,NULL,NULL,NULL,NULL,NULL,NULL,NULL,NULL,NULL,NULL,NULL,NULL,NULL,0,0.00,NULL,0,1,NULL,NULL,2023-02-23 13:06:27.000,2023-02-23 13:23:36.000
81BC69E9-2573-48F6-B96A-C938A358CB1A,8000067B-1677194341,"Rudy Glass Co., Inc.","Rudy Glass Co., Inc.",NULL,NULL,NULL,NULL,NULL,"Rudy Glass Co., Inc.",c/o John Jehle,1920 Holly Avenue,NULL,Lake Havasu City,AZ,86403,NULL,NULL,NULL,NULL,NULL,NULL,NULL,NULL,NULL,(928) 855-9263,NULL,NULL,NULL,NULL,NULL,NULL,NULL,NULL,NULL,NULL,NULL,A5DDE231-3987-4FF7-A2B7-068A55D1B562,NULL,NULL,0,0.00,NULL,0,1,NULL,NULL,2023-02-23 16:19:01.000,2023-02-23 16:19:01.000
00DB9F64-B8CC-4297-8952-C9E0A70520CB,800006A4-1677194360,Toyhead Auto Restoration Services,Toyhead Auto Restoration Services,NULL,Rick,NULL,Dormoi,NULL,Toyhead Auto Restoration Services,NULL,NULL,NULL,NULL,NULL,NULL,NULL,NULL,NULL,NULL,NULL,NULL,NULL,NULL,NULL,267-240-7379,NULL,NULL,NULL,NULL,rick@toyheadauto.com,NULL,NULL,NULL,NULL,NULL,NULL,F9951A1C-DEA6-43D9-8D46-A9C4985EF3B2,NULL,NULL,0,0.00,NULL,0,1,NULL,NULL,2023-02-23 16:19:20.000,2023-02-23 16:19:20.000
C0099CB2-FE66-4D31-810A-C9E3A5D9A72B,80000233-1677184118,ORIG CO NAMEMAGNUSON PRODUCT,ORIG CO NAMEMAGNUSON PRODUCT,NULL,NULL,NULL,NULL,NULL,NULL,NULL,NULL,NULL,ORIG,CO,NULL,NULL,NULL,NULL,NULL,NULL,NULL,NULL,NULL,NULL,NULL,NULL,NULL,NULL,NULL,NULL,NULL,NULL,NULL,NULL,NULL,NULL,NULL,NULL,NULL,0,0.00,NULL,0,1,NULL,NULL,2023-02-23 13:28:38.000,2023-02-23 13:28:38.000
9C424026-48DC-4147-9474-CA5B5E10FE1C,80002A50-1692141480,Ruff Stuff Specialties,Ruff Stuff Specialties,NULL,NULL,NULL,NULL,NULL,Ruff Stuff Specialties,3237 Rippey Rd #200,NULL,NULL,Loomis,CA,95650,NULL,NULL,NULL,NULL,NULL,NULL,NULL,NULL,NULL,NULL,NULL,NULL,NULL,NULL,NULL,NULL,NULL,Ruff Stuff Specialties,NULL,NULL,NULL,162BFAF4-5263-465D-8B19-90688B4184CF,NULL,NULL,0,0.00,NULL,0,1,NULL,NULL,2023-08-15 16:18:00.000,2023-08-17 10:46:52.000
9DBFB396-8624-44D6-80E2-CA907225A058,800006B0-1677194365,Underdog Racing Development URD,Underdog Racing Development URD,NULL,NULL,NULL,NULL,NULL,Underdog Racing Development URD,Po Box 39,NULL,NULL,Huntingtown,MD,20639,NULL,NULL,NULL,NULL,NULL,NULL,NULL,NULL,NULL,877-887-3872  Ext 2,NULL,NULL,NULL,410-630-5011,sales@URDUSA.com; gadget@urdusa.com,NULL,NULL,NULL,NULL,NULL,NULL,A5DDE231-3987-4FF7-A2B7-068A55D1B562,NULL,NULL,0,0.00,NULL,0,1,NULL,NULL,2023-02-23 16:19:25.000,2023-02-23 16:19:25.000
BD8411C4-819D-441F-BB51-CAAC3DA18C96,8000011E-1677182955,EBC Brakes USA Ltd.,EBC Brakes USA Ltd.,NULL,NULL,NULL,NULL,NULL,EBC Brakes USA Ltd.,"806 Buchanan Blvd., Unit #115-256",NULL,NULL,Boulder City,NV,89005,NULL,NULL,NULL,NULL,NULL,NULL,NULL,NULL,NULL,(818) 362-5534,NULL,NULL,NULL,(818) 362-2196,NULL,NULL,NULL,NULL,NULL,NULL,NULL,NULL,NULL,NULL,0,0.00,NULL,0,1,NULL,NULL,2023-02-23 13:09:15.000,2023-02-23 13:26:05.000
32FC9FE4-CDDE-4CEE-BD7B-CAB44445337A,80000312-1677184253,UPS Canada,UPS Canada,NULL,NULL,NULL,NULL,NULL,UPS Canada,"PO Box 4900, Station A",NULL,NULL,Toronto,ON,M5W 0A7,NULL,NULL,NULL,NULL,NULL,NULL,NULL,NULL,NULL,NULL,NULL,NULL,NULL,NULL,NULL,NULL,NULL,NULL,NULL,NULL,NULL,AFD6687D-2F92-4A46-A75E-2FA5398BB833,NULL,NULL,0,0.00,NULL,0,1,NULL,NULL,2023-02-23 13:30:53.000,2023-02-23 13:30:53.000
EA03AE78-14DD-4619-A467-CB4AC72DD9DB,80004578-1712344859,Havasu Meltdown,Havasu Meltdown,NULL,NULL,NULL,NULL,NULL,Havasu Meltdown,NULL,NULL,NULL,NULL,NULL,NULL,NULL,NULL,NULL,NULL,NULL,NULL,NULL,NULL,NULL,NULL,NULL,NULL,NULL,NULL,NULL,NULL,NULL,NULL,NULL,NULL,NULL,NULL,NULL,NULL,0,0.00,NULL,0,1,NULL,NULL,2024-04-05 12:20:59.000,2024-05-30 13:13:31.000
E188C117-5208-4E6F-81B5-CB9E39BA3A18,80000148-1677182982,"FedEx Trade Networks Transport & Bro, Inc","FedEx Trade Networks Transport & Bro, Inc",NULL,NULL,NULL,NULL,NULL,"FedEx Trade Networks Transport & Bro, Inc","170 Cooper Ave, Suite #110",NULL,NULL,Tonowanda,NY,14150,NULL,NULL,NULL,NULL,NULL,NULL,NULL,NULL,NULL,(905) 677-7381,NULL,NULL,NULL,NULL,NULL,NULL,NULL,NULL,NULL,NULL,NULL,NULL,NULL,NULL,0,0.00,NULL,0,1,NULL,NULL,2023-02-23 13:09:42.000,2023-02-23 13:26:26.000
FDFD4B4E-2C43-44A2-A0A7-CBCBCD3194D0,80000690-1677194350,Staples,Staples,NULL,NULL,NULL,NULL,NULL,Staples,1851 Kiowa Avenue,NULL,NULL,Lake Havasu City,AZ,86405,NULL,NULL,NULL,NULL,NULL,NULL,NULL,NULL,NULL,(520) 505-1101,NULL,NULL,NULL,NULL,Catherine.Scannell@Staples.com,NULL,NULL,NULL,NULL,NULL,NULL,A5DDE231-3987-4FF7-A2B7-068A55D1B562,NULL,NULL,0,47.34,NULL,0,1,NULL,NULL,2023-02-23 16:19:10.000,2025-04-17 11:23:32.000
A8A98DCB-7587-4CEC-94B8-CBD695A3A4B6,80000249-1677184128,Payroll Transfer,Payroll Transfer,NULL,NULL,NULL,NULL,NULL,Payroll Transfer,NULL,NULL,NULL,NULL,NULL,NULL,NULL,NULL,NULL,NULL,NULL,NULL,NULL,NULL,NULL,NULL,NULL,NULL,NULL,NULL,NULL,NULL,NULL,NULL,NULL,NULL,NULL,NULL,NULL,NULL,0,0.00,NULL,0,1,NULL,NULL,2023-02-23 13:28:48.000,2025-02-25 12:46:08.000
A1174D2B-8CE3-4C46-925B-CBE6E986542D,800005B1-1677194249,ATP Turbo,ATP Turbo,NULL,NULL,NULL,NULL,NULL,ATP Turbo,28988 Hopkins St,NULL,NULL,Hayward,CA,94545,NULL,NULL,NULL,NULL,NULL,NULL,NULL,NULL,NULL,(510) 445-1682,NULL,NULL,NULL,510 445 1692,linda@atpturbo.com,NULL,NULL,NULL,NULL,NULL,NULL,A5DDE231-3987-4FF7-A2B7-068A55D1B562,NULL,NULL,0,0.00,NULL,0,1,NULL,NULL,2023-02-23 16:17:29.000,2025-04-15 11:47:44.000
46274A25-7AEE-496B-A7E0-CC8718912150,800001EE-1677184080,Marshall Instruments,Marshall Instruments,NULL,NULL,NULL,NULL,NULL,Marshall Instruments,2930  East La Cresta,NULL,NULL,Anaheim,CA,92806,NULL,NULL,NULL,NULL,NULL,NULL,NULL,NULL,NULL,1-800-222-8476,NULL,NULL,NULL,1-714-666-2326,NULL,NULL,NULL,NULL,NULL,NULL,NULL,162BFAF4-5263-465D-8B19-90688B4184CF,NULL,NULL,0,0.00,NULL,0,1,NULL,NULL,2023-02-23 13:28:00.000,2023-02-23 13:28:00.000
78490A0D-DA09-40AF-8C4A-CC8F103B178B,800006BC-1677194371,Xenon Depot,Xenon Depot,NULL,Mike,NULL,B,NULL,Xenon Depot,Mike B,NULL,NULL,orders@theretrofitsource.com,NULL,NULL,NULL,NULL,NULL,NULL,NULL,NULL,NULL,NULL,NULL,231-222-4430,NULL,NULL,NULL,NULL,orders@theretrofitsource.com,NULL,NULL,Xenon Depot,NULL,NULL,NULL,A5DDE231-3987-4FF7-A2B7-068A55D1B562,NULL,NULL,0,0.00,NULL,0,1,NULL,NULL,2023-02-23 16:19:31.000,2023-09-06 13:11:16.000
D561E656-ECD1-4E97-8F85-CC900D7FF3B0,8000067A-1677194341,Rocky Mountain ATV/MC,Rocky Mountain ATV/MC,NULL,NULL,NULL,NULL,NULL,Rocky Mountain ATV/MC,1551 american Way,NULL,NULL,Payson,UT,84651,NULL,NULL,NULL,NULL,NULL,NULL,NULL,NULL,NULL,800-336-5437,NULL,NULL,NULL,801-465-3457,NULL,NULL,NULL,Rocky Mountain ATV/MC,NULL,NULL,NULL,A5DDE231-3987-4FF7-A2B7-068A55D1B562,NULL,NULL,0,0.00,NULL,0,1,NULL,NULL,2023-02-23 16:19:01.000,2023-02-23 16:19:01.000
