ProductID,Discontinued,CostMethod,Status,Note,Popup,PONote,POPopup,AltDescription,Description,GUIDProduct,MaintainInventoryType,AvailOnWeb
4070002,0,A,1,NULL,0,NULL,0,NULL,"HPS Black Reinforced Silicone Heater Hose Kit,
89-95 pickup,22RE Non Turbo, EFI",A92918B3-58F6-4CB6-9D65-00007E3E6CBE,1,1
1030008,0,NULL,1,NULL,0,NULL,0,NULL," Weber 38 Carburetor Performance Package 22R",3FE73FE4-163B-4584-88A1-0014B35D5064,0,0
3035093,0,A,1,NULL,0,NULL,0,NULL,"K&N Universal Apollo Closed Air Intake System
",EC7B1034-E63C-41F5-A79D-002BFC841DB6,1,1
1041044,0,A,1,NULL,0,NULL,0,NULL,Wastegate Block Plate - Fits Standard Wastegate Port,CB7D5C1B-B0A0-4A15-93D8-002FFD1B44E3,1,0
2019121-Liquid,0,A,1,NULL,0,NULL,0,NULL,2RZ/3RZ Fuel Pressure Gauge Kit (Liquid Gauge),F6FCAC63-4325-4B12-B115-003A0BA5566E,1,1
1024012,0,A,1,NULL,0,NULL,0,NULL,MLS Head Gasket - 20R/22R/RE/RET(Stock Bore x .040 Thick),3AF25BA3-4A71-4C79-9468-003B383F3FAD,1,1
2054186,1,A,0,NULL,0,NULL,0,NULL,"Recovery Strap, Duraline, 3""x30'",508594D9-50E8-48B7-84C7-0043C7340E41,1,0
1013882,0,A,1,NULL,0,NULL,0,NULL,Main Bearing Set  .020 - 4.7L 2UZ-FE,DB8EDE36-A262-4AC0-B612-004485854D1B,1,0
2051152,0,,1,NULL,0,NULL,0,NULL,"Shock Strap, Compress, FO",9E7F97EF-468A-4075-9452-0045F4AB8E68,1,0
3032417,0,A,1,NULL,0,NULL,0,NULL,Diamondstep Bumper - Black (80-94) Pick-Up,70C42DBC-5AA1-45DE-9725-004822A4DF28,1,1
5011096,0,A,1,NULL,0,NULL,0,NULL,Core Injector - 2RZ Equalized Fuel Injector (95-09/00) Blue (Casting #23250-75040),B8CF4D77-155C-424F-9491-005AC9999697,1,0
3040017,0,,1,NULL,0,NULL,0,NULL,"(Discontinued) 
2007 - UP Toyota Tundra LED Taillights Black Housing Red/Clear lens",E25E8870-A3B3-4DAB-B0B5-007180ACECA0,1,0
RM-15023,0,A,1,NULL,0,NULL,0,NULL,1018 steel cold drawn Round Bar 2 1/4'' x 20',C5B7FA4F-B696-451B-AFB0-007717ED75ED,1,0
1091201,0,A,1,NULL,0,NULL,0,NULL,"1983-1995 8"" Ring & Pinion Set W/ Install Kit (5.29:1 / Rear / 4 Cyl)",F4BAE333-AF9C-46E9-A3B5-007EF1A53524,1,0
# 0 Bubble Bag,0,NULL,1,NULL,0,NULL,0,NULL,6 x 10 Bubble Bag (Case of 100ea),1A94E4CD-2892-43EC-8A81-008DCF85BF19,0,0
MQ0001,0,A,1,NULL,0,NULL,0,NULL,Hydrospace Titanium Retainer (Dual Spring),03F2AE7A-148F-49D5-AE59-009814D02217,1,0
1023317,0,A,1,NULL,0,NULL,0,NULL,3VZ Valve Shim 3.05,CA38404C-81E7-487D-A36C-0099924B874F,1,1
1018023,0,A,1,NULL,0,NULL,0,NULL,Bottom End Gasket Set - 5VZ 95-98,53595CF8-6460-41D5-ACEE-009A6E467353,1,1
1091048,0,A,1,NULL,0,NULL,0,NULL,"Master Install Kit 7.5"" 4Cyl Without Shims",957720D4-85BD-4A39-B0C4-00A61E629CAB,1,0
2040212,0,A,1,NULL,0,NULL,0,NULL,Cab & Body Mounts Toyota Pickup/Tacoma (89-04),60053E31-E59A-4166-A9E6-00A9C4BAD0A6,1,0
1035203,0,A,1,NULL,0,NULL,0,NULL,Fuel Tank (1986-1990 Pickup Carbureted),05F3BAFD-73F1-4BAA-BEAC-00AE78309085,1,1
8020230-1,0,S,1,NULL,0,NULL,0,NULL,Thread Mill .100 Diameter 6-32 UNF (Desert Cat),7FB06CAE-08B0-4870-AD64-00B542648752,0,0
1014400,0,A,1,NULL,0,NULL,0,NULL,Pro Piston Set(9.5:1) - 1GR(STD Bore),EED52962-713F-482E-8AC6-00BA068E6403,1,0
8020042,0,A,0,NULL,0,NULL,0,NULL,1/16 90degree Chamfer Mill,30A0BF57-D9D1-4426-AAD7-00BC5DDA9CE5,1,0
8020005-1,0,A,1,NULL,0,NULL,0,NULL,"1/2"" VG441 BALL",2A0A0F06-E132-49DF-B021-00C2BD98AE8A,1,0
7010006,0,A,0,NULL,0,NULL,0,NULL,Supercharger Service Kit TRD 4.7L Sequoia/Tundra,200A74BA-8D87-4FB4-8977-00C60F4D3A2A,1,0
8481890,0,A,0,NULL,0,NULL,0,NULL,"Swaybar-End Link Bushing, XRunner 2005+ Urethane",54F9B7C7-D417-4088-8505-00C68BE2F3E4,1,0
1024082,0,A,1,NULL,0,NULL,0,NULL,"Billet Oil Cap - ""Cog Style""",484A096E-672E-409E-ACAD-00CE4FBBC461,1,1
2080009,0,A,1,NULL,0,NULL,0,NULL,Recovery & Utility Trail Shovel,24E5662F-4F63-470D-94D1-00CF5EC51F6B,1,1
1014137,0,A,1,NULL,0,NULL,0,NULL,"Pro Stroker Piston(ea)(9.7:1) - 22R/RE(85-95)(+.080)(Left, #1 or #3)",4020C182-CC2C-44FE-B718-00DCE120D9C0,1,0
3033073,0,,1,NULL,0,NULL,0,NULL,"Fender Flare-Pocket(05+)Tacoma ACC Cab 1.75"" (Set)
ALT B/W31925-02 $408.68 @ Transamerican",94A6DE89-A8F0-49D8-8E70-00E075F85898,1,0
0141004,0,S,1,NULL,0,NULL,0,NULL,Box - 14 x 10 x 4 (25 per bundle),CDEDC3E5-28C3-4CCD-A64A-00E134ABE64A,0,0
1023852,0,A,1,NULL,0,NULL,0,NULL,Pro Valve Shim(Under Bucket) - 8mm x 1.55mm,0D21E915-5703-44B7-ABC3-00E485773850,1,1
2060018,0,A,1,NULL,0,NULL,0,NULL,Toyota High Steer Kit - OEM Axle / Flat Pitman Arm / Left-Hand Drive / 4-Stud Steering Arms,4D2C8033-5C39-4BD8-B753-00E5EAD2BA90,1,1
8020047,0,A,0,NULL,0,NULL,0,NULL,1/2-13 Rollform Tap,DA39D449-70FD-4F37-8870-00F324B4FDC1,1,0
1020414,0,A,1,NULL,0,NULL,0,NULL,"Front U Bolts for LCE flip kit (Passenger Side)(Long, Square)
",6517BB10-4937-47E8-A679-00F9E28EF6AB,1,0
1013085,0,A,1,NULL,0,NULL,0,NULL,Seal Saver - 2RZ / 3RZ Crankshaft (Underdrive Pulley ONLY),9AF86875-6637-4847-BEF8-0103F5E2D066,1,0
0151510,0,S,1,NULL,0,NULL,0,NULL,Box - 15 x 15 x 10 (20 per bundle),CE17AC45-BAF0-49D6-9609-010B0A4D420E,0,0
8012150,0,A,1,NULL,0,NULL,0,NULL,5/16-18 X 1 1/4 Socket Head Cap Screw - SS,65233277-E022-441C-8A45-011E30761F09,1,0
2056018,0,,1,NULL,0,NULL,0,NULL,"True Tacoma Width Front Axle Housing 1995-2004 - With Spring Perches, For E-Locker, Right-Hand Drop",6133DCB3-730E-48C9-8BB9-01204E7E71E6,1,0
2053482,0,,1,NULL,0,NULL,0,NULL,Dana 60 Drive Flange Kit,8251023C-1927-413B-99DF-0126AB4DFCE5,1,0
1045039-1,0,NULL,0,NULL,0,NULL,0,NULL,"OEM Exhaust Stud 3RZ, 2TR  Each",DC573C94-8907-400B-93D8-01345403559D,0,0
1072325,0,A,1,NULL,0,NULL,0,NULL,"50mm Pro-Gate Outlet Weld-On Flange
",80CA93C4-3332-4E26-B69C-0141F7CA5F6C,1,0
1072461,0,A,1,NULL,0,NULL,0,NULL,Silicone Vacuum Hose Kit Black (3VZ),2DED8EAF-AC12-42BD-98D0-01454A7994FF,1,1
1043006,0,A,1,NULL,0,NULL,0,NULL,"Catalytic Converter(California Smog Legal) - 22R/RE/3VZ 17.5"" w/2.25"" Flange",552CABEE-4221-4D65-B81F-014B2B2D851E,1,1
4070010,0,A,1,NULL,0,NULL,0,NULL,"HPS Red Reinforced Silicone Radiator Hose Kit,
84-95 Pickup, 22RE Non Turbo EFI",8077ADB9-8D8D-4F65-AF55-014E54BCBA76,1,1
1046024,1,A,0,NULL,0,NULL,0,NULL,"Doug Thorley Header 1981-87 TOYOTA Doug Thorley Header PICKUP TRUCK, 4RUNNER, 20/22R-RE, 2/4WD (WITH o2 SENSOR, NO AIR INJECTION)",CB96C306-82C1-461C-AB79-0151E021CF13,1,0
1023073,0,A,1,NULL,0,NULL,0,NULL,Intake Valve 2TR STD (ea),CAA953B7-A880-4245-819A-015308DB6724,1,1
2070008,0,A,1,NULL,0,NULL,0,NULL,Stoptech 4 Piston Rear Big Brake Kit (2003-2009 4Runner),40B6BF11-D75D-4731-89F3-0158280168C8,1,0
8012427,0,A,1,NULL,0,NULL,0,NULL,Head Washer - 3L (M12 ID .875 OD Black Washer),C8115975-39EF-48EA-8670-0158C707B383,1,0
1035042,0,A,1,NULL,0,NULL,0,NULL,"Low Pressure Fuel Pump Regulator (3-12lbs)
",3B9A7711-D767-4826-B072-015D286ACDEC,1,1
2051363,0,A,1,NULL,0,NULL,0,NULL,"Suspension Lift Kit (3"") Tundra/Sequoia (07-10) Leveling Kit, Front Only",C9731DD9-5AB1-4A14-9343-0160F8B95456,1,0
1016045,0,A,1,NULL,0,NULL,0,NULL,Injector Round Washer,A7A4C0DA-5EB6-46F5-AEDB-0161DDF0E45E,1,0
1020006,1,NULL,0,NULL,0,NULL,0,NULL,Camshaft Kit - 20R/22R Street Camshaft Kit (EFI),60012853-FC65-43AF-B0ED-0164B6CC1F22,0,0
1035038-1,0,A,1,NULL,0,NULL,0,NULL,Fuel Pump(EFI) - Walbro Universal 255lph In-Line,05822EE0-139B-4196-8E81-0166ADDB2353,1,0
1022086,0,A,1,NULL,0,NULL,0,NULL,3RZ Pro Turbo Exhaust Camshaft - Grind Only,D4E18540-6AD3-44E9-836B-017047D9135E,1,0
3050058,0,NULL,1,NULL,0,NULL,0,NULL,AlphaRex PRO LED Tails Jet Black (Toyota Tacoma 2016-2020),293DE06B-C791-411D-9D82-01730549AE6D,0,0
1014241,0,A,1,NULL,0,NULL,0,NULL,Street Hyper Piston Set(w/Rings) - 20R(75-80)(+.040),F1B46192-4909-4B30-A51C-017DAD96AB0D,1,0
1046150,0,,1,NULL,0,NULL,0,NULL,JBA Header Kit - T100 3.4L (1995-01) 1 1/2? Titanium Ceramic Coated Stainless Steel Cat4ward® Shorty,A1060E07-5FF8-4F06-AC1A-018048919D1E,1,0
1032078,0,A,1,NULL,0,NULL,0,NULL,Thermostat - 2RZ/3RZ (180 Degree),6E89B63A-F955-483F-86FB-0186BE61869B,1,1
9035018,0,A,1,NULL,0,NULL,0,NULL,Shifter Nylon Bushing - End of handle (Fits Most Toyota Transmissions),D191321F-CF66-4CA8-8684-018BF3077BC0,1,1
1016093,0,A,1,NULL,0,NULL,0,"Core Pan & Pickup Tube & Shipping Cost $55.00 ",High Capacity Oil Pan - 20R/22R/RE Celica(75-80) (Center Sump w/Steering Box),8AD36D0B-CBCA-495A-AA01-019959DCF22D,1,1
3032482,0,A,1,NULL,0,NULL,0,NULL,Rock Sliders w/o Gussets - 67 (84-88) Xtra-Cab (Pair),6624B7B8-81DE-431A-8EC3-019F4FFA9EBD,1,1
4010028,0,A,1,NULL,0,NULL,0,NULL,"LCE Performance  Square Style Decal 6"" x 6""",D4FAE989-34F8-4A5C-A902-01A5DE98C728,1,1
1021037,0,A,1,NULL,0,NULL,0,NULL,Stage 3 Cylinder Head Without Camshaft - 22R/RE 1985-1995,2C90553F-7083-4DD7-BFC6-01A71ED3FED3,1,1
1016190,0,A,1,,0,NULL,0,NULL,Fuel Level Sending Unit (OEM) 85-87 22RE PU and 4Runner / 88-90 3VZ PU and 4Runner,AF8771F7-7A48-4BF5-AB47-01AF02B4D401,1,0
RM-15020,0,A,1,NULL,0,NULL,0,NULL,1018 steel cold drawn flat 1'' x 4 1/2'' x 12',221E6E45-0E88-4275-B951-01B131CE2B78,1,0
1054086,0,A,1,NULL,0,NULL,0,NULL,Clutch Slave Cylinder - 2013 (2TR Tacoma),301F2FBE-CE8D-43A0-B2DE-01B2EBB99E25,1,1
3033134,0,,1,NULL,0,NULL,0,NULL,"Air Design Full Kit for 2016 & Up Tacoma (Satin Chrome, With OE Style Hood Scoop)",866211F3-7D6A-4315-A31B-01C07AEB56A8,1,0
2051110,0,A,1,NULL,0,NULL,0,NULL,Rear Lift Kit(4) - 89-95(4WD P/U),24E7D8BE-69BC-4E26-9AD3-01C1992D0DA1,1,0
1051002,0,A,0,NULL,0,NULL,0,NULL,Lightweight Flywheel - 3RZ(12lb Billet Aluminum),CCEAAF68-55B9-46CA-9B1F-01C3143B08ED,1,0
1070023,0,A,1,"NEED LABEL []
",0,NULL,0,Radiator Outlet Hose,Radiator Outlet Hose 22r/re Engine side 81-95,E9FE27BD-CA66-4E39-8D19-01C56BD8E12B,1,1
8020087-1,0,NULL,1,NULL,0,NULL,0,NULL,"ALU POWER 1/2"" End Mill 1 1/4""LOC",9CCD584A-E6CF-4BCC-8BEA-01C899DEFF6A,0,0
1053029,0,A,1,NULL,0,NULL,0,NULL,Street Clutch Kit 2005-2010 1GRFE 4.0 Liter Tacoma & FJ Cruiser,257DDCCD-B7ED-40A9-9F47-01CC7620340C,1,0
1016315,0,A,1,NULL,0,NULL,0,NULL,"DipStick to Union O-Ring, front of engine 3RZ",CBDB80F4-BABF-47CC-AC62-01DF16D87023,1,0
1055432,0,A,1,NULL,0,NULL,0,NULL,Brake Hardware - Caliper Bolt Washer,C2863CD3-C56A-4987-87BC-01E1534610AA,1,1
1054042,0,A,1,NULL,0,NULL,0,NULL,Clutch Master Cylinder - 8/78-7/83(20R/22R/RE Pickup),A6E402C0-F935-4049-A705-01E6E7CBB40F,1,1
3036011,0,A,1,NULL,0,NULL,0,NULL,2002-2009 V6 4Runner Catch Can Kit,B3F86FB8-25AC-429F-BB18-01F44A99040F,1,0
1055201,0,A,1,NULL,0,NULL,0,NULL,Front Disc Brake Kit 84-95 With Stainless brake line upgrade and Drilled and Slotted Rotors (2WD),C0910838-B20E-444D-8AF7-01F50B0A8012,1,1
1014342,0,A,1,"NEED MOVED
NEED MOVED
",0,NULL,0,NULL,Street Stroker Pistons (9.7:1)  22R/RE(85-95)(+.040) Compression height 1.250 with symetrical valve reliefs,AD37DABD-3EB9-4233-9720-0200911CAAFF,1,1
1016131-1,0,A,1,NULL,0,NULL,0,NULL,Street Water Pump - 4AG w/Housing & Gaskets,5E686BA3-6FBF-4873-AF67-0202CCBAFF24,1,0
2056091,0,,1,NULL,0,NULL,0,NULL,Rock Assault Rear Tacoma Axle Housing (W/ E-Locker W/ Inspection Hole),F72FFF84-FAC5-4122-92FE-0208C0BD42CF,1,0
1016312,0,A,1,NULL,0,NULL,0,NULL,"Oil Dipstick Tube Union - 3RZ ",A2B8D6DF-D5F2-458A-9C9B-021526764633,1,0
3010405,0,A,1,NULL,0,NULL,0,NULL,"Aluminized Heat Shroud - 1"" x 36""",82F3BE8F-45F5-4D44-94DE-0220209289B9,1,0
2060143,0,,1,NULL,0,NULL,0,NULL,"Misalignment Spacers, 7/8"" to 3/4""",5473B83C-D7AD-4A0E-ACBF-0220E1453456,1,0
1091541,0,A,1,NULL,0,NULL,0,NULL,Front Axle - 54mm Axle Socket,0B84B92C-2264-41FE-B2D8-02223FC382A0,1,1
1018041,0,A,1,NULL,0,NULL,0,NULL,Complete Gasket Set - 5VZ,174C5312-65A8-4F87-A9E8-0224AED39B5F,1,1
1023002,0,NULL,1,NULL,0,NULL,0,NULL,Street Performer Retainer Set(8) - 20R/22R/RE (Single Spring),D56C61BF-1D2B-4F5E-9565-0224DC653195,0,1
4070005,0,A,1,NULL,0,NULL,0,NULL,"HPS Blue  Reinforced Silicone Radiator Hose Kit,
84-95 Pickup, 22RE Non Turbo, EFI",CC1242CF-8C3E-451A-B27E-0231F5BA1696,1,1
1013069,0,A,1,NULL,0,NULL,0,NULL,Main Bearing Set - 20R/22R STD(75-81) (Offset/Offset Locating Tabs),78F8B357-2606-4847-B7DE-023609F901B5,1,1
8030002,0,NULL,1,NULL,0,NULL,0,NULL,Solid Wire .030 (Sold per pound),74F220E8-7A6F-48E7-B4E8-023D65669849,0,0
4805070,0,A,1,NULL,0,NULL,0,NULL,ARB Differential Axle Breather,4C8A9130-D136-41F9-83CE-0241568B09A7,1,1
3035104,0,A,1,NULL,0,NULL,0,NULL,"K&N Recharger Filter Care Service Kit (Aerosol), Includes 6.5 oz. Spray Oil & 12 oz. Filter Cleaner
",05C6F883-4747-4CAA-9BF1-024DD1C902C6,1,1
1011000,1,A,0,NULL,0,NULL,0,NULL,Pro Block Only - 22R/RE (81-84) Fully Prepared w/Freeze Plugs,B1AE4CE9-178C-4A34-A9DB-025983139C7E,1,0
4070076,0,A,1,NULL,0,NULL,0,NULL,"HPS Blue Reinforced Silicone Heater Hose Kit, 2010-2017 4Runner, 4.0L V6",7E589E80-D823-42FB-8B51-0267F81557A9,1,0
0000608,0,S,1,NULL,0,NULL,0,NULL,"Tab Locking Kraft Stay Flats #1 - 6x8"" (100 case)",4EFE515F-7D6D-42FB-96D5-0268744DC430,0,1
9010022A,0,A,1,NULL,0,NULL,0,NULL,2TR Air Injection Manifold Flange,53665027-D804-4A03-A4B5-026DF0F7406D,1,0
8010007,0,A,0,NULL,0,NULL,0,NULL,Auveco Wire Terminal(Male) no grommet,B9113C75-1996-4D27-802F-0287E5D698E5,1,0
2051724,0,A,1,NULL,0,NULL,0,NULL,"Knuckle Stud Cone Washer  ",9859521D-9666-4331-8C74-0289788FB654,1,0
2050513,0,A,1,NULL,0,NULL,0,NULL,"OEM Right Tie Rod 96-02 4Runner ",595112F5-A98A-4A7D-8056-02BC1191538B,1,0
3050038,0,NULL,1,NULL,0,NULL,0,NULL,ALPHAREX NOVA G2 HEADLIGHTS Black (Toyota Tundra 2014-2021),878C2117-F7DF-477C-AF62-02BEEE08DEC5,0,0
8012430,0,A,1,NULL,0,NULL,0,NULL,8/32 x 5/8 Socket Head Cap Screw,0101E019-E5E3-471C-83F2-02C228BCE136,1,0
1052018,0,A,0,NULL,0,NULL,0,NULL,2TR OEM Flywheel Bolt,FBB3E2AC-9F88-46C6-B011-02D287F91F93,1,0
4070000,0,A,1,NULL,0,NULL,0,NULL,"HPS Reinforced Black Silicone Radiator Hose Kit Coolant, 89-95 pickup, 3.0 V6",4B72F03E-1904-4B2F-842A-02DCB63B922D,1,0
2060173,0,,1,NULL,0,NULL,0,NULL,"Creeper Joint, 1""-12 LH, TG, 5/8"""" Single",B18F96BA-38CF-4B00-B3F5-02DEAA02084D,1,0
1062001,0,A,1,NULL,0,NULL,0,NULL,"Injector Connector - 22RE Type E, F, 2rz, 3rz, 3vz, 5vz  Plug with wires (Each)",C7C99DB5-6183-42A2-B322-02E4D1B4DC93,1,1
1099040,0,,1,NULL,0,NULL,0,NULL,SM-FluidTemp - Fluid Temp Sensor Module,16CD0C0F-F0C7-453A-876F-02F022B1CC9F,1,0
1035051,0,A,1,NULL,0,NULL,0,NULL,Jet - DCOE Accel. Pump Jet,3EF95E15-740B-40DA-B57D-030753164569,1,0
2040073,0,NULL,1,NULL,0,NULL,0,NULL,"1979-1985 Pickup & 4Runner Pro Comp PRO-X Twin Tube Shock Absorber Pair (Front / 2.5""-3"" Lift)",A285512D-AF89-455F-953C-030CF6FF31A5,0,1
1014187,0,A,1,NULL,0,NULL,0,NULL,Street Piston Ring Set(Total Seal) - 22R/RE/RET(85-95)(+.020),E1F6606E-D02B-4CD8-9003-031749673F35,1,1
9550731,0,A,0,NULL,0,NULL,0,NULL,repairs & maintenance equipment,32270DFC-14B0-42C8-A6BE-0318EC358DED,1,0
8012387,0,A,1,NULL,0,NULL,0,NULL,M8-1.25 x 40mm Flat Socket Cap Screw - PLN 10.9,1C926F9A-8859-42AD-AC80-0330EA5F9CF6,1,0
7015270,0,A,1,NULL,0,NULL,0,NULL,"TVS 1900 to TVS 2650 Upgrade kit 
2007 - 2021 
",EB9013FD-ECDD-40DA-A947-033126FC2FDF,1,0
4060027,0,,1,NULL,0,NULL,0,NULL,2011 Tacoma Billet Grille Insert Polished,DFC893CA-FDEB-4029-B491-03398FD14BBF,1,0
1055212,0,A,1,NULL,0,NULL,0,NULL,Rear disc brake kit 79-95 Pickup 4WD  With Rear Disc Brake Conversion Kit (79-95 Pickup 4WD) Stainless Brake Lines / Drilled Slotted Rotors / Calipers TBD.,B0E72633-ECDA-4431-A317-0344FA9F6A04,1,1
8030009,0,A,1,NULL,0,NULL,0,NULL,3/32 Tungsten Elec. 2%,5D38B3BB-8CA9-4C6F-A585-03457E6091D6,1,0
1096000,0,A,1,NULL,0,NULL,0,NULL,OEM Battery Hold Down (95-04 4Runner / Tacoma),A0310934-5E07-4593-9A54-035343A73ABC,1,1
1072060,0,A,1,NULL,0,NULL,0,Parker #33782-4-4,"Push Lock fitting - Female JIC 37 degree swivel, 1/4"" ID, 4mm, 7/16-20 - Steel - Differential Breather kit",FB70F3F3-532A-444D-A5DB-0354F6C8FF5C,1,0
1015059,0,A,1,NULL,0,NULL,0,NULL,Balance Shaft Removal - 3RZ Oil Jet Gasket,66BEBC4F-B629-4882-99BD-03643B9F60E9,1,0
RM-11122,0,A,1,NULL,0,NULL,0,NULL,Aluminum 6061 T6  5'' Dia. x 4.3'',26DA602D-037A-4C47-AD75-0367D349223D,1,0
8020099-1,0,,1,NULL,0,NULL,0,NULL,Loctite - 50 ml Pipe Sealant,D58899EC-5ABE-4190-BB1C-0368AEF514A2,0,0
1091520,0,A,1,NULL,0,NULL,0,NULL,"Axle Seal - 75-95 (7.5"" & 8"") Rear Outer Axle Seal",800823DA-6CA7-4793-AFDD-036C11A72B0C,1,1
1046165,0,,1,NULL,0,NULL,0,NULL,"JBA Header Kit - FJ & 4Runner (13-15) 4.0L with Air Injection 1 5/8"" Polished Long Tube",9740D184-2A05-4411-928C-037002A80886,1,0
4017005,0,A,1,NULL,0,NULL,0,NULL,"Baja 40"" straight lightbar",60F2759D-4B07-4867-9AB1-038512EC8032,1,0
2040078,0,NULL,1,NULL,0,NULL,0,NULL,"1986-1989 4Runner Pro Comp PRO-X Twin Tube Shock Absorber Pair (Rear / 4"" Lift)",1FF1E5D7-B215-4C0D-954C-0388BD1F2742,0,0
4020002,0,A,1,NULL,0,NULL,0,NULL,RoadTrip T-shirt LRG,CC679292-7455-4711-9905-03901E8080DF,1,1
1023878,0,A,1,NULL,0,NULL,0,NULL,Pro Valve Shim(Under Bucket) - 8mm x 2.75mm,E487E94A-0D2D-44AA-95BD-03A1B57C280A,1,1
1043009,0,A,1,NULL,0,NULL,0,NULL,"Catalytic Converter(49 State Smog Legal) - 22R/RE/3VZ 17.5"" w/2.25"" Flange",6CBD8FB8-0562-4932-A908-03B1E648FB43,1,1
1035038-2,0,A,1,NULL,0,NULL,0,NULL,Walbro Fuel Pump Installation Kit,FCC1BDBE-B64B-421C-8CA4-03BA1BC21A5E,1,1
80121161,0,A,0,NULL,0,NULL,0,NULL,10-32 x 3/8 Buttonhead Socket Cap Screw - PLN,503B556D-DB6E-4507-8563-03BA9E7DD9D7,1,0
5011097,0,A,1,NULL,0,NULL,0,NULL,Core Injector - 22RE Type-E Equalized Fuel Injector  (88) 195cc 2.5 OHM,E00154A8-7662-4F19-B9BB-03BFF983DFB8,1,0
1023896,1,NULL,0,NULL,0,NULL,0,NULL,Used in Volusion as Parent for Street Valve Shim - 2RZ/3RZ(Fits Stock Buckets),22D1EB91-B1FE-406C-A42C-03C6B8A51122,0,0
4030019,0,,1,NULL,0,NULL,0,NULL,"1984-1988 4WD Pickup / Hilux Rear Stock Replacement Spring +3""",3281A9D5-1FEA-4330-BF86-03CF22828CD7,1,0
8012312,0,A,1,NULL,0,NULL,0,NULL,M6-1.00 x 60mm Hex Full Thread Cap Screw - Zinc,46FEC276-E133-46BB-8149-03D22E9C836A,1,0
1013880,0,A,1,NULL,0,NULL,0,NULL,Main Bearing Set  STD - 4.7L 2UZ-FE,B2053219-FC61-4FD7-AA6D-03D8DAE2F094,1,0
1093069R,0,A,1,NULL,0,NULL,0,NULL,Heavy Duty Radiator - 22RET(85-88) P/U & 4Runner,B5A1AFB4-74AC-4B23-85AC-03EFE3B0470B,1,0
1031003,0,A,1,NULL,0,NULL,0,NULL,Holley 350 CFM Carburetor - Modified *** NLA,766CFC31-FC8F-4C06-99CC-03F0D9F09706,1,0
1055133,0,A,1,NULL,0,NULL,0,NULL,"Stainless Steel Brake Line Kit (3pc) - 95-04 Tacoma(6 Lug 4wd & 2WD PreRunner) (3"" extended Length)
3 Line Kit - Fronts 22"" / Rear 16""",FE097B78-8DFE-485C-93DA-03FFB9BBE438,1,1
4060032,0,,1,NULL,0,NULL,0,NULL,2005-2011 Tacoma Billet Bumper Grille Insert Black,3332D5F5-5968-4F7C-92A3-040CA2F728F1,1,0
8012376,0,A,1,NULL,0,NULL,0,NULL,M8-1.25 x 25 (35mm Overall Length) D.E. Stud Grd. 8.8,57BB9BEC-A773-4040-9991-0410A9B73751,1,0
2053138,0,,1,NULL,0,NULL,0,NULL,Tacoma Rear Differential Armor (1995-2013),E7D7B7B5-9321-47C3-98E6-041263035331,1,1
2056021,0,,1,NULL,0,NULL,0,NULL,1995 2.7L Tacoma Trail-Link Front 3-Link (Kit C) - ARB 4.88,A9B78D00-3296-4E7B-88EB-042CCC125D13,1,0
7015250,0,A,1,NULL,0,NULL,0,NULL,Magnuson Supercharger Fit Kit - FJ Cruiser 4.0L (07-09),1A1478A0-AE2C-4FA9-B3EF-0441DC49E308,1,1
4030051,0,A,1,NULL,0,NULL,0,NULL,1979-1985 4WD Pickup / Hilux Front Stock Replacement Spring (Each),B1087F85-B870-476C-9684-0459D8C69D72,1,1
Anodise Black w/ Laser,0,NULL,1,NULL,0,NULL,0,NULL,"**Anodize per Mil-A-8625,Type III, Class 2, Black**
**Laser Etch per Specifications**",88736803-392A-4751-AFDE-046ECFF33D00,0,0
1054124,0,A,1,NULL,0,NULL,0,NULL,Outer Flange Gasket for auto hub 4wd IFS trucks 1985-1995,5F23DDF7-B95F-4A2B-8C64-04771C218B78,1,0
7015249,0,A,1,NULL,0,NULL,0,NULL,"Magnuson Supercharger Kit - 3.4L (5VZFE), 4-Runner (96-02) Tacoma (97-04) T-100 (97-98) Tundra (00-04)TVS1320",EA76B4E5-C1F4-42A8-9393-047A4A684D43,1,1
5011090,0,NULL,1,NULL,0,NULL,0,NULL,Core Cold Start Injector (Early) up to 1987,7067FB76-991D-4B46-925C-047C887AB1DA,0,0
8200006,0,A,1,NULL,0,NULL,0,NULL,"2"" Foam Tape - 2 sided Weather-Resistant Foam Tape, 1"" Width x 5 Yards Length, .031"" Thick",66F0B098-61CB-4779-B09F-04810325CA7D,1,0
2051105,0,,1,NULL,0,NULL,0,NULL,"Front Lift Kit 5""- 79-85(4WD P/U & 4Runner)",E52AFCB6-75EF-4ADD-81D3-0483D090DEE2,1,0
1072005,0,A,1,NULL,0,NULL,0,NULL,Block Off Plate 44mm V-Band,CB205C2E-77A4-4900-9FB5-04A23E2FE0D5,1,0
8012195,0,A,1,NULL,0,NULL,0,NULL,M10 Flat Washer Sm. Patt - Zinc,F33BFE8D-64A5-40AB-9281-04BBF31F25E5,1,0
1010012-DS,0,NULL,0,NULL,0,NULL,0,NULL,Master Rebuild Kit - 3RZ(95-04),969F0821-5D0E-42FC-B88D-04C2B456FB2E,1,0
1096023,0,A,1,NULL,0,NULL,0,NULL,OEM Fuel Pressure Regulator (1996-2004 5VZ 4Runner/Tacoma/T100/Tundra),36E35826-D775-4E8A-99B0-04CF3ECA13C0,1,0
1072416-1,0,NULL,1,NULL,0,NULL,0,NULL,OEM PCV Valve 3VZ Steel,757AE788-A34E-4D0E-ACF3-04D811579C6D,0,0
1034960,0,NULL,1,NULL,0,NULL,0,NULL,Sea Doo Center Misc,CBE662F4-10A9-40BA-A7F8-04D9E30BD760,0,0
2051465,0,A,1,NULL,0,NULL,0,NULL,"	Trail Safe Knuckle Ball Wiper Seal",20505AAB-CFEC-499D-88DD-04DFE94B0B7A,1,0
1022001,0,A,1,NULL,0,NULL,0,NULL,"Cam Degree Wheel - Universal 7"" Diameter",61DDF3C9-EA02-4912-B8CA-04E795266D91,1,1
8011006,0,A,1,NULL,0,NULL,0,NULL,"5/8 Vacuum Cap
",E875E613-6283-440A-8352-04EF4074170A,1,0
RM-15004,0,A,1,NULL,0,NULL,0,NULL,1018 steel 3/8 x 4 flat bar x 5-3/8,C845F1C7-DB38-4ACC-A67D-04F6AE199E87,1,0
2056051,0,,1,NULL,0,NULL,0,NULL,"Weld On Steering Wheel Disconnect - 3/4"" O.D.",A70CCCB4-A7A9-4F19-9983-050A93CCF42C,1,0
3033139,0,,1,NULL,0,NULL,0,NULL,Air Design Fender Vents Kit for 2014-2021 Tundra (Satin Silver),1DEA4041-D6FA-434E-A408-050BFEF9B72B,1,0
Extar 1,0,A,1,NULL,0,NULL,0,NULL,Exp Compensator as per dwg & instructions,3B9FEA7A-5ECD-4538-802F-0513D587D95B,1,0
1023851,0,A,1,NULL,0,NULL,0,NULL,Pro Valve Shim(Under Bucket) - 8mm x 1.50mm,4A027E2D-4189-4173-AE7B-052EC5239E05,1,1
1093135,0,A,1,NULL,0,NULL,0,NULL,"Electric Fan Kit - Tundra(00-06)
",33715775-022E-48A0-B75C-0532B5E38512,1,0
1030030B,0,NULL,1,NULL,0,NULL,0,NULL,Weber 38 Carburetor Kit - 20R/22R,3A614C3C-59D1-4077-8D56-0536D4F60B14,0,1
1054129,0,A,1,NULL,0,NULL,0,NULL,Inner Seal IFS,518795B3-A68A-4CFF-BDF4-053EA3A95B3B,1,0
8020223-1,0,S,1,NULL,0,NULL,0,NULL,"Straight Flute Tap: #6-32 UNC, 3 Flute, Bottoming Chamfer (Desert Cat)",ECDA343B-1AB8-49EA-85B7-05408BA6F737,0,0
1018002,0,A,1,NULL,0,NULL,0,NULL,MLS Head Gasket  - 2RZ/3RZ(97mm Bore x .051 Thick),EA34F02D-8BB7-48CF-808D-0549FF6AB345,1,1
2051615,0,A,1,NULL,0,NULL,0,NULL,1995-2004 3.4L Tacoma Rock Assault Power Steering Kit,31874F32-28DE-451B-BED4-054B76EFF594,1,0
1014234,0,A,1,NULL,0,NULL,0,NULL,Pro Piston Ring Set - 22R/RE/RET(94mm)(Wiseco),E37A07B1-DC6E-4BF4-BE01-055B560AA7E7,1,1
1018036,0,A,1,NULL,0,NULL,0,NULL,Complete Gasket Set - 3VZ 88-95,83451CEF-2D03-4B3A-A1B8-0562CD6E5BF2,1,1
1023864,0,A,1,NULL,0,NULL,0,NULL,Pro Valve Shim(Under Bucket) - 8mm x 2.15mm,995B56C8-E65B-4C0C-90C3-05664428B150,1,1
1032098,0,A,1,NULL,0,NULL,0,NULL,Intake Manifold Gasket Set Teflon Heat Isolation 2RZ/3RZ 8 Port,562F12EB-53E1-4610-B96F-056A9D723E36,1,1
1072010,0,A,1,NULL,0,NULL,0,NULL,"Blow Off Valve Weld On Fitting-Stainless/Race Port ",30BDC838-441F-4B60-85D0-056E1D0A94D3,1,0
1030000,0,NULL,1,NULL,0,NULL,0,NULL,"Weber 32/36 Carb & Intake Performance Package 20R 
Includes: Weber 32/36 Carb, Intake Manifold and Air Filter",AF3F9394-B62E-4430-8F97-057858CAC306,0,1
5030005,0,A,1,NULL,0,NULL,0,NULL,Ultimate CV Axle Set for Landcruiser 80 Series (91'-97') - 30 Spline Upgrade,BE9AA82B-7509-4DE3-A93F-057CCB88EDED,1,1
8012384,0,A,1,NULL,0,NULL,0,NULL,M8-1.25 x 40mm D.E. Stud PLN,40357240-7FD7-44F0-A58D-0586F88D9888,1,0
1063024,0,A,1,NULL,0,NULL,0,NULL,LCE Pro Fuel Injection Kit #2 4 Cylinder,8C07FB5E-C52A-4688-B00C-058F17260609,1,0
4070042,1,A,0,NULL,0,NULL,0,NULL,"HPS Black Reinforced Silicone Radiator+Heater Hose Kit,1989-1992 4Runner, 3.0L V6 w/Rear Heater",A497D2C6-755C-4B14-B4FB-058F28F6BE88,1,0
2019219,0,NULL,1,NULL,0,NULL,0,NULL,Used in Volusion as Parent ID for Nitrous - Polished Nitrous Bottle,A0E4F69D-8BB7-4F9B-8BB8-05986D5C2CF1,0,0
1051025,0,A,1,NULL,0,NULL,0,NULL,Flywheel - 2GR - 40lb Steel,868770F0-DA5A-4A2D-9050-05AA0AECBE2A,1,1
8020047-1,0,NULL,1,NULL,0,NULL,0,NULL,1/2-13 Rollform Tap,00600B49-E333-4EAC-8A4D-05B918447251,0,0
GSS-19-MOHAVE-146,0,A,1,NULL,0,NULL,0,NULL,"Mohave glock slide, G19 Gen 1-3 Graphite Black",50E7CC71-2656-4D34-B3B9-05BFFB7D0907,1,0
1022000,0,A,0,NULL,0,NULL,0,NULL,CAM BLANKS,6D3392F4-6414-4D58-920D-05D3656E86FF,1,0
1081007,0,A,1,NULL,0,NULL,0,NULL,OE Toyota Distributor - 3VZ(92-95),59C78F0F-ED73-4A9D-8537-05D6A9A177EC,1,0
3032407,0,,1,NULL,0,NULL,0,NULL,Rock Defense Rear Bumper - (90-95) 4Runner,CF8396C8-8D76-46AC-A16B-05D6C3314512,1,0
GSS-19-ODEN-236,0,A,1,NULL,0,NULL,0,NULL,"Oden glock slide, G19 Gen 1-3 OD Green",2984B1DA-B0B8-4E31-85C7-05DC516B92D4,1,0
1041042,0,A,1,NULL,0,NULL,0,NULL,LCE Turbo Manifold 2RZ/3RZ CNC with 40mm Gate,02057EA7-EAB1-48CE-B362-05DC5CA1F472,1,1
2051656,1,A,0,NULL,0,NULL,0,NULL,Mountain Logo Shift Knob,B9182210-8067-4046-9515-05DDFB497E3D,1,0
RM-11609,0,A,1,NULL,0,NULL,0,NULL,"6061 T-6 aluminum Flat Bar 1""x6"" saw cut at 8""",3EE67865-9103-4660-BEF4-05E25971F042,1,0
1041062,0,NULL,1,NULL,0,NULL,0,NULL,2RZ/3RZ Engine Swap Header Kit,51F0EA3C-99D0-41C7-B114-05E25A272863,0,1
1609026,0,A,1,NULL,0,NULL,0,NULL,"Air/Fuel Sensor Denso Air Fuel Sensor: 4 Wire, Direct Fit, Heated, Wire Length: 7.09",03F7669E-D237-4E05-A5A0-05ECEA537E17,1,1
1080070,0,NULL,1,NULL,0,NULL,0,NULL,03-04 Tundra 5VZ 250 Amp Alternator,57448641-308E-4361-B453-05F07F4F0E98,2,0
3035024,0,,1,NULL,0,NULL,0,NULL,"K&N FIPK - T-100 (95-98) 3.4L (Air Filter/Filter Charger)
",EB9CB5EC-E7C5-47BB-A8B9-05F40BC5C9BD,1,0
1023165,0,A,1,NULL,0,NULL,0,NULL,Street Valve Shim(2.80mm) - 2RZ/3RZ(Fits Stock Buckets),C0A2FBF3-3CE9-4FC0-8CA2-05F5067F40E1,1,1
1080011,0,NULL,1,NULL,0,NULL,0,NULL,Used in Volusion as Parent ID for High Output Alternator 3VZ Truck & 4Runner,FDA300EB-6654-417C-9551-05F617230132,0,0
2043354,0,A,1,NULL,0,NULL,0,NULL,"Bump stop, black, w/10mm single stud",54AA1637-092D-4DE1-B0DC-05F9497BAA1F,1,0
3061016,0,A,1,NULL,0,NULL,0,NULL,H4 Headlight Conversion Kit Rectangular,DF0D1E5A-F76A-4C94-A004-05FE79A2F8A6,1,1
2056083,0,,1,NULL,0,NULL,0,NULL,Rear Rock Assault Axle Housing Kit (IFS Width) (Regular Locker W/O Inspection Hole),3E4A78C8-FA0B-4B5A-8273-05FF94BFD185,1,0
2043509,0,A,1,NULL,0,NULL,0,NULL,"Super Bushing Set - Toyota Pickup 4WD (86-88) Includes front and rear spring and shackle bushings, front sway bar bushings, torque arm bushings, cab mounts, tie-rod end boots.",150E671E-A95D-4637-95E7-0620833BB905,1,0
1024057,0,A,1,,0,NULL,0,Valve Cover Gasket Set,22R/22RE Valve Cover Gasket Set (85-95),51BEF5B3-D9B6-492D-BC74-06235D8796A8,1,1
2044035,0,,1,NULL,0,NULL,0,NULL,"3.5"" Long Travel Kit - Boxed Lowers: 1996-2002 4Runner",40623885-D998-469F-818D-063415EF65C6,1,0
2051499,0,,1,NULL,0,NULL,0,NULL,"Axle Hsg Kit, RH Drop Front Axle, 3-Link, E-Locker WMS-WMS 61.75""",A3D999A4-2484-4A85-8FA4-063485749E31,1,0
1046122,0,A,1,NULL,0,NULL,0,NULL,JBA Header Kit - Tacoma (01-04) 3.4L 1 1/2? Natural Stainless steel Cat4ward® Shorty,1840A7A3-0D1F-4092-B2A0-063B666F8796,1,1
1010080,0,NULL,1,NULL,0,NULL,0,NULL,4.5L 1FZ-FE 1993-1997 Land Cruiser Master Rebuild Kit Includes Water Pump & All Timing Chain Parts,A4BD2FFD-FE05-4E47-BF24-063DB1A97209,0,1
1061011,0,A,1,,0,NULL,0,Big Bore TB Kit,"Big Bore Throttle Body Kit - Black (New)
(89-95)",99892975-AA10-480E-8CDD-0642CAF1EDAA,1,1
1030039,0,NULL,1,NULL,0,NULL,0,NULL,"Weber 32/36 Carb & Intake Performance Package - 22R(Includes: Weber 32/36 Carb Electric Choke, Intake Manifold and Chrome Air Cleaner w/K&N Filter)",E1465121-E107-4C05-88CF-06432F505E5D,0,1
1018044,0,A,1,NULL,0,NULL,0,NULL,Rear Seal - 4AG OEM Rear Main Seal,1E82D80B-93BD-431F-829F-0647592E04A3,1,0
5011101,0,NULL,1,NULL,0,NULL,0,NULL,Core - Oil Filter Fitting 22R,B9F5C6EA-C37A-44B5-A337-0648CB2D4339,0,0
1014283,0,NULL,1,,0,NULL,0,St Hy Pistons w Rings,Street Hyper Piston Set(w/Rings) - 22R/RE(85-95)(+.030),ADF44639-E825-4538-B18A-06507B034DE2,0,1
8012390,0,A,1,NULL,0,NULL,0,NULL,M8-1.25 x 40mm Hex Cap Screw Sm. Patt - Zinc,37F547D5-3F03-4DA4-82EE-0679F5E09756,1,0
1014303,0,A,1,NULL,0,NULL,0,NULL,Street Hyper Piston Set(w/Rings) - 2TR(+.030),7239FEE3-5CCF-44E9-AD89-067B531D7C0F,1,0
1045041,0,A,1,NULL,0,NULL,0,NULL,"45 degree Bend 1 1/2"" x 2' - 304 Stainless Steel (.065 wall)",8A1E205E-7D8C-4D4A-B105-069539E61EEE,1,0
2051145,0,,1,NULL,0,NULL,0,NULL,"Link, Panhard Tube F3",880BCF66-31AF-4B0F-850F-06AF4D5B78EF,1,0
1014317,0,A,1,,0,NULL,0,St Hy Pistons w Rings,Street Hyper Piston Set(w/Rings) - 3RZ(+.030),93C66991-3499-4A40-B523-06B43A8F9410,1,1
1002048,0,A,1,NULL,0,NULL,0,NULL,Long Block - 22R/RE Stage 3 Pro Stroker Long Block,AFB51B83-0912-4F4B-B275-06B6AFB6E53D,1,1
3034006,0,A,1,NULL,0,NULL,0,NULL,ADD Capture Fairlead (Black),085B5F3A-7D61-44E3-B576-06C011001E5B,1,0
1081031,0,A,1,NULL,0,NULL,0,NULL,22R/RE Distributor Drive Gear (Requires A Mechanical Fuel Pump Eccentric Or Spacer For Electric Fuel Pump Applications),E1233500-2FCA-4FCC-956E-06D478C11EC4,1,1
1014212,0,A,1,,0,NULL,0,Safety Piston Rings,Street Piston Ring Set (Safety) - 22R/RE/RET(85-95)(.040),B038551B-3551-45C0-817F-06DE205ADBE8,1,1
3035113,0,A,1,NULL,0,NULL,0,NULL,"Breather - 20R/22R/RE/RET/2RZ/3RZ (2 Diameter With 1/2"" Rubber Base)",B126C29E-A613-4D05-9526-06DE4C1EC633,1,0
1013066,0,A,1,NULL,0,NULL,0,NULL,Main Bearing Set - 20R/22R 0.75mm(75-81) (Offset/Offset Locating Tabs),A9047737-F347-4A74-9EA9-06EC26FE227E,1,0
1072431,0,A,1,NULL,0,NULL,0,NULL,Silicone Hose - 1/4 (6mm) Black Silicone Vacuum Hose - 10 Ft. Roll,941EAFA5-F24A-4EB0-A242-06F5160BC75A,1,1
8012156,0,A,1,NULL,0,NULL,0,NULL,5/16-18 x 1 Socket Head Cap Screw - S.S.,5FD73792-1D9F-4BBD-8B8E-06F5BE1EB402,1,0
3050112,0,NULL,1,NULL,0,NULL,0,NULL,Used In Volusion as Parent ID for Morimoto XB LED Tails (Toyota Tundra 2014-2021),7822B6DF-F3E5-4825-9779-06FB0883A669,0,0
4070157,0,A,1,,0,NULL,0,HPS Heater Hose,HPS Reinforced Silicone Radiator & Heater Hose Kit Black (3RZ / 1995-2004 Tacoma),88622B02-8F28-45B0-B8B3-0708D848FCC8,1,1
1017025,0,A,1,NULL,0,NULL,0,NULL,3RZ Pro Cylinder Head Water Outlet Plate O Ring,B6BAA5C4-80F5-4ADD-9CC2-0709A15FDC43,1,0
1020221,0,A,1,NULL,0,NULL,0,NULL,Haltech Elite 750 22RE Fuel Management System w/ Complete Harness Kit,4CCE4287-F13E-4B69-8ED9-070E6B4BEC7E,1,1
1055302,0,A,1,NULL,0,NULL,0,NULL,"Tundra Brake Caliper - Right Side (S13WE Caliper Casting
)",FE50CE4C-FDE8-4AE1-B611-071167FEC627,1,1
9035043,0,A,1,NULL,0,NULL,0,NULL,Short Shifter Base Gasket - 3VZ(2wd)(Small Pattern),51FDFE3E-F409-4AF3-AD68-072526AF75EA,1,0
1043008,0,A,1,NULL,0,NULL,0,NULL,Catalytic Converter*RAW* (49 State Smog Legal) - 2.25 Inlet/Outlet - 13 x 6.5 Body,6355F991-EDE0-48C9-AA26-072B3D85006D,1,0
2040001,0,A,1,NULL,0,NULL,0,NULL,"Toytec 2"" Front Ball Joint Spacer Kit (4WD) For 1986-1995 Pickup & 4Runner (4WD",AE4B4A9F-ADDD-462B-AF90-073404CEC347,1,1
4060012,0,,1,NULL,0,NULL,0,NULL,2012-2015 Tacoma Upper Class Mesh Bumper Grille Overlay Black,47392A83-C0C7-472A-B12E-07346A17B720,1,0
2051229,0,NULL,1,NULL,0,NULL,0,NULL,Used In Volusion as Parent ID for Chilkat E-Locker,8060ECB1-B6D8-45A5-99A9-0735F78445DF,0,0
4013003,0,A,1,NULL,0,NULL,0,NULL,Assault Industries Apache V2 Rear Bumper Polaris RZR 900,CE29FEE2-0930-4AE4-8984-0739372E712E,1,0
1010081,0,NULL,1,NULL,0,NULL,0,NULL,4.5L 1FZ-FE 1993-1997 Land Cruiser Master Rebuild Kit,B13B2855-DC60-4147-B238-073DB42C8D4F,0,1
WP77201-220,0,A,1,NULL,0,NULL,0,NULL,Weber Air Correction Jet 2.10 (32/36/38 Downdraft),F4941583-2A7F-4B21-A1AC-07429E32BBDF,1,1
2051730,0,,1,NULL,0,NULL,0,NULL,"Rock Recovery Winch Line - 5/16"" x 25'",65DAECDB-A96C-4AB2-BA89-0743A3EB6FB9,1,0
1083042,0,A,1,NULL,0,NULL,0,NULL,"Denso Spark Plug Wire Set 20r/22r/re/ret 1978-1992 
",69F7108C-242C-4A3B-9FD2-0746F025B822,1,0
1072450,0,A,1,NULL,0,NULL,0,NULL,"Silicone Coupler(Black with Logo) - 2"" x 3"" long
1-24    $6.84
25-99    $5.93
99+   $4.56",CD52AD5C-3C3F-4350-B73D-075A0248DD0B,1,0
1012165,0,A,1,NULL,0,NULL,0,NULL,Long Block - 3RZ (95-98) Stage 1 Series (W/ Distributor),A4FEAA47-688A-4A72-BD1C-07620A297ACF,1,1
0120806,0,NULL,1,NULL,0,NULL,0,NULL,Box -12 x 8 x 6  Bundle 25,E3EC9BC1-B437-484D-BA1E-0765F0974539,0,0
1014124,0,A,1,NULL,0,NULL,0,NULL,Pro Stroker Piston(ea)(10.0:1) - 22R/RE(81-84)(+.080),563B808B-0AC3-4F8A-BEAD-076C6123EAAA,1,0
5011203,0,NULL,1,NULL,0,NULL,0,NULL,Core - 2RZ/3RZ Throttle Body - 75190,C02CBA92-18B1-4608-87B0-076DD20DDC02,0,0
1014325,0,A,1,NULL,0,NULL,0,NULL,Pro Piston Set(8.5:1) - 22R/RE/RET(81-84)(+.040),973EBA48-1705-4992-A8E2-0771C1AC2041,1,0
1013147-1,0,A,0,NULL,0,NULL,0,NULL,Rod Bearing Set - 3VZ 0.25mm,43C38188-6703-4D06-817D-07730463BFE6,1,0
1033016,0,A,1,NULL,0,NULL,0,NULL,Adapter - Holley 500 Carb to Stock 20R Manifold Adapter Kit,87EEBBAD-65ED-46D8-AA43-077B4116561F,1,1
8012286,0,A,1,NULL,0,NULL,0,NULL,M6-1.0 x 12mm Buttonhead Socket Cap Screw PLN,2EABAF17-8AE6-4976-94FC-07846E5536FC,1,0
1099202,0,A,1,NULL,0,NULL,0,NULL,2006-2018 FJ Cruiser Pedal Commander (XJ10 Body),89912F0A-6308-4684-A52B-078520CED2F0,1,1
1043021,0,A,1,NULL,0,NULL,0,NULL,Muffler - 2 1/4 Pro Flow 3 Chamber Muffler (14) - Satin Stainless Steel,08C42E56-250B-4B60-A432-079DA2351E74,1,1
2040045,0,A,1,NULL,0,NULL,0,NULL,OME Front Coilovers - 90004 shocks and 881 Coils (Assembled),47CD07A1-494B-4F2B-87BA-07B2781E9083,1,0
0965275,0,S,1,NULL,0,NULL,0,NULL,Box - 9 x 6.5 x 2.75 (50 per bundle),34D43A11-0A6A-4F3B-B81E-07BB08A94FBE,0,0
1096023-1,0,NULL,0,NULL,0,NULL,0,NULL,OEM Fuel Pressure Regulator (1996-2004 5VZ 4Runner/Tacoma/T100/Tundra),FAE77A33-4FFC-42C7-95AB-07BBA0B633B4,0,0
1083022,0,A,1,NULL,0,NULL,0,NULL,Pro Spark Plug Wire Set-5VZ(Fits LC Pro Fuel Kit),FFA7F338-AFBD-4D8B-B31C-07BC30B3103E,1,1
3040077,0,A,1,NULL,0,NULL,0,NULL,"Baja Designs Squadron-R Sport, Wide Cornering LED Lights",D91FBA6B-DA98-4DC8-BB9A-07BE3681B41F,1,0
3032650,0,A,1,NULL,0,NULL,0,NULL,1989-1995 Toyota Pickup 1990-1995 4Runner Tube Bumper (w/ Stinger & Plates),8D796079-2B93-4CA6-A2BF-07CB6B1B87A6,1,1
8012051SMM,0,A,1,NULL,0,NULL,0,NULL,M12 X 1.25 X 50MM SHCS 12.9 ZINC,C8E9BC37-39FB-4B8B-97FF-07CEE529A32A,1,0
1000000,0,NULL,1,NULL,0,NULL,0,NULL,22R/RE Street Series Motor Reservation,77C3B47C-5156-4E98-A027-07D6017CE97D,101,1
1013846,0,A,1,NULL,0,NULL,0,NULL,Street Piston Ring Set(Hastings) .030 - 4.0L 3FE 1988-1992 Land Cruiser,F44F4BA2-BBA4-43A6-83A1-07E36EDA3A89,1,0
2051106,0,A,1,NULL,0,NULL,0,NULL,"Rear Lift Kit 3"" - 79-88(4WD P/U) & 84-95(4Runner)",35D697CC-19E8-497C-AA5A-07E47775F40D,1,1
8012207,0,A,1,NULL,0,NULL,0,NULL,M10-1.25 Hex Nut Sm. Patt St. - Zinc,88F53B99-32A7-4204-B487-07EB5E4A0A99,1,0
8012302,0,A,1,NULL,0,NULL,0,NULL,M6-1.00 x 65mm Hex Full Thread Cap Screw - Zinc,6A8AC207-6579-4193-918A-07EF00BAA43E,1,0
1609055,0,A,1,NULL,0,NULL,0,NULL,"Air/Fuel Sensor Denso OE Air Fuel Sensor: 4 Wire, Direct Fit, Heated, Wire Length: 7.87",10E7E401-420E-4488-ABAA-0800F77FBF5D,1,0
1018022,0,A,1,,0,NULL,0,Bottom End Gasket Set,Bottom End Gasket Set - 20R(75-80),78AB40EE-A065-4410-8133-0802F6B5C0AE,1,1
1021020,0,NULL,0,NULL,0,NULL,0,NULL,Street Performer Cylinder Head With Camshaft 22R/RE 1985-1995,33295B26-C936-4B78-842A-0809CB3DA81A,0,1
4070078,0,A,1,NULL,0,NULL,0,NULL,HPS Reinforced Silicone Radiator / Heater Hose Kit (22RE / 1989-1995 4Runner),03724C56-C7E1-43A1-B8E0-080D5959A10B,1,1
1016104,0,A,1,NULL,0,NULL,0,NULL,"Underdrive Crank Pulley - 20R/22R/RE/RET(4"" Double Groove)",4DC0F307-2DAD-4F27-950F-080E4D0F7805,1,1
1054081,0,A,1,"NEED LABEL []
",0,NULL,0,Clutch Slave Cylinder,Clutch Slave Cylinder - 8/81-85(5MG Celica/Supra),B06FC3D1-3932-491A-975B-08153CEDC374,1,1
8020061-1,0,S,1,NULL,0,NULL,0,NULL,M6 X 1. Spiral Flute Tap,6C008EBF-4598-4F26-961C-0831F72CD552,0,0
AAFB066,0,NULL,0,NULL,0,NULL,0,NULL,"10"" x 3,000' 2 Mil Poly Tubing Roll",091F710F-D477-4847-B918-0835E12812D6,0,0
4056003,0,A,1,NULL,0,NULL,0,NULL,S&B 2015-2019 Polaris RZR XP 900,70C07B23-D944-4892-834A-084FF36CAAD3,1,0
1099082,0,,1,NULL,0,NULL,0,NULL,PLX SM-FluidTemp Sensor Kit,96DED3B2-95B2-4B20-BD41-0859205661FD,1,0
1024043,0,A,1,NULL,0,NULL,0,NULL,Gasket - CT20 Turbo Inlet Gasket (From Exhaust Manifold),C031F53E-6C46-419E-9FB9-0859E90FA64D,1,1
1083004,0,A,1,"NEED LABEL []
",0,NULL,0,Wires - Adapter Coil Wire,"Wires - Adapter Coil Wire - Fast Ignition to Stock Distributor 20"" long",DB770097-3452-4EE4-9ECE-085A808FF6CA,1,1
7015265,0,A,1,NULL,0,NULL,0,NULL,Supercharger Assembly - 5.7L (3UR-FE) 2008-2015 Land Cruiser / LX570,ADB750FE-4B65-49E0-9AE0-0861106030BF,1,0
1053096,0,A,1,NULL,0,NULL,0,NULL,"Dual Comp Clutch Kit - 2RZ(95-04) (9 1/4"")",B9FF380D-6936-4E9B-AAEC-086E0E0E2335,1,1
1010005,0,NULL,1,NULL,0,NULL,0,NULL,Master Rebuild Kit - 22RET 1985-1987,9EFD071C-78E4-48D3-8BD6-0870CD8A8F8F,0,1
2044036,0,,1,NULL,0,NULL,0,NULL,"3.5"" Long Travel Kit - Boxed Lowers w/ Heim Uppers: 1996-2002 4Runner",67ACDEC2-01F2-40EA-8E79-087EE91DA485,1,0
2019127-A,0,A,0,NULL,0,NULL,0,NULL,"Fuel Pressure Gauge ""T"" Fitting - 5/16"" Hose Barbs to 1/8"" npt",CA2E02E6-AFC8-4FD6-9BA8-087F250AA9F1,1,0
2060082,0,A,1,NULL,0,NULL,0,NULL,"Elbow Fitting, #6 JIC",39C01925-044B-4DBD-8AA6-0885324805C8,1,1
1014224,0,A,1,NULL,0,NULL,0,NULL,"Pro Piston Ring Set (Gas Nitride) - 22R/RE/RET(94mm)(1.5, 1.5, 4.0)(Rings For 1 Cylinder Only) Split Pack of Four Old#SWT 10178-2",05DD5974-E5E5-4954-954B-088BFB330D21,1,0
4030053,0,A,1,NULL,0,NULL,0,NULL,1984-1989 2WD Pickup / Hilux Rear Stock Replacement Spring (Each),44CD39DB-1EA1-4862-9A48-089002A198CA,1,0
4070037,1,A,1,NULL,0,NULL,0,NULL,"HPS Red Reinforced Silicone Radiator Hose Kit,1996-1999 4Runner, 3.4L V6 w/Auto. Trans.",7FC6D7D4-E281-4BCF-8277-089036858EF4,1,0
10320191,0,A,0,NULL,0,NULL,0,NULL,LC Pro Spiral Adapter Linkage Spacer,810C817E-B2EE-40B2-A7DD-0897F68542B5,1,0
2051685,0,,1,NULL,0,NULL,0,NULL,"Trail Creeper 4.7 Single Transfer Cases - 23-Spline Input, Forward Shift Fork, 4.5"" Offset",537F7DBF-AD8A-43E9-8A3D-0899BE28D6CE,1,0
1072003,0,A,1,NULL,0,NULL,0,NULL,"2"" MIld Steel, 90 Dergee, with 12"" legs
(For 1061480 HOT PIPES)",6EB7E29B-E24A-4B62-9CCF-089F6FD80F5C,1,0
4070065,0,A,1,NULL,0,NULL,0,NULL,"HPS Reinforced Black Silicone Heater Hose Kit, 1993-1995 4Runner, 3.0L V6",37520D45-EFE2-4355-99A8-08A0500A40A0,1,0
WP73401-135,0,A,1,NULL,0,NULL,0,NULL,"Weber Main Jet 1.35 (40, 45 & 48 Sidedraft)",FDC1FEFF-DC4B-4473-A55B-08A8817FF25C,1,1
3033203-SURROUND,0,,1,NULL,0,NULL,0,NULL,Trd Pro Style Grill,5BFFDF48-7858-4230-9CCF-08AB095DD6A6,1,0
1041009,0,A,1,NULL,0,NULL,0,NULL,Processed 22R/RE Universal 2-Bolt Stub Connector,AAE9BAD3-6B01-41E3-A193-08B146A74718,1,1
2051151,0,A,1,NULL,0,NULL,0,NULL,"Trail-Link Four Lower Link Axle Mount, 20 Degree, Passenger Side",3280F838-2BE7-4C6F-A91B-08B399F6A524,1,1
0260606,0,S,1,NULL,0,NULL,0,NULL,Box - 26 x 6 x 6 (25 per bundle),747BF188-3D08-4101-B838-08B55B615BC6,0,0
1043018,0,A,1,NULL,0,NULL,0,NULL,Muffler - 2 1/2 Pro Flow 3 Chamber Muffler (14) - Satin Stainless Steel,D61F48E8-70DA-4CC0-9FBE-08BBDF9A6130,1,1
1013048,0,A,1,NULL,0,NULL,0,NULL,Street Crankshaft 89mm (.25mm/.25mm) - 20R/22R/RE/RET(Core charge Included),254C009E-DD40-4C93-972E-08D4C3BFC960,1,0
1091077,0,A,1,NULL,0,NULL,0,NULL,"Ring & Pinion Set - 2.93:1 (6.7"")",13BFE979-1286-444C-9425-08DAE5E42402,1,1
1025059,0,A,1,NULL,0,NULL,0,NULL,Gasket - CT20 Turbo Oil Feed Line Washer (Block Side),A5F66F7F-1244-47BA-83D9-08E1A2554D8D,1,1
9010020,0,A,1,NULL,0,NULL,0,NULL,"Header Flange Machined 2TR 1 1 5/8"" CNC Steel Header Flange
 Each stick makes 9 flanges",564FFC89-65B1-4719-9CBE-08E3B33CC519,1,0
1013252,0,A,1,NULL,0,NULL,0,NULL,Rod Bearing Set (.010) - 4.0L 3FE 1988-1992 Land Cruiser,6CDFCE41-E934-4775-B7A9-08E968552377,1,0
8012360,0,A,1,NULL,0,NULL,0,NULL,M8-1.25 x 20mm Buttonhead Socket Cap Screw - PLN,F400523C-F9D4-4D71-AE84-08EAEE41DE9B,1,0
5011106,0,A,1,NULL,0,NULL,0,NULL,Core - Oil Pan 4WD Truck w/Tube Lg. Plug,8F3C316F-FACD-4907-8DDA-08F1CE6EBAAE,1,0
1054021,0,A,1,NULL,0,NULL,0,NULL,Clutch Throw-Out Bearing - 22R/RE/RET(9/80-8/88),B0B43FF9-4D93-412F-A3A9-08F51CB79C37,1,1
4060003,0,,1,NULL,0,NULL,0,NULL,2012-2015 Tacoma Billet Hood Scoop Grille Bolt-On Insert Polished,4A1EE2F0-84F1-4BE3-BF05-08FB81266463,1,0
1070016,0,A,1,NULL,0,NULL,0,NULL,Air Intake Tube Clamp,4CD77416-BC17-49BD-829D-09002560C07C,1,1
1046175,0,,1,NULL,0,NULL,0,NULL,"JBA Header Kit - Tacoma (12-16) 4.0L with Air Injection 1 5/8"" Silver Ceramic Coated Long Tube",363CAEFF-EB42-4643-A0E5-09032119521B,1,0
8012284,0,A,1,NULL,0,NULL,0,NULL,M6-1.0 x 12mm Hex Cap Screw - Zinc 8.8,74AA38C5-BCF2-4701-9408-0907C66CEA2F,1,1
2051475,0,A,1,NULL,0,NULL,0,NULL,TG Oil Carriers 2 Quart Carrier,A0154A02-6939-4B70-8E36-090CEB30E11E,1,0
1016040,0,A,1,NULL,0,NULL,0,NULL,"Oil Filter - OE Style Oil Filter - P/U, Tacoma & 4Runner (All 87-03)",554A8B40-3B9B-445F-9E2B-090DD1551B75,1,1
pro pistons,0,NULL,1,NULL,0,NULL,0,NULL,PISTONS TO BE DETERMINED,52CC9A01-6E71-4C5E-8A70-091F7DE648CA,0,0
0070402A,0,NULL,0,NULL,0,NULL,0,NULL,Box - 7 x 4 x 2,9D9DA759-FC60-4265-958D-092958CC9CB9,0,0
1080052,0,A,1,NULL,0,NULL,0,"THESE NEED ZINC COATED
HAVE FAST TRACK DO IT WHEN WE ORDER THEM",Upper Alternator Bracket - 22R/RE/RET(For 1 Wire Conversion Kit) ZINC PLATED,4A5947BE-0361-4C0F-B4CC-092B58D321ED,1,0
7010060,0,A,1,NULL,0,NULL,0,NULL,Supercharger Elbow Tacoma 2RZ/3RZ,3FA3B8C0-6C60-4641-A5A3-09335430A490,1,0
9010045,0,A,1,NULL,0,NULL,0,NULL,3 Bolt Turbo Discharge Flange,B379BEA0-53B0-48B1-9A78-0935D8E7B905,1,0
1609086,0,A,1,NULL,0,NULL,0,NULL,"Air/Fuel Sensor Denso Air Fuel Sensor: 4 Wire, Direct Fit, Heated, Wire Length: 7.20",1ADA5BDB-3844-4D00-B9B6-0938623F97A5,1,0
PC10215D,0,A,1,NULL,0,NULL,0,NULL,Pure Choice Small Banjo Bolt,C92E0C92-FC92-41EF-8A94-0943938AEBC3,1,1
4070018,0,A,1,NULL,0,NULL,0,NULL,"HPS Reinforced Red Silicone Heater Hose Kit Coolant 89-92 Pickup, 3.0L V6",2410BDD5-D037-47B2-87EB-0947405BBA3C,1,0
8020228-1,0,S,1,NULL,0,NULL,0,NULL,"1/2"" End Mill (Leo Precision) WITH WELDON SHANK",3A3D3EAC-D014-4962-91D0-0948C066EB30,0,0
RM-11038,0,A,1,NULL,0,NULL,0,NULL,"1018 Steel - 2 1/2"" Dia. x 1"" Round Bar",B7752FEC-9BAD-4D87-A930-09551F129634,1,0
Modify Curved Guide,0,NULL,1,NULL,0,NULL,0,NULL,Modify Curved Guide,90F1F4A7-642E-4632-BBED-09588317990D,0,0
1046159,0,,1,NULL,0,NULL,0,NULL,"JBA Header Kit - FJ & 4Runner (13-16 ) 4.0L with Air Injection 1 5/8"" Titanium Ceramic Coated Stainless Steel Cat4ward® Shorty",E6C401B4-4459-46B9-8830-0958B0DA31DE,1,0
1013148,0,A,1,NULL,0,NULL,0,NULL,Rod Bearing Set - 3VZ 0.50mm,778CFF92-37FB-4027-BEC2-0964BFC15F18,1,0
1018003,0,A,1,NULL,0,NULL,0,NULL,MLS Head Gasket  - 2RZ/3RZ(96mm Bore x .051 Thick),67DDAA7E-4082-4BE4-8919-09766870410F,1,1
2051511,0,A,1,NULL,0,NULL,0,NULL,"2.5 ID/2.81 ID, 2.5 Long Coupler",E64BB5A7-2D7C-4F42-AE10-097CE99D1A8F,1,0
3033202-TRDSPORT,0,,1,NULL,0,NULL,0,NULL,Door Emblem Sticker Badge,ADBF0D99-3662-46EB-8B1A-098F0DA2846A,1,0
2051501,0,A,1,NULL,0,NULL,0,NULL,Replacement Axle Housing Breather,44EE674E-3CFC-4C39-B469-099467FC57F0,1,1
1014369,0,A,1,NULL,0,NULL,0,NULL,Pro Piston Set(10.0:1) - 3RZ(+.040),FF7C8A00-05FD-4C92-A8DA-099FD8A1DF7E,1,0
5020017,0,,1,NULL,0,NULL,0,NULL,"07-12 Toyota Tundra 5"" Rear Lowering Kit W/O Shocks
",83BEBD04-38A0-4E98-BA4F-09B23E03F1B0,1,0
1014356,0,A,1,"NEED MOVED
",0,NULL,0,St Flattop Pistons (10.1:1),Stroker Flat Top Pistons  (10.1:1)  22R/RE(85-95)(+.040),7B544FA9-7507-4E24-B913-09B2D4E8BF5D,1,1
2053184,0,NULL,1,NULL,0,NULL,0,NULL,Hub Conversion Kit,E89352CA-01A9-473A-916C-09B6D828FC67,0,1
1020419,0,A,1,NULL,0,NULL,0,NULL,"3/8-16 x3/4 Grade 5 Bolt ",E728F10D-F07F-4662-9E03-09BF40654B25,1,0
1609060,0,A,1,NULL,0,NULL,0,NULL,"Oxygen Sensor Denso O2 Sensor: 2 Wire, Direct Fit, Unheated, Wire Length: 10.5",89F7F66D-A526-40B6-8B37-09C5CF1C2D8A,1,0
1080050,0,NULL,1,NULL,0,NULL,0,NULL,"10-12 (4.6L) & 08-22 (5.7) Sequoia  / 10-19 (4.6L) & 07-21 (5.7L) Tundra 250 Amp Alternator ",3CAD78AB-B239-4310-B59F-09C77EAF5049,2,0
1062121,1,NULL,0,NULL,0,NULL,0,NULL,3VZ 3.0 Liter V6 Equalized Fuel Injector Set (1988 ONLY) Brown (Casting #23250-65010),529104BE-6508-4FDB-80F4-09D24671782E,0,0
4070043,1,A,1,NULL,0,NULL,0,NULL,"HPS Red Reinforced Silicone Heater Hose Kit,1989-1992 4Runner, 3.0L V6 w/Rear Heater",9D42B515-44D9-4912-9C5C-09D460AC6054,1,1
9560001 DO NOT USE,0,A,0,NULL,0,NULL,0,NULL,Tooling and Machine Parts,991B5604-6D2C-4FC6-A259-09D97AB3B42A,1,0
1024038,0,A,1,NULL,0,NULL,0,NULL,MLS Head Gasket - 3VZ(RH),F96BE25E-8C57-4C41-B69A-09DFC9A48B2C,1,0
8020016,0,A,0,NULL,0,NULL,0,NULL,6-32 Spiral Point Plug Tap,C83347AC-9583-4E59-9B61-0A087B1AC0F8,1,0
1093055,0,A,1,NULL,0,NULL,0,NULL,"Oil Filter Sandwich Adapter
",CD6349BB-E694-4BB3-B623-0A0EAE1D43AD,1,1
2054045,0,,1,NULL,0,NULL,0,NULL,Rock Assault Rear Tacoma Axle Housing (W/ E-Locker W/O Inspection Hole),0D08FACC-A9C3-4DEF-ACB1-0A111D2BCFF2,1,0
LIVEWIRE SEPARATOR,0,A,1,NULL,0,NULL,0,NULL,LIVEWIRE SEPARATORS TO BE DETERMINED,CE6A2080-ED93-4401-B849-0A115C423F91,1,0
8012073,0,A,1,NULL,0,NULL,0,NULL,1/4-20 x 1 1/4 Flat Socket Cap Screw - Black,FE64FEBE-2D41-44E0-BD62-0A1F6B5BFA28,1,0
1080039,0,NULL,1,NULL,0,NULL,0,NULL,"07-09 FJ 1GR / 05-15 Tacoma 1GR / 05-10 Tundra 1GR / 07-09 4Runner 1GR 250 Amp Alternator ",29E1D82A-9A17-4B18-93DC-0A2713D8B79A,2,0
2056052,0,,1,NULL,0,NULL,0,NULL,"License Plate Holder Kit (1 1/2"" O.D.)",37320B8C-132E-434B-89AD-0A2C7B30F3E7,1,0
5020026-OPT1,0,A,1,NULL,0,NULL,0,NULL,BULLETPROOF 2007-2019 Toyota Tundra 6-8 Inch Lift Kit Option 1 (Basic),F0CCFF6D-697F-4988-98A3-0A2D7A5F61ED,1,0
1032013,0,A,1,NULL,0,NULL,0,NULL,Gasket - Holley Adapter To 20R Manifold Gasket,02EB91B4-A7D8-4AA4-8CCB-0A35789F02F7,1,1
1080019,0,NULL,1,NULL,0,NULL,0,NULL,Used in Volusion as Parent ID for High Output Alternator 2000-2004 5VZ Tacoma,96638533-9370-42DE-9324-0A364CAA9AB7,0,0
DSC-283,0,NULL,1,NULL,0,NULL,0,NULL,Toyota Built Not Bought Group,7B916386-0B4E-44CC-9BF3-0A36E0980269,101,1
1024011,0,A,1,,0,NULL,0,"Head Gasket, MLS",MLS Head Gasket - 20R/22R/RE/RET(Stock Bore x .051 Thick),16DC398E-C0DF-4F60-8A82-0A3700663900,1,1
3032630,0,A,1,NULL,0,NULL,0,NULL,"1984-1985 Toyota Pickup  & 4Runner Tube Bumper (w/ Side Handles, Stinger & Plates)",C583A5D1-2CA4-4070-A618-0A37A43E8929,1,1
88012348,0,A,0,NULL,0,NULL,0,NULL,M8-1.25 x 12mm Hex Cap Screw Sm. Patt - Zinc 8.8,B6F4EAD8-5003-426D-AD36-0A3A43295E02,1,0
RM-10037,0,A,1,NULL,0,NULL,0,NULL,1018 cold drawn flat 1/2'' x 5'' x 12' (Price includes cut charge & Delivery each stick makes 9 pieces)1/2x5x15,E7022C14-2857-4416-B5EB-0A41E74FE41F,1,0
FCI-KT2018,0,A,1,NULL,0,NULL,0,,"Pickup & 4Runner Outer Belt Weatherstrip Kit
(84-89)",91A78082-E4C2-4221-A469-0A491680C3FE,1,1
8481855,0,A,1,NULL,0,NULL,0,NULL,Suspension Bushing - Front Sway Bar Bushing Set (23mm) 89-95 2wd P/U,8023C626-E422-4A46-A2AD-0A52249F6202,1,1
SMM31022-2,0,A,1,NULL,0,NULL,0,NULL,620 FR6815 Caliper Bracket Left,C938F3E4-4A7E-4682-9433-0A5279FB8AC0,1,0
5020033,0,A,1,NULL,0,NULL,0,NULL,Rear Remote Res. Shock Upgrade (ICON),38238EA7-952D-4955-9477-0A69C7B2AB69,1,0
3040033,0,A,1,NULL,0,NULL,0,NULL,1989 - 1995 Toyota Pickup Clear Bumper Light,17FEF38B-67B2-4864-A4E8-0A7B8649E890,1,1
2051551,0,A,1,NULL,0,NULL,0,NULL,Rock Defense 2005-2013 Tacoma Rear Bumpers,FC8BF55B-B783-4948-9261-0A7C6975343C,1,1
8020106-1,0,NULL,1,NULL,0,NULL,0,NULL,1/8 4 Flute End Mill,C1371A49-6C18-41E6-B498-0A7D2CBE34D4,0,0
2056082,0,,1,NULL,0,NULL,0,NULL,100mL Orbital Steering Control Valve,B634F942-6B96-4545-AA15-0A8ADD229649,1,0
2051665,0,A,1,NULL,0,NULL,0,NULL,Transfer Case Shifter With Knob,2836EBA3-2B7D-42B6-BA45-0A953DB606FE,1,0
1053078-C,0,S,1,NULL,0,NULL,0,NULL,"Pro Clutch Kit 22R/RE 1993-1995 4WD (9 1/4"")",2F838152-FF4F-45B4-99F2-0A9B3834CC47,0,0
5020000,0,A,1,NULL,0,NULL,0,NULL,"88-95.5 Toyota Pick-Up 3"" Front 3"" Rear Lowering Kit w/ Shocks
",445F1183-6480-415F-890D-0A9D81F2212D,1,1
1023082,0,A,1,NULL,0,NULL,0,NULL,Pro Bronze Valve Guide(ea) - 1GR(Exhaust),DADE3038-7383-478E-A6C7-0AA1E0F74637,1,0
3040021,0,,1,NULL,0,NULL,0,NULL,2005 - 2006 Toyota Tacoma LED Taillights Black,41E95AE7-AF3D-4F26-90F5-0ABDB8CD6016,1,1
4010094,1,A,0,NULL,0,NULL,0,NULL,NEW FLAG LC Engineering Mens T-Shirt 3XL,D3E0684A-976D-417E-91B0-0AC3B8D9C5A4,1,0
2060013,0,A,1,NULL,0,NULL,0,NULL,IFS Steering Box - IFS Steering Box Mount/Reinforcement (Use For 79-85 Trucks When Installing IFS Steering Box & Crossover Steering),B38F9D4C-2D3D-463C-A445-0AC5F1C2A03B,1,1
1013253,0,A,1,NULL,0,NULL,0,NULL,Rod Bearing Set (.020) - 4.0L 3FE 1988-1992 Land Cruiser,7798BCA1-B981-43AD-B42B-0AC8674C555E,1,0
1011037,0,NULL,1,NULL,0,NULL,0,NULL,Builder Series: Street Engine Kit 22R/RE 1985-1995,E661BEDF-FA39-4008-9004-0AC977B42921,0,1
1063046,0,A,1,NULL,0,NULL,0,NULL,Pro Fuel - SDS Pulley Magnet Set (Set of 3),5857BDC1-1686-41CF-830A-0ACE4243CEE4,1,0
1018060,0,A,1,,0,NULL,0,OEM Head Gasket Set,3RZ OEM Head Gasket Set (95-99),FF3818F7-8D7D-4BE6-A8D3-0AD705C1A9CC,1,1
Ceramic Air Inj Adapter,0,NULL,1,NULL,0,NULL,0,NULL,Air Injection Adapter(ea) Ceramic Coat Silver,43D66149-D413-41CC-9736-0ADF42ADD9F9,0,0
1035006,0,A,1,NULL,0,NULL,0,NULL,Jet Kit - Weber 38 DGAS Carburetor Jet Kit (Performance),342B60FF-7211-424F-BB9A-0AEDBDE7F0B7,1,1
3050005,0,NULL,1,NULL,0,NULL,0,NULL,Alpharex Nova G2 Headlights Chrome (Toyota 4Runner 2014-2022),C8512434-EFE6-4A1B-8C60-0AF443BE8621,0,0
1609072,0,A,1,NULL,0,NULL,0,NULL,"Oxygen Sensor Denso O2 Sensor: 4 Wire, Direct Fit, Heated, Wire Length: 10.24",B899B60F-CF3E-4900-9E50-0AF5EF943396,1,1
1051007,0,A,1,NULL,0,NULL,0,NULL,High Torque Flywheel - 5VZ(38lb Billet Steel),847CC2C6-E2FA-4EB6-99CE-0AFFFCD00381,1,1
8020050-1,0,NULL,1,NULL,0,NULL,0,NULL,M8 X 1.25 Spiral Flute Tap,3E3A936D-5157-414D-9E6F-0B067C27A6E0,0,0
3032449,0,,1,NULL,0,NULL,0,NULL,Diamondstep Bumper - Chrome (95-99) Tacoma,ECD7ADB9-50F4-4CB9-AE56-0B21922A6D8F,1,0
1093028-1,0,A,1,NULL,0,NULL,0,NULL,Fan Bracket - 3VZ (88-92) Fan Bracket / Dummy Water Pump,1605BF0F-EB16-4342-8FAE-0B2694088E90,1,0
1014322,0,A,1,NULL,0,NULL,0,NULL,Pro Piston Set(8.0:1) - 22R/RE/RET(85-95)(+.040),5F779C67-501F-4717-BB37-0B2B1F675724,1,1
2051697,0,A,1,NULL,0,NULL,0,NULL,"Trail Creepers Ring & Pinion 4.88 4 Cylinder Only ",C0C48A23-2F60-4BC2-B955-0B32D2F68F7E,1,1
1023079,0,A,1,NULL,0,NULL,0,NULL,Pro Bronze Valve Guide Set(8) - 20R/22R/RE/RET,EF07C26A-EA88-4F2B-B4C2-0B37A17D5B72,1,1
4020027,0,A,1,NULL,0,NULL,0,NULL,LCE Oil Cap Decal (Classic / Brushed),D4CF5881-8EB1-4A2C-AE19-0B45DC24B7F7,1,1
10349501,0,A,0,NULL,0,NULL,0,NULL,Misc Item,9B760278-FD64-484D-91F8-0B4B4E6479D1,1,0
1014347,0,NULL,1,NULL,0,NULL,0,NULL,Street Stroker Piston Set (9.1:1) 85-95 22R/RE +.060 with Total Seal Rings,F6039863-8D0E-4F4F-AEDE-0B4CB79B9C3D,0,0
8020082-1,0,NULL,1,NULL,0,NULL,0,NULL,VNMG332 MN KCP25 Grade Carbide Turning Insert,65BF7359-EBAD-4CCC-98DF-0B50F55E86B3,0,0
8481871,0,A,1,NULL,0,NULL,0,NULL,"Suspension Bushing - Front Axle Torque Arm Bushing Set (4 Bushings, 2 Sleeves) 79-85 4wd P/U & 4Runner",43133256-5CC3-4975-8541-0B5A21813FB9,1,1
6011010,0,A,1,NULL,0,NULL,0,NULL,Labor Toyota Check In & Inspect Cores For Credit.  See Attached Sheet For Core List,218D5C92-1F08-4850-A782-0B5E5CAE5C4C,1,0
Ceramic Baffles,0,NULL,1,NULL,0,NULL,0,NULL,Ceramic Coat Baffles Black,3F0F129F-6148-4FA7-90D3-0B5FB28BD71D,0,0
1013043,0,NULL,1,NULL,0,NULL,0,NULL,Street Crankshaft Kit (STD) - 20R/22R/RE/RET includes plugs and keys,0B515D7E-8463-4335-A85E-0B640E1F483C,0,0
1016013,0,A,1,NULL,0,NULL,0,NULL,Water Block Plate - 20R/22R/RE/RET(T.C. Passenger Side - Threaded),58AE0767-0EF4-419E-AEB7-0B64D1E2C0E2,1,1
FCI-KT2026,0,A,1,NULL,0,NULL,0,,Outer Belt Weatherstrip Kit (Driver & Passenger),7F41D1F4-9899-496E-B6F3-0B8121D42A05,1,1
1091106,0,A,1,NULL,0,NULL,0,NULL,"Ring & Pinion Set 5.29 7.5""",5D97FAA7-FB5C-4CC0-9B2E-0B97FEAB78F3,1,0
8020032-1,0,,1,NULL,0,NULL,0,NULL,9/64 4FL Flat End Mill,E1E83757-8879-4472-8F8C-0B9887910BD0,0,0
1084012,0,A,1,NULL,0,NULL,0,NULL,"Spark Plug NGK R5671A-10 V-Power (30+ psi)
",02000269-5FEF-4A56-85EA-0B9DC9A1136F,1,0
WP77401-215,0,A,1,NULL,0,NULL,0,NULL,"Weber Air Correction Jet 2.15 (40, 45 & 48 Sidedraft)",1A4D2E1E-E5E2-4960-A5F9-0BA9E7C2616B,1,0
4805036,0,A,1,NULL,0,NULL,0,NULL,Rock Racing Off Road Bikini Top Black Mesh,11C07146-2081-43DF-AE91-0BAB9410430A,1,1
2051483,0,,1,NULL,0,NULL,0,NULL,Rock Assault Front Axle Housing (30 Spline / E-Locker / Bare / W/O Inspection Hole),9AFB37D0-286A-40F2-BCD8-0BC0A7AC5EBE,1,0
1091075,0,A,1,NULL,0,NULL,0,NULL,"Toyota 8"" V-6, 1986-01 T4 Rear & Fj80 Front, NItro Minimum Install Kit",A43C0EE2-E141-4882-8C5A-0BC417354AD1,1,0
RM-11120,0,A,1,NULL,0,NULL,0,NULL,7/8 Hexagon 1018 Cold Drawn Bar 12',F58D6F53-4E95-4AB3-9709-0BCE4B8B5DF9,1,0
1010106,0,NULL,1,NULL,0,NULL,0,NULL,Economy Master Rebuild Kit - 22R(81-82),6292065C-D3F3-4A94-B0ED-0BDA84B1296C,0,1
2054169,0,A,1,NULL,0,NULL,0,NULL,Weld-On Attachment Coped,BA65F5F7-9355-49BA-ACF5-0BDD9F62CDBB,1,0
4030022,0,,1,NULL,0,NULL,0,NULL,"1979-1983 4WD Pickup / Hilux Rear Replacement Spring +4""",BF2A6CA0-7E78-41DB-AA21-0BDE7AE11CE4,1,0
4010200,0,A,1,NULL,0,NULL,0,,LCE Richardson Snap-Back Hat,89A2D88D-1E48-4338-8D46-0BDF60981812,1,1
1063021,0,A,1,NULL,0,NULL,0,NULL,LCE Pro Fuel Injection Kit #1 (4 Cylinder),DD633D3B-094B-4DF9-BFD2-0BE311770559,1,0
WP77401-150,0,A,1,NULL,0,NULL,0,NULL,"Weber Air Correction Jet 1.50 (40, 45 & 48 Sidedraft)",924951F6-A3D7-4099-9E87-0BFDB8DCE1AE,1,0
4010072,0,A,1,NULL,0,NULL,0,"Hashtag T-Shirt
X-Large",NEW LC Engineering #TAG T-Shirt X-Large,EDF20EA1-0B21-47D7-BE5D-0C0A36962663,1,1
8481883,0,A,1,NULL,0,NULL,0,NULL,Suspension Bushing - Front Control Arm Bushing Set 96-98 RAV4,4D2BC87B-7B7C-4BBC-A3BB-0C125071D117,1,0
1023859,0,A,1,NULL,0,NULL,0,NULL,Pro Valve Shim(Under Bucket) - 8mm x 1.90mm,E0A879B3-646A-4669-B840-0C28B6013E43,1,1
8020007-1,0,NULL,1,NULL,0,NULL,0,NULL,"1/4"" End Mills 3FL 'BLIZZARD'
Alt #03185683 - MSC",BD164480-33DD-4AA8-9549-0C29D1EB42CA,0,0
WP77201-190,0,A,1,NULL,0,NULL,0,NULL,Weber Air Correction Jet 1.90 (32/36/38 Downdraft),27CA0073-5419-47E9-BBA7-0C2ABEDEB1FE,1,1
3040050,0,A,1,NULL,0,NULL,0,NULL,"30"" Dual Row Light Bar - 5w Combination
",718F5123-B790-4818-ABFA-0C33949E9E8C,1,1
8020072,0,A,0,NULL,0,NULL,0,NULL,'F' Drill Bit 135degree Point,1E147AC2-3074-4360-B929-0C349F9D67F3,1,0
1067011,0,A,1,NULL,0,NULL,0,NULL,OEM 22RE/22RET Cold Start Injector Time Switch 1986-1993,7A002A15-F11A-4E5D-8ECC-0C5677AFABE9,1,1
1096047,0,A,1,NULL,0,NULL,0,NULL,Aisin Fan Clutch -3VZ 88-93 Pickup & 4Runner / 93 T100,6C8E5654-EC53-4081-BDA1-0C57A43FA60D,1,1
1093063,0,NULL,1,NULL,0,NULL,0,NULL,Heavy Duty Radiator - 22R/22RE(83-95) P/U & 4Runner (Modified for Black Magic Fan) with Cap,E980509C-679E-459C-B26A-0C5894DC7CDD,0,1
3040001,0,,1,NULL,0,NULL,0,NULL,Black Projector Headlight Set with Halo (CCFL) For 2007-2013 Tundra / 2008-2017 Sequoia,FC7D51EB-9E9B-467D-AFF3-0C5DD1F139AB,1,0
8012246,0,A,1,NULL,0,NULL,0,NULL,M5-.80 Nylock Nut - Zinc,2474B420-5A71-44FA-82DB-0C64B0D978A4,1,0
1035030,0,A,1,NULL,0,NULL,0,NULL,Weber Electric Choke DGEV,17C8DD67-554E-4011-87FF-0C6CC52F7921,1,1
1016124,0,NULL,1,NULL,0,NULL,0,NULL,"Pro Underdrive Kit(7"") - 20R/22R/RE/RET(For Use w/Alternator)",140D9CB0-65CC-4B43-9213-0C7F59BCA0DE,0,1
1055140,0,A,0,NULL,0,NULL,0,NULL,Stainless Steel Brake Line Kit (3pc) - 04 Tacoma w/VSC(6 Lug 4wd & 2WD PreRunner) (6 Extended Length),28257634-41B1-4F35-8E59-0C81DA736F6E,1,0
1023129,0,A,1,NULL,0,NULL,0,NULL,Spring Seat/Shim(ea) - 2RZ/3RZ(For Single Springs) OEM Toyota,D8127E09-5015-4277-A6D7-0C83750BE66C,1,1
1042085,0,A,1,NULL,0,NULL,0,NULL,Magnaflow Exhaust System - 2.4L Scion tC (04-07),B5EBD386-61C7-4A92-B2F1-0C8A5B141A3B,1,0
2051745,0,A,1,NULL,0,NULL,0,NULL,"Tacoma SAS Kit B (4"" Springs / 1995 / 3.4L)",71CCAD0C-7923-4F1D-B20E-0C8DC01A5FA6,1,0
1072426,0,A,1,NULL,0,NULL,0,NULL,"Hose - 22RE Breather Hose (Front Of Valve Cover)
",7FAE0E26-3DAE-460A-A1EA-0C8E04D2585D,1,1
2051432,0,,1,NULL,0,NULL,0,NULL,"Chromoly Interlocking Tube Clamps 1.5"" OD x .095"" Wall",21FCEFD7-54D0-42EB-B25C-0C8EA246BF75,1,0
1014189,0,A,1,NULL,0,NULL,0,NULL,"Street Piston Ring Set(Hastings) - 22R/RE(81-84)(+.030) ",373C7027-32D8-41BC-8386-0C9EC5C12AD4,1,1
4061075,0,,1,NULL,0,NULL,0,NULL,2000 to 2006 Toyota Tundra 3 Inch Leveling Kit,848E0F64-9A8D-4E76-A1AE-0CAFD994D1A0,1,0
1045015,0,A,1,NULL,0,NULL,0,NULL,Street Header Gasket Set - 2RZ (95-04),0DE4AA21-4F63-4402-9F3A-0CB9D9BFE359,1,1
1020400,0,NULL,1,NULL,0,NULL,0,NULL,Used as Parent ID for (1995-1999) Tacoma 2RZ/3RZ Intake Manifold Spacer Kit,3F4D08F0-C2BA-4EEA-9AC6-0CC161929FA6,0,1
1016030,0,A,1,NULL,0,NULL,0,NULL,Gasket Set - 22R Complete Gasket Set (81-84),AD0D174C-0718-4F0B-AD1F-0CC3CC7EADD0,1,1
2052224,0,A,1,NULL,0,NULL,0,NULL,Bilstein Shock(5125) - Universal 12 Travel,25D823BB-455E-4451-88AE-0CC45A83C055,1,0
1080073,0,NULL,1,NULL,0,NULL,0,NULL,03-09 Tundra (4.7)  250 Amp Alternator,DFE7F672-C94C-4ADE-B8D2-0CC5A585D6CD,2,0
1013042,0,NULL,1,NULL,0,NULL,0,NULL,"Street Crankshaft Kit (STD) - 20R/22R/RE/RET includes Main, Rod and Thrust bearings, Plugs and Keys",4D703F62-F63B-4AE6-ACF2-0CC9CC5500DF,0,0
1043041,0,A,1,NULL,0,NULL,0,NULL,Resonator - 2 1/2 x 24 Exhaust Resonator - w/o Inlet & Outlet Tubes,4AE3393B-593D-4183-A549-0CCD297D1F52,1,0
3050082,0,NULL,1,NULL,0,NULL,0,NULL,"Adapter: 2021+ OEM LED Adapters (Pair) ",18DC1738-2E51-436A-94E6-0CD1AE50717E,0,0
1091133,0,,1,NULL,0,NULL,0,NULL,"1989-1995 8"" Ring & Pinion Set W/ Install Kit (4.88:1 / Rear)",288D7BE3-E1E4-49CB-9FE5-0CD1F29A1839,1,0
8020002,0,A,0,NULL,0,NULL,0,NULL,"1/4"" Chamfer Mills",47989CA3-3585-487C-BDB3-0CDC9DAD149D,1,0
DSC-277,0,NULL,1,NULL,0,NULL,0,NULL,Flash Sale,53E47599-D7B5-4086-ABFB-0CE36D2A6AA2,101,0
2053502,0,A,1,NULL,0,NULL,0,NULL,"L.R.O.R. Ultimate Rear Wheel Bearing Kit, One Side (Tacoma, 4Runner, Tundra)",CD7CC885-6692-4454-A3CC-0CF32EBCE64E,1,1
4010092,0,A,1,NULL,0,NULL,0,NULL,NEW FLAG LC Engineering Mens T-Shirt XL,BD140A6D-F08C-44CC-9B88-0CF9EFB6F2A6,1,0
1093058,0,A,1,NULL,0,NULL,0,NULL,"Oil Cooler Kit With Sandwich Adapter

Eng Oil Cooler Kit 12½"" Sandwich Style 200 HP",084CD8CA-531F-4E1A-B5D1-0D0D276067D1,1,1
2044023,0,A,1,NULL,0,NULL,0,NULL,"ReadyLIFT Sequoia (2001-2007) 2WD & 4WD Strut Extension Leveling Kit (+2.5"")",048FEE48-B2A7-4B56-AD3B-0D0DD96BBA44,1,0
9010036,0,A,1,NULL,0,NULL,0,NULL,"Header Flange - 2RZ/3RZ 1 5/8"" Steel Header Flange
 each 12' stick makes 9 pcs saw cut to 45"" lengths (3pcs ea)",94837B40-FE47-41E7-8A86-0D129A745225,1,1
1024042,0,A,1,NULL,0,NULL,0,NULL,Valve Cover Gasket Set - 20R/22R/RE(75-84),6AC22D52-D67C-4A39-8090-0D194A74AAB5,1,1
2054168,0,A,1,NULL,0,NULL,0,NULL,Weld-On Attachment Flat,0F1E2DCB-19CE-466D-B3FD-0D1960F3AB16,1,0
1033038,1,A,0,NULL,0,NULL,0,NULL,"Transmission Adapter Plate Kit 5VZ To Chevy Trans  (Turbo 350 or 400, 700R, Powerglide etc...)",A335CEB7-E596-426A-A25B-0D1DA283AABC,1,1
3010401,0,A,1,NULL,0,NULL,0,NULL,"Aluminized Heat Screen (36"" x 40"")
",8DEBAE20-D1F2-4687-A1FE-0D286A2ABBD8,1,0
1055218,0,A,1,NULL,0,NULL,0,NULL,Upgrade to Slot & Drill Rotors (Little Shop),2E644E26-9A2D-4CAA-A5F6-0D34BEDA4B24,1,0
1035033,0,A,1,NULL,0,NULL,0,NULL,Weber Sidedraft Throttle Linkage,BD93C722-9545-48D3-A2C4-0D358863B861,1,1
1096011,0,A,1,"NEED LABEL []
",0,NULL,0,OEM Thermostat Housing,OEM Thermostat Housing (1982-1995),837A9656-E50D-491E-8E3C-0D388E216A04,1,1
1062219,0,A,1,NULL,0,NULL,0,NULL,Fuel Injector: Denso/Fiveo: 54344 - 750cc,609BB428-90C6-47B2-91AF-0D3D55A61CC1,1,0
DSC-276,0,NULL,1,NULL,0,NULL,0,NULL,4th of July Sale,B89D6A27-DD26-4D1D-9A48-0D3DDF761BF7,101,1
1023309,0,A,1,NULL,0,NULL,0,NULL,3VZ Valve Shim 2.65,9400F0F4-C6CB-43EA-8AA4-0D4BB05FD0C9,1,1
2051166,0,,1,NULL,0,NULL,0,NULL,Spanner Wrench,6E0B22B4-F0F7-4388-B35A-0D68E9FB128A,1,0
1604052,0,A,1,NULL,0,NULL,0,NULL,"Oxygen Sensor Denso O2 Sensor: 4 Wire, Direct Fit, Heated, Wire Length: 20.79",0EFDB16F-6747-43D3-A7C6-0D6CB2EC37E9,1,1
1032065,1,A,0,NULL,0,NULL,0,NULL,22R (Offenhauser) Downdraft Intake Manifold Factory Toyota Carb Flange / Dual Plane,E6CD5517-7DF6-43F0-8DB6-0D7812509338,1,0
1096030-1,0,NULL,0,NULL,0,NULL,0,NULL,OEM Radiator Upper Fan Shroud (1984-1995 4Runner/Pickup),30317413-BBCD-4D92-B65F-0D84BC48FDD7,0,0
DSC-280,0,NULL,1,NULL,0,NULL,0,NULL,Christmas Sale,867ABE85-74ED-485D-A487-0DA0BD3EE4C8,101,0
8012202,0,A,1,NULL,0,NULL,0,NULL,5/8 x 1 Dowel Pin,CEC318FC-0AF5-4E17-8B50-0DB8D723A520,1,0
AC44,1,A,0,NULL,0,NULL,0,NULL,"Air Chair T- Bar 44"" Machined",CC49E777-25EE-45C9-93EB-0DBE62CCBB2B,1,0
2051604,0,A,1,NULL,0,NULL,0,NULL,"Toyota Full Hydraulic Steering Kit 8"" Ram & 125mL Orbital",486C0735-0B03-44F3-B37A-0DC937CDF91D,1,0
FCI-KT4014,0,A,1,NULL,0,NULL,0,,Radiator Hose Kit (Upper & Lower),814A85FC-BFEE-4AFA-AD85-0DD2A663B7BD,1,1
1091220,0,NULL,1,NULL,0,NULL,0,NULL,"6.7"" Master Install Kit",ED27E9FA-E4C4-4636-AEED-0DDCC7ECE3F6,0,1
7010003,0,A,1,NULL,0,NULL,0,NULL,Supercharger Service Kit TRD 4.0L Tacoma/FJ,FDFD0B0C-1406-47F6-9EBF-0DEEE2BA7EE8,1,1
3033050,0,,1,NULL,0,NULL,0,NULL,"Fender Flare-Cut Out(95.5-04) Tacoma 3""(Front&Rear)
ALT B/W31919-02 $425.06 @ Transamerican",8D57D721-5E0B-44DF-9646-0DF2454AF26C,1,0
2051442,0,,1,NULL,0,NULL,0,NULL,"Rock Assault 6-Ply Limit Strap, 10""",F7093A62-F9D1-4F22-AC8C-0DF3505F83A9,1,0
1024096,0,A,1,NULL,0,NULL,0,NULL,Valve Cover(Red) - 20R/22R/RE(75-84),A047F8B9-7F06-48AB-9D37-0DF721C327DF,1,1
2051156,0,,1,NULL,0,NULL,0,NULL,"Axle Housing Upper Link Mount Bracket, Toyota",804462ED-1922-457A-9723-0DF7937A742C,1,0
3032420,0,A,1,NULL,0,NULL,0,NULL,All Pro 1986-1988 Toyota Pickup and 1986-1989 4Runner Front Bumper with Fill Plates,EE71D1D8-B7B7-4945-B97A-0DFD33BFBB83,1,1
4030010,0,,1,NULL,0,NULL,0,NULL,1979-1983 4WD Pickup / Hilux Rear Stock Height Replacement Spring +200lb leaf,F8E68F00-8F52-4711-AFE0-0E01CAC4BDA1,1,0
1013225,0,A,1,NULL,0,NULL,0,NULL,Oil Pan (New OE) - 20R/22R/RE (79-95) 4WD Truck & 4Runner,46471382-149D-4DA2-8588-0E072F6AB360,1,1
1020421,0,A,1,NULL,0,NULL,0,NULL,LCE Rear U-Bolt Flip KIt 79-85,76EE3A55-5A4E-4C5B-846D-0E0C78B49BC0,1,1
2019105,0,A,1,NULL,0,NULL,0,NULL,"Nitrous - 7"" Diameter Nitrous Bottle Blanket 10lb",7C25E5F2-FC3E-4FA7-A8B6-0E115F7712A6,1,0
4000000,0,A,1,NULL,0,NULL,0,NULL,"Intake Valve STD 37.80mm (XP900, XP1000, XP1000 TURBO)",D5885102-1EF3-4BA8-AC4D-0E1D057EAAB0,1,1
1072033,0,A,1,NULL,0,NULL,0,NULL,"T-Bolt Hose Clamp - 2.75""",26CA785A-14E4-4D3D-A447-0E3962EE066A,1,1
8017138-1,0,S,1,NULL,0,NULL,0,NULL,Ear Plugs,BABF6EE6-4227-4C4F-8C57-0E417EBB76C1,0,0
RM-10991,0,A,1,NULL,0,NULL,0,NULL,Aluminum 6061 T6 Plate .375'' x 5.75'' x 5.75'',DE001A69-B8A7-42F3-8303-0E46B73DBB5D,1,0
1072362,0,A,1,NULL,0,NULL,0,NULL,Comp-Gate 40mm External Wastegate V-Band 7PSI (BLUE),87A819FD-AC09-42DB-9DAC-0E5AB42AE97E,1,0
8012364,0,A,1,NULL,0,NULL,0,NULL,M8-1.25 x 55 mm Hex Bolt Zinc 8.8 Grade,CDDB274B-DDB4-4C18-A053-0E6F24875F5B,1,0
8020184-1,0,S,1,NULL,0,NULL,0,NULL,"Corner Radius End Mill: 1/4"" Dia, 1"" LOC (Leo Precision)",8BF07B68-2955-41A7-83CF-0E6FDC9FAF99,0,0
1046167,0,,1,NULL,0,NULL,0,NULL,"JBA Mid Pipe - Tundra (2010-14) 5.7L 2 1/2"" Natural Stainless Steel Mid-Pipes for use with 1043109 or 1046160",D9BF75EF-1B30-424E-8C3E-0E73674936AD,1,0
6011032,0,A,1,NULL,0,NULL,0,NULL,Labor Toyota Install Magnets in 5VZ Pulley,4A0E43F7-CCE4-4C96-964A-0E74F659E440,1,0
1072035,0,A,1,NULL,0,NULL,0,NULL,"T-Bolt Hose Clamp - 3.25""",CB975449-C985-414A-9676-0E7DD3D5A74A,1,0
1053132,0,A,1,NULL,0,NULL,0,NULL,"Pressure Plate - 20R/22R/RE (8 7/8"")
Old Part#98628FC",67ADE0D0-E129-4303-9819-0E7EE691A471,1,1
8012277,0,A,1,NULL,0,NULL,0,NULL,M6-1.0 Non-Serrated Flange Lock Nut Zinc 10.9 (For Cam Gears),610CC4A3-CE7C-4221-A040-0E95670B4776,1,0
3040068,0,A,1,NULL,0,NULL,0,NULL,"Baja Designs OnX6 Arc 50"" Driving/Combo LED Light Bar",B035B23C-14A1-4BBD-9358-0E96CB1180C8,1,0
1080042,0,NULL,1,NULL,0,NULL,0,NULL,"10-14 FJ 1GR & 10-23 4Runner 1GR 250 Amp Alternator ",C54BBA24-548A-4CD5-AFE3-0E9B0F6DFAA6,2,0
4544021,0,A,1,NULL,0,NULL,0,NULL," Cross Drilled Slotted Rotors 22R Pickup (8/1980-7/1985) 4WD and (84-85 4Runner) Non-Vented Set of 2 WITH 2 ALIGNMENT HOLES",191D6BC7-0E15-4A6C-BCF2-0E9C971FAB21,1,1
1080031,0,A,1,NULL,0,NULL,0,NULL,"High Output Alternator, 320 Amp, 22R
(Uses V Belt)",EECD8940-80FC-4C70-BC5C-0E9CF8AA9DAB,1,1
1013833,0,A,1,NULL,0,NULL,0,NULL,Rod Bearing Set 22R/RE +30 Safety,2D18D247-DAB5-4AEA-BB02-0EA708693F8C,1,1
1061003,0,A,1,NULL,0,NULL,0,NULL,Gasket - 2RZ/3RZ Throttle Body Gasket,E78A5663-045E-46DC-950A-0EA98E627424,1,1
1091175,0,A,1,NULL,0,NULL,0,NULL,"2016-2017 8"" Ring & Pinion Set W/ Install Kit (5.29:1 / Rear NON-ELock )",DA7F54FD-1660-4DBF-8F36-0EAC723B5DAD,1,0
4061088,0,,1,NULL,0,NULL,0,NULL,2005 to 2015 Toyota Tacoma,CC4D2051-C602-4C27-A058-0EB3D74B4B70,1,0
1015066,0,A,1,NULL,0,NULL,0,NULL,Timing Chain Cover - 3RZ Timing Chain Cover (New),4598B430-FE66-4B20-9746-0EBAE6E08E14,1,0
8020056,0,A,0,NULL,0,NULL,0,NULL,"1/8"" Grooving Insert",0901B7BA-41FB-4889-B570-0EBC18A650D7,1,0
4050200,0,A,1,NULL,0,NULL,0,NULL,LCE $200 Gift Certificate,41A849C0-F1FC-4589-A003-0ED4F0AF8ECF,1,0
1013216,0,NULL,1,NULL,0,NULL,0,NULL,Pro Connecting Rod Bolt Set - 20R/22R/RE/RET (Fits Chromoly H-Beam Rods Only),2627991A-1148-4207-9FDB-0EDDA0520FDD,0,1
1054006,0,A,1,NULL,0,NULL,0,NULL,Clutch - Pressure Plate Bolt Each,E01729AD-3F70-44FF-A563-0EDFEE13B7B1,1,1
1011004,0,A,1,NULL,0,NULL,0,NULL,Street Block Only - 22R/RE (85-95) Fully Prepared w/Freeze Plugs,F75D4FE3-44C0-43E8-846A-0F01BD2ABFAF,1,1
1016109,0,A,1,NULL,0,NULL,0,NULL,Water Pump Pulley Billet Stock Size 20R/22R/RE/RET,23CC80A0-AB84-4958-9E1A-0F04917FCFCF,1,1
6011028,0,A,1,NULL,0,NULL,0,NULL,"Limit Engineering Hose Fitting / Flange ",25AC0220-989D-4FEB-86D1-0F06F1DE8077,1,0
8012383,0,A,1,NULL,0,NULL,0,NULL,M8-1.25 x 40mm Flat Head Socket Cap Screw - PLN,D1E33319-E238-4601-9BA1-0F1389DCBD4A,1,0
9010034,0,A,1,NULL,0,NULL,0,NULL,"Flange - 2-Bolt Steel Flange 3/8"" x 2 1/2"" (3RZ/2TR Exhaust) - Processed 
33 pieces per stick
Saw cut to 48""",BF45A13E-62A9-48EF-8C2D-0F19601DDBBE,1,1
1072341,0,A,1,"NEED MOVED
",0,NULL,0,NULL,GenV Spring (3psi) Inner (Black) Suit WG38/40,C8CC0B7F-E79D-4F5B-A50B-0F1A637BA08A,1,1
1045037,0,NULL,1,NULL,0,NULL,0,NULL,1-1/2 409 stainless steel tube x .059 wall,F2089C4B-4319-465E-AA8A-0F1CC01C4507,0,0
2044011,0,A,1,NULL,0,NULL,0,NULL,"ReadyLIFT Tundra (2007-2013) 2WD/4WD (+2.4"") T6 Billet Leveling Kit",EB68DCBB-BCC5-446E-A21D-0F233BB1A30A,1,0
8020027,0,A,0,NULL,0,NULL,0,NULL,CPMT3252LF Inserts,84CFE245-5E03-4144-B2CF-0F23EAEC442C,1,0
1042027,0,A,1,NULL,0,NULL,0,NULL,Pro Flow Exhaust System - 1GR Tacoma,08F5F04A-034F-411C-B4D5-0F36CF4785CB,1,1
40551119,0,A,1,NULL,0,NULL,0,NULL,Celica (8/81-7/85) Cross Drilled Rotors,A48A42C8-1A00-4903-8F72-0F43685A109A,1,0
4070115,0,A,1,NULL,0,NULL,0,NULL,"HPS Reinforced Black Silicone Radiator+Heater Hose Kit,2010-2014 FJ Cruiser,4.0L V6",5AF2B261-82E2-4F2D-90F3-0F43A42C117F,1,0
2019132,0,A,1,NULL,0,NULL,0,NULL,Single Swivel Pod for Fuel Pressure Gauge,88DC3F1C-597E-4022-9C00-0F469C10B656,1,1
2051646,0,,1,NULL,0,NULL,0,NULL,1995-2004 3RZ/5VZ Tacoma Transfer Case Adapter Plate,F51F5D61-D0C2-4EDB-A10E-0F46A8332B4E,1,0
5020009,0,A,1,NULL,0,NULL,0,NULL,"95.5-2004 Toyota Tacoma Replacement Bushing Kit Upper Control Arms
",3E3ED2A9-8603-4B01-81C7-0F4DA152312E,1,1
0403030,0,S,1,NULL,0,NULL,0,NULL,"40x30x30 1,100 TRIPLE WALL BOX WITH LID",C884DAE6-BBF5-448E-892C-0F4E0114777C,1,0
8012300,0,A,1,NULL,0,NULL,0,NULL,M6-1.00 x 16mm Hex Cap Screw - Zinc,D8CC6DD3-B601-4170-A438-0F5581602379,1,0
2060136,0,,0,NULL,0,NULL,0,NULL,"Misalignment Spacers, 7/8"" to 1/2""",A1159984-87CD-4C8D-952B-0F57595A9478,1,0
4010090-C,0,S,1,NULL,0,NULL,0,NULL,LC Engineering Limited Edition New Logo T-Shirt,D5545405-2998-4664-8C04-0F5E80B7CA81,0,0
3033049,0,,1,NULL,0,NULL,0,NULL,"Fender Flare-Cut Out(89-95) P/U 4WD 3"" (Rear)
ALT B/W31020-11 $266.18 @ Transamerican",86D91163-E598-4306-92D2-0F5FCC0C1AE2,1,0
1020223,0,A,1,NULL,0,NULL,0,NULL,Haltech Elite 750 2RZ/3RZ Fuel Management System W/ Adapter Harness,2AEBF0A7-E66E-4502-9D18-0F66F6FDDF1B,1,1
5011129,0,A,1,NULL,0,NULL,0,NULL,5 VZ Baffles,2121BAF1-6A31-4364-92AF-0F762B3288B5,1,0
1063060,0,A,1,NULL,0,NULL,0,NULL,Extra Injector - Aluminum Boss (Each),E13FD605-B790-44E7-925A-0F877454F368,1,0
1015073,0,A,1,NULL,0,NULL,0,NULL,Timing Belt Idler Pulley - 5VZ,414AA43F-3751-428E-B16A-0F8C4B6463F2,1,0
2051330,0,A,1,NULL,0,NULL,0,NULL,"Suspension Lift Kit (1.25"") 2WD & 4WD 4Runner (90-95) Leveling Kit, Rear Only",2F4B8141-B897-4F87-840F-0F949123AD9B,1,0
3080129,0,NULL,1,NULL,0,NULL,0,NULL,"Used in Volusion as Parent ID for CryO2 Intercooler Sprayer ",E7E6D020-667C-49E0-B5A7-0F94E8937F74,0,0
1061050-1,0,A,1,NULL,0,NULL,0,NULL,Throttle Body Spacer(Spacer Only) - 22RE Each stick of RM-10019 makes 38 pcs,D2E7DD76-D2AC-438D-A09C-0FAA53ACB90F,1,0
1016161,0,A,1,NULL,0,NULL,0,NULL,Supercharger Pulley(65mm) 2RZ/3RZ High Boost,171595A2-73BE-49DB-B44F-0FB0CBE2DD3D,1,0
1091072,0,A,1,NULL,0,NULL,0,NULL,"Mini Install Kit (8"") 86 + Later w/OEM R&P
***Same Kit as 1091069****",464E51DE-9BB1-42B1-A90A-0FBC3266E465,1,0
1035015,0,A,1,NULL,0,NULL,0,NULL,Throttle Cable Up-Grade,5DA7AEFE-482F-48AE-B0C9-0FBDFE00D199,1,1
1023306,0,A,1,NULL,0,NULL,0,NULL,3VZ Valve Shim 2.50,EF1F7E61-BDDE-4BCD-995B-0FC40F7DDB0F,1,0
8012285,0,A,1,NULL,0,NULL,0,NULL,M6-1.0 x 20mm Flat Socket Cap Screw - Stainless,25ECD4E1-EC16-497E-BB16-0FC568D8CB59,1,0
1035047,0,A,1,NULL,0,NULL,0,NULL,Fuel Pump(EFI) - 22RE In-Tank Replacement (85-91) with Strainer,7BCC44D2-69CC-470B-8AF1-0FCF1EF85252,1,1
3032405,0,A,1,NULL,0,NULL,0,NULL,Rock Defense Rear Bumper - (84-89) 4Runner,DB591193-182B-4063-A7D6-0FCF69FE7CC6,1,1
FCI-KT3001,0,A,1,NULL,0,NULL,0,,"Pickup & 4Runner Door Seal Weatherstrip Kit
(84-89)",FA572505-772E-4734-966B-0FD143333289,1,1
1015046,0,A,1,"NEED LABEL []
",0,NULL,0,,Complete Timing Kit 2TR (05-14),8C88A029-FE5B-4E64-9325-0FD1D08BD66C,1,0
1054048,0,A,1,NULL,0,NULL,0,NULL,Clutch Master Cylinder - 8/81-85(22R/RE Celica w/Single Stud Mount),94287936-AB0A-4699-8B26-0FDED4054025,1,0
2051262,0,,1,NULL,0,NULL,0,NULL,"1979-1985 Classic Front Lift (4"" Spring / Left / 4 Stud)",57FDDD4E-AB66-4573-AC14-0FE26A64E9E3,1,0
2060002,0,A,1,NULL,0,NULL,0,NULL,Crossover Steering - Six Shooter Knuckle Set,81974AD7-E595-423A-BCD9-0FEA1A50EBD6,1,0
9015023,0,A,1,NULL,0,NULL,0,NULL," 2nd Gen Tacoma V6 2wd auto transmission mount COLOR-RAW",62BBBB5A-787F-43F1-A617-0FEBA0EE21FC,1,0
1013871,0,A,1,NULL,0,NULL,0,NULL,Street Hyper Piston Set w/Rings  .040 - 4.7L 2UZ-FE,D63D6210-3265-490C-8AA1-0FF7B68A2D69,1,0
1046149,0,,1,NULL,0,NULL,0,NULL,JBA Header Kit - T100 3.4L (1995-01) 1 1/2? Silver Ceramic Coated Stainless Steel Cat4ward® Shorty,2966B04C-C1D5-4E2F-8397-0FFE08B1A071,1,0
1052002,0,NULL,1,NULL,0,NULL,0,NULL,Flywheel Bolt - 2RZ OEM Flywheel Bolt Kit (Set of 10),FE1572C0-5E4E-449D-9EE2-100C6419FA79,0,1
1021051,0,A,1,NULL,0,NULL,0,NULL,2RZ/3RZ Cylinder Head Stage 1 (98-00) 8 Intake Ports,DAA82B84-2C71-4C83-8B8F-10166F0576D5,1,1
4805076,0,A,1,NULL,0,NULL,0,NULL,ARB Deluxe Bumper 86-95 Pickup & 4Runner,6D606E8B-E019-41D6-9BFB-102111791B75,1,0
0481212,0,,1,NULL,0,NULL,0,NULL,Box - 48 x 12 x 12 (10 per bundle),85B16FFC-49AF-4588-8C7B-1025B8D8F44D,0,0
3035072,0,A,1,NULL,0,NULL,0,NULL,"K&N FIPK - 22RE Pick-Up & 4-Runner (84-95) 2.4L (Air Filter/Filter Charger)
",0BEA372A-A73B-4DCE-8EEE-102B666961EA,1,0
1021507,0,NULL,1,NULL,0,NULL,0,NULL,"Stage 3 Mini Valve Train Kit - 2RZ/3RZ
",9C623D76-D724-48AA-80F4-10325428866F,0,1
8012373,0,A,1,NULL,0,NULL,0,NULL,M8-1.25 x 30mm Double Ended Stud - (Coated O2 Flange Stud),B2AC4D06-E42F-437F-93B9-103E063A6DEC,1,1
2051489,0,A,1,NULL,0,NULL,0,NULL,Rock Assault LH Drop Front Axle Housing (E-Locker / Spring Perches / W/O Inspection Hole),13682662-BB12-43C4-878D-103F6904FBB0,3,0
1043056,0,A,1,NULL,0,NULL,0,NULL,"Test Pipe - 3RZ 17.5"" x 2.50"" Flange",98FA411E-BAFD-48BF-821A-103FB15D98BF,1,1
2080006,0,,1,NULL,0,NULL,0,NULL,"DISCONTINUED ARB Bushranger Sand Tracks
ALT TRANSAMERICAN",A0247663-2147-4962-981E-1040C8F8007F,1,0
1041064,0,A,1,NULL,0,NULL,0,NULL,Turbo Downpipe - CT20 To Garret Conversion,A65FA6A5-936F-4922-A5CE-104351AE0970,1,1
8020091-1,0,,1,NULL,0,NULL,0,NULL,"1/8"" Ball Extra Long",EA702B06-F8A2-49DA-9765-1055234AA476,0,0
1046015-old,1,NULL,0,NULL,0,NULL,0,NULL,"Flowtech Shorty Header Kit 75-81 Celica, 75-88 Pickup 20R/22R 1 1/2"" 409 SS Polished",F82FF2B5-4041-4915-8FF1-1055E255F03A,0,0
1041060,1,A,0,NULL,0,NULL,0,NULL,"Pro Header Tubing Kit - 20R/22R/RE - 1 5/8"" 304 Stainless Steel (.065 Wall) no gaskets",310BAE54-8DDF-4244-897D-1056077DE8B9,1,0
1062115,0,A,1,NULL,0,NULL,0,NULL,Injector - 3RZ Equalized Fuel Injector Each (00-02) Pink (Casting #23250-75080),DC8E69AC-2F21-4B4E-AA96-10571ACAAF74,1,0
1015074,0,A,1,NULL,0,NULL,0,NULL,22R Timing Cover Gaskets For LCE Conversion Cover Only,DBA0DD3B-C977-4037-971B-105B7CFCAE7F,1,1
8012363,0,A,1,NULL,0,NULL,0,NULL,M8-1.25 x 25mm Buttonhead Socket Cap Screw - SS,9528AC1E-84FF-4B66-AB17-106264355BCF,1,0
1032036-1,0,A,0,NULL,0,NULL,0,NULL,Offenhauser Water Plate Gasket (8 Bolt),96F5C05B-162B-4317-A481-106F8D0E5BDE,1,0
2060085,0,A,0,NULL,0,NULL,0,NULL,"Rock Assault Power Steering Pump w/Pulley - 1,450 psi(For Ram Assist Steering)",8FEEBE8B-9690-4C96-89DB-107B1011EB07,1,0
2051439,0,A,1,NULL,0,NULL,0,NULL,Weld in Bung LCE,66545943-53A8-4D96-9E26-107EACC524A8,1,0
1096022-1,0,NULL,0,NULL,0,NULL,0,NULL,OEM Driver Side Valve Cover (1988-1995 3VZ 4Runner/Pickup/T100),3A74AD3F-DA8C-43AC-ACF7-1080483C9AF4,0,0
1014153,0,A,1,,0,NULL,0,Hastings Piston Rings,Street Piston Ring Set(Hastings) - 20R(75-80)(STD),4A21F4D7-8D48-49ED-BB84-108241B59C80,1,1
1609007,0,A,1,NULL,0,NULL,0,NULL,"Air/Fuel Sensor Denso Air Fuel Sensor: 4 Wire, Direct Fit, Heated, Wire Length: 11.02
",7F30FD8D-0707-479A-8E49-1090F9660CE5,1,0
2054020,0,A,1,NULL,0,NULL,0,NULL,Differential Set-Up Kit(8) - (79-95) 4 Cylinder,89EAB06F-9DFB-4144-A2F2-109C16D1ED9A,1,1
2044033,0,,1,NULL,0,NULL,0,NULL,"3.5"" Long Travel Kit -Tubular Lowers: 1996-2002 4Runner",DB5E96A5-D439-4BF8-9492-109D62A8CFE7,1,0
1096041,0,A,1,NULL,0,NULL,0,NULL,OEM Fuel Pump Hanger (1992-1995) RN101,32C87769-D122-456E-96BB-10A37ABBF539,1,1
2051173,0,,1,NULL,0,NULL,0,NULL,"1995 Tacoma SAS Kit A With 4"" Leaf Springs",5743DDAD-F706-4AC6-98B8-10A51763F9ED,1,0
1032049,0,A,0,NULL,0,NULL,0,NULL,20R/22R Weber 38 Adapter Gasket Set,4613DE5C-5F85-4F73-BA03-10ACC89AFF66,1,0
8020116,0,A,1,NULL,0,NULL,0,NULL,M10 lock washer,4AE453DE-DFBF-4AC4-8A51-10B92478B9A8,1,0
4010075,0,A,1,NULL,0,NULL,0,"Flexfit Hat
XL-XXL, Flag w white LC",LCE Classic Flexfit Hat XL-XXL (Flag w/ White LC),5B054A32-A554-4E89-B891-10C0DD05AD3E,1,1
#80 Bag,0,S,1,NULL,0,NULL,0,NULL,#80 Insta Pak Bag (Case of 24 ea),A339763A-78B9-4F6C-832D-10CE5D0233EE,0,0
2080013,0,,1,NULL,0,NULL,0,NULL,Roll Bar Mount For Compact Air System,17ADC0EE-9554-482F-8A77-10D4F307FEB0,1,0
8012197,0,A,1,NULL,0,NULL,0,NULL,M10-1.25 x 25mm Flat Head Socket Cap Screw,D4294F8C-5E01-4F3F-A0C3-10D50D5360EC,1,0
1072004,0,A,1,NULL,0,NULL,0,NULL,"Oil Feed Fitting - 3RZ (M18 x 1.5 to 1/8""npt Female)",3C25EB7D-C02A-41C5-A58D-10D5E570BD93,1,1
2040005,0,A,1,NULL,0,NULL,0,NULL,Toytec Rear Add-A-Leafs,AC43FC46-47CB-4A10-B63B-10EE68216345,1,1
3010421,0,A,1,NULL,0,NULL,0,NULL,Turbo Heat Shield Kit (Titanium) - Garrett,DBD83592-3B22-4AF8-B821-10F2A93CF31C,1,0
0181206,0,S,1,NULL,0,NULL,0,NULL,Box - 18 x 12 x 6 (25 per bundle),790A3AD5-EA0D-4A06-AE6F-10F8E1324925,0,0
1046161,0,,1,NULL,0,NULL,0,NULL,"JBA Mid Pipe - Tundra (07-09) 5.7L 2 1/2"" Polished 304 Stainless Steel Mid-Pipes for use with 1041069 or 1046160",4CE6F41D-4E8F-4551-8F3C-1111AE19400F,1,0
1015036,0,A,1,NULL,0,NULL,0,NULL,22R Single Row Timing Chain Only (85-95),E9C51D0D-1D0F-44B1-8516-112652D766A8,1,1
2055112,0,A,1,NULL,0,NULL,0,NULL,"Non-Greasable Super Shackles(Rear 0"" Lift) - 79-88(4wd P/U & 4Runner)***NO LONGER AVAILABLE****",F9E6CF5B-3194-4C1E-9021-113124E7C621,1,0
1014229,0,A,1,,0,NULL,0,Pro Gapless Piston Rings,"Pro Gapless Piston Ring Set - 22R/RE/RET(94mm)(1.5, 2.0, 4.0)",79A4C3F1-83AA-4525-8D78-1131A5642C92,1,0
5011000,0,NULL,1,NULL,0,NULL,0,NULL,Core Early 22R Head,188D96DE-A37B-4783-9003-113456F7C80F,0,0
3035202,0,,1,NULL,0,NULL,0,NULL,Cold Air Intake for 2005-2011 Toyota Tacoma 4.0L (Dry Extendable Filter),6CD6F064-FB5A-41EF-8E13-113630F5A02B,1,0
4020030,0,A,1,NULL,0,NULL,0,NULL,LCE Oil Cap Decal (Modern / Brushed),36E0FEA1-F35B-4C2F-89CF-11367A558A7A,1,1
8012031,0,A,1,NULL,0,NULL,0,NULL,1/2-13 x 2 3/4 Hex Cap Screw Grd 5 - Zinc,103B2325-0EC1-4DDA-9C18-1139DF881A5D,1,0
4023002,0,A,1,NULL,0,NULL,0,NULL,Head Gasket Keychain,82E82787-D525-4A52-B588-1141A3DB817E,1,1
1023044,0,A,1,NULL,0,NULL,0,NULL,Exhaust Valve(ea) - 1GR(30.5mm - 1mm Over) Stainless Steel w/Anti Friction Coating,A457662A-96FA-46F0-BEE4-114C0D7BF72A,1,1
RM-10011,0,A,1,NULL,0,NULL,0,NULL,"1-1/4 x 1-1/2 x 12'   6061 aluminum bar  2-3/8""",931EBF2F-B1A0-468D-8A7B-115258F0F9E1,1,0
1018037,0,A,1,NULL,0,NULL,0,NULL,Complete Gasket Set(w/MLS Head Gaskets) - 3VZ,61062026-AECC-4A9A-A6DD-115A8B841C69,1,1
Hydro104,0,A,1,NULL,0,NULL,0,NULL,Hydrospace Intake Valve,C8642A6A-5F89-4431-8315-115EE26845C8,1,0
2051761,0,,1,NULL,0,NULL,0,NULL,Longfield FJ40 30-Spline 4340 Chromoly Super Set,7CEC05E8-5BE5-4FBD-A09B-116304617059,1,1
8011008,0,A,1,NULL,0,NULL,0,NULL,Elbow 1/8 NPT Male to 1/8 NPT Female,40F495E6-C37E-4A41-8464-116384B3B459,1,1
1084016,0,A,1,NULL,0,NULL,0,NULL,"Spark Plug NGK BPR6EY V-Power (1 Range Cooler) 22R/RE 0-5 PSI 10:1 Compression
Alt Part#BPR6EY @ Motovicity $1.41",59D9E4E8-6402-4B02-850B-11690B7DBEB7,1,0
1023126,0,A,1,NULL,0,NULL,0,NULL,2RZ/3RZ 40mm Intake Valve Seat (Each),224EE293-230A-4A05-8103-11714E48BC4F,1,1
1093014,0,A,1,NULL,0,NULL,0,NULL,"Electric Fan - Universal Illuminated Fan Switch
",D9A5CD7A-8D1F-4747-81FD-11746DE7051B,1,1
4070127,0,NULL,1,NULL,0,NULL,0,NULL,Used in Volusion as a Parent ID for  HPS Reinforced Silicone Heater Hose Kit (1GR FJ Cruiser),53279AF6-8F8A-4F7E-B726-1185BFE22CDF,0,0
1093087,0,A,1,,0,NULL,0,Ring Compressor Cone,Tools - Ring Compressor Cone (3.580 - 3.675),EB327E2F-402F-4AE7-907A-118AEFA26F14,1,1
8012233,0,A,1,NULL,0,NULL,0,NULL,M12-1.75 Hex Jam Nut Zinc,78AE79F8-C096-4395-B1F7-118BFAE6CD37,1,0
Labor Clean,0,NULL,1,NULL,0,NULL,0,NULL,Labor Clean,00FD86D3-A265-4CD2-9F02-118F2800CA4F,0,0
1043027,0,A,1,NULL,0,NULL,0,NULL,"Catalytic Converter1985-95 4Runner, 84-88 Pickup, 93-95 pickup Direct Bolt In",706D007B-9149-487C-A075-11926023D399,1,0
4070068,0,A,1,NULL,0,NULL,0,NULL,"HPS Reinforced Red Silicone Radiator Hose Kit, 1996-2002 4Runner, 3.4L V6",0E84008E-C6BA-4C8D-92ED-1198A42F02F5,1,0
2056066,0,,1,NULL,0,NULL,0,NULL,Toyota High Steer Kit - Rock Assault Axle / Drop Pitman Arm / Right-Hand Drive / 4-Stud Steering Arms,E690BA3A-F1BE-47CE-82F4-1199AE9BCDB3,1,0
3035015,0,,1,NULL,0,NULL,0,NULL,"K&N Aircharger - 4-Runner (05-06) 4.7L (Air Filter/Filter Charger)
",82C173BF-2BE2-4A36-AFE6-119C837098BA,1,0
1061489,1,A,0,NULL,0,NULL,0,NULL,LC Pro Air Intake Tube Kit Only 3VZ 1988-1995,E543344A-5C66-4125-B219-119DF949BD1A,1,0
3033112,0,,1,NULL,0,NULL,0,NULL,"Fender Flare-Xtnd (95.5-04) Taco DblCab 1.5"" (Set)
ALT B/W31911-11 $400.49 @ Transamerican",0EB3ADAD-F43F-4B0B-88B9-11B391481997,1,0
4020040,0,A,1,NULL,0,NULL,0,NULL,NEW LCE Vintage Artwork T-Shirt (PARENT),7A683AE6-5198-4DB0-AC04-11B6AEF1E5CD,1,1
4070064,1,A,1,NULL,0,NULL,0,NULL,"HPS Blue Reinforced Silicone Radiator Hose Kit, 2003-2009 4Runner, 4.7L V8",F7CAAC30-F215-4444-BCE0-11B768752ED3,1,0
1074013,0,A,1,NULL,0,NULL,0,NULL,Turbo Garrett - GT3582R,09A8E61E-D49E-484F-8FF8-11BB7BB77CEB,1,0
2053169,0,A,1,NULL,0,NULL,0,NULL,U-Bolt Flip Kit - (84-85) Solid Front Axle,1184BB56-19DE-4AC0-96E1-11C3D6824BF5,1,1
4070147,0,NULL,1,NULL,0,NULL,0,NULL,Used in Volusion as Parent ID for HPS Reinforced Silicone Radiator / Heater Hose Kit (22RE / 1989-1995 Pickup),135CFCB4-0156-4D5F-95F3-11C4934EDC7E,0,0
1023096,0,A,1,NULL,0,NULL,0,NULL,Viton Valve Seal Set - 20R/22R/RE/RET (For Pro Guides),E9DFE4A7-E1EF-40D8-A010-11C7FBD41C20,1,1
8020117,0,A,1,NULL,0,NULL,0,NULL,M10 x1.5 x 30mm Socket Cap,9A63BB64-EEB5-4449-8161-11D258A1D971,1,0
2040006,0,A,1,NULL,0,NULL,0,NULL,"Pro Comp High Arch Add-A-Leaf & Center Pins (2"" Lift) (Firm Ride)",6C3BB90A-941D-48E7-9A93-11D762C55F01,1,0
1013242,0,A,1,NULL,0,NULL,0,NULL,Oil Level Sender Block Plate Bolt - 3RZ(93-98)(T100) Alt#90080-11230,581AFC5C-78E1-4941-AE6C-11EBC82CFFD7,1,0
1083032,0,A,1,NULL,0,NULL,0,NULL,"Ngk TX99A Spark Plug Wire Set 20r/22r/re/ret 1978-1992 
",FD95E153-B9DD-48B0-855E-11ED21700EF6,1,1
2051585,1,,0,NULL,0,NULL,0,NULL,"Hydro Bracket 1.5"" Ram Axle Housing",27B340E5-A759-4123-ABF2-11F3A72A9117,1,0
1014026,0,A,1,NULL,0,NULL,0,NULL,3VZ Street Piston +.030 No Rings,4AF60C3B-B72D-4812-AF97-11FA40DE79F5,1,1
8012253,0,A,1,NULL,0,NULL,0,NULL,M5-.80 x 25mm Socket Head Cap Screw - PLN,3147C0E9-5475-443D-B4D2-11FC4D42D6A9,1,0
RM-11605,0,A,1,NULL,0,NULL,0,NULL,"Steel Tubing - 1 1/4"" OD x .095 Wall (6"")",5B90D5DB-B1BB-43AF-98EA-11FC9A07BA4E,1,0
1063027,0,A,1,NULL,0,NULL,0,NULL,LCE Pro Fuel Injection Kit #3 (Naturally Aspirated) (6Cyl),498662A3-C0AB-493B-A40E-1201896ADB36,1,0
1052003,0,NULL,1,NULL,0,NULL,0," 26mm long X 11mm diameter X 1.25mm thread pitch. The entire bolt measures 35mm in length.","Flywheel / Flexplate Bolt - 20R/22R OEM Flywheel / Flexplate Bolt Kit, Set of 6",8E09A997-DD8E-47E5-A852-1201FEDC844F,0,1
1041002,0,A,1,NULL,0,NULL,0,NULL,"22R/RE Universal 2-Bolt Stub Connector RAW 2 1/2""",2644B8D4-C6C9-4AD5-9FC0-1207871B1A12,1,1
1024097,0,A,1,NULL,0,NULL,0,NULL,Head Bolt 22R OEM 1985-1995 each,68B652AA-D3F3-448E-9021-1210614E14E1,1,0
1091225,0,A,1,NULL,0,NULL,0,NULL,"6.7"" Rear Pinion Seal",3AD6D7ED-4EB2-4606-83F6-12111724CEA5,1,1
1067000,0,A,1,NULL,0,NULL,0,NULL,Coolant Temperature Sensor 1984-1988 22RE,E323ECB1-0A4D-4808-AAD0-122A50754F74,1,1
3050033,0,NULL,1,NULL,0,NULL,0,NULL,OEM LED Headlights Smoke (Toyota Tundra 2014+),B9E3368F-38E5-4084-A976-122C69F81335,0,0
1032097,0,A,1,,0,NULL,0,NULL,Teflon Heat Isolation Gasket - 2RZ/3RZ (8 Port)  Intake Manifold Gasket,CE379D0E-DCE3-44F4-B145-122CD2EC643F,1,0
1099114,0,A,1,NULL,0,NULL,0,NULL,Gauge Pillar(Triple) - 89-95 P/U & 90-95 4Runner (BLACK),3B5C9741-A34C-47A7-951A-1233BF82DC25,1,1
1604151,0,A,1,NULL,0,NULL,0,NULL,"Oxygen Sensor Denso O2 Sensor: 4 Wire, Direct Fit, Heated, Wire Length: 12.6


",1B6D6D7E-DDAF-4E01-8AAF-1237ABFABB8D,1,0
1052029,0,A,1,NULL,0,NULL,0,NULL,"Transmission Adapter(Flexplate Only) - 5VZ To Chevy Trans (Turbo 350 or 400, 700R, Powerglide etc...)",15AFC527-9DDC-4594-A461-1239354C1116,1,0
4030056,0,,1,NULL,0,NULL,0,NULL,1989-1994 4WD Pickup / Hilux Rear Stock Replacement Spring (Each),FB9AA987-67B0-49D3-833C-12422C4C5343,1,1
8012194,0,A,1,NULL,0,NULL,0,NULL,M10-1.25 x 30mm Flanged Hex Cap,68448529-2D87-4BAC-97C0-124F7E4323B5,1,0
AAFB062,0,NULL,0,NULL,0,NULL,0,NULL,AAFB Instruction Poster,7F9A358C-C93A-4F7B-A9FC-1257406EA5C8,0,0
Ceramic Header,0,S,1,NULL,0,NULL,0,NULL,Silver Ceramic Coating for Header,D413ED12-2379-4931-A172-125D32BFCB88,0,0
3035105,0,A,1,NULL,0,NULL,0,NULL,"K&N Sealing Grease - 6 oz. Squeeze Tube
",99580500-1C22-4751-9865-12642BE0BD67,1,1
3034055,0,A,1,NULL,0,NULL,0,NULL,ARB Roof Rack 03-23 4Runner,FC226D06-DC65-4D74-9101-12708DF7E3B0,1,0
1013812,0,A,1,NULL,0,NULL,0,NULL,Main Bearing Set 22R +.10 1975-1981 Safety,E6048AE0-9CAA-4D4D-9F5E-127821C906ED,1,1
1072109,0,A,1,NULL,0,NULL,0,NULL,Dual Stage Adjustable Boost Controller (Blue),1D56AE4C-8F92-452C-9B20-12843CB04DCB,1,0
1062037-old,0,A,0,NULL,0,NULL,0,NULL,"Injector - Cold Start Fuel Injector, Serviced",7A09A9A0-4FBB-4903-A81F-1286C28996C4,1,0
3035060,0,A,1,NULL,0,NULL,0,NULL,"K&N Air Filter - 3.5"" Sidedraft Element Only 40, 45 & 48
",D45E13DE-E694-4D81-8ECB-12870F0F646C,1,0
2056044,0,,1,NULL,0,NULL,0,NULL,1996-2004 3.4L Tacoma Trail-Link Front 3-Link (KIT C) - Grizzly 4.88,3B1131F6-AB98-4DE9-A474-128E3D31660C,1,0
3036005,0,A,1,NULL,0,NULL,0,NULL,2016+ 3.5L V6 Tacoma Catch Can Kit,B3E7939F-6B64-482D-AB34-1294ED651D28,1,1
3035044,0,A,1,NULL,0,NULL,0,NULL,"K&N Breather - Race Style Breather w/Shield(3"" Diameter With 1 3/8"" Rubber Base)
",E1F42241-4813-49BA-BB4D-129AC0738C59,1,1
1023243,0,A,1,NULL,0,NULL,0,NULL,Pro Titanium Retainer 5VZ(Dual Spring) Each,B5AF8EEF-FFEC-48A7-880E-12A64A38FA4D,1,1
1071009,0,A,1,NULL,0,NULL,0,NULL,22RET Pro Turbo Kit High Boost  Turbo Block Only w/Ball Bearing Upgrade,B5EE00EC-4268-4089-9F9A-12B7748D5ADF,1,1
3034049,0,A,1,NULL,0,NULL,0,NULL,Go Rhino Sport Bar 2.0 (Full Size) - SS,14410B0E-3912-4613-8A59-12BD920027EA,1,1
1016003A,0,A,1,NULL,0,NULL,0,NULL,"Auto V-Belt, Industry Number 11A0735",59F5A426-84C2-4997-B7E4-12C24B562D03,1,0
4023001,0,A,1,NULL,0,NULL,0,NULL,LCE PVC Keychain,9C5AC6B8-E110-4EA6-958A-12C8AE7FB194,1,1
1032036,0,A,1,NULL,0,NULL,0,NULL,"Offenhauser Water Plate Gasket (8 Bolt)
",889B4CA3-C108-470F-9D71-12C8D28EC8D6,1,1
1061008,0,A,1,NULL,0,NULL,0,NULL,OEM Throttle Body Rubber Elbow 22RE 1984-1988,46A553D8-C693-44CC-9481-12D1EB8F82C8,1,1
2070014,0,A,1,NULL,0,NULL,0,NULL,***NLA***Stoptech ST40 4 Piston Front Big Brake Kit (2005-2015 XRunner / Tacoma 5 Lug),55872162-6D61-4867-A811-12D477494AC9,1,0
2051540,0,,0,NULL,0,NULL,0,NULL,"Weld On Tube Ends 1.5"" OD x .120"" (10 Pack)",FF962C13-2C8D-478F-9C58-12DF3EA05405,1,0
3033120,0,A,1,NULL,0,NULL,0,NULL,Air Design Front Bumper Guard for 2017-2019 Tacoma,65ED3C21-6F42-4466-A116-12E6BB1AB1E1,1,0
4010060,0,A,0,NULL,0,NULL,0,NULL,NEW LC Engineering Celica T-Shirt Large,0D96FD91-95F3-4BBE-9AB3-12F53899A227,1,0
1014049,0,A,1,"NEED MOVED
",0,NULL,0,NULL,Street Hyper Piston Set(w/o Rings) - 22R/RE(85-95)(+.030),9203958E-FEBD-4035-8740-12FCF35001A4,1,1
1033036,0,A,1,NULL,0,NULL,0,NULL,Weber 32/36/38 Carb to 22R Stock Air Filter Adapter,E910CE97-A312-4594-BB7B-1306B4437FB2,1,1
2051223,0,A,1,NULL,0,NULL,0,NULL,Top Mount Bracket for Chilkat E-Locker Manual Cable Conversion,F683E78D-A749-4565-AFBD-13121DC5F5BA,1,0
1072049,0,A,1,NULL,0,NULL,0,NULL,"Turbo Flange - Oil Drain Flange To 5/8"" Hose Barb (Fits GT15 thru GT35)",F6CFC145-94AD-4076-B5A9-13183D475BD6,1,0
8020055,0,A,0,NULL,0,NULL,0,NULL,"1/8"" Part Off Blades",E63C22A0-BFD2-4000-9339-131C411AE471,1,0
3033261,0,,1,NULL,0,NULL,0,NULL,"1985-1995 Pickup & 4Runner IFS Eliminator Kit (Right Hand / 5"" HD Springs / 4-Stud)",AA4E2042-A6DC-47D5-9400-132B5FFC2811,1,0
1041062-1,0,A,0,NULL,0,NULL,0,NULL,2RZ/3RZ Engine Swap Header Only,DB7E6CC7-68EF-4FD8-9E6D-132C274D270C,1,0
2051573,0,,1,NULL,0,NULL,0,NULL,FJ80 HD Tie Rod Kit,999C61C3-46B6-44B7-8F72-13354C8A4E78,1,0
1020212,0,A,1,NULL,0,NULL,0,NULL,"Haltech Elite 1500 ECU Kit with Patch Cable 2TR
(Adapter Kit With Wideband and Tune)",2BC7EC7B-3A63-4ECB-B87D-13399D72FE31,1,0
1014173,0,A,1,NULL,0,NULL,0,NULL,Street Hyper Piston Set(w/o Rings) - 1GR(.030),F4BBF80E-025D-4411-9166-1340360C1AC4,1,0
1013873,0,A,1,NULL,0,NULL,0,NULL,Oil Pump Assembly - 4.7L 2UZ-FE,8837BB91-1BC5-474A-8B52-13448F1CF5F4,1,0
2050005,0,A,1,NULL,0,NULL,0,NULL,"Torsion Bar Set – Toyota F100, Land Cruiser (Late Model) & LX470 Gas",8151FFA5-C2F5-4316-BDF8-13484D29FD9A,1,0
2056014,0,,1,NULL,0,NULL,0,NULL,"True Tacoma Width Front Axle Housing 1995-2004 - 3-Link, Right-Hand Drop",B82E80F9-820A-4A60-828F-135147CD9D68,1,0
4070067,0,A,1,NULL,0,NULL,0,NULL,"HPS Reinforced Black Silicone Heater Hose Kit, 2003-2009 4Runner, 4.0L V6",40C4EC30-1494-4CAB-930A-1359EB312D5F,1,0
WP77401-195,0,A,1,NULL,0,NULL,0,NULL,"Weber Air Correction Jet 1.95 (40, 45 & 48 Sidedraft)",AED87C76-A27F-41F9-B87A-135E05F49896,1,0
1034040,0,A,1,NULL,0,NULL,0,NULL,"Grille Clips ",EC047A7F-8107-4C9E-B7F3-136917BFB6F9,1,0
1091370,0,A,1,NULL,0,NULL,0,NULL,Yukon Extended Warranty Ring & Pinion,45C30AFD-C974-4514-92BA-1375A3C43FA2,1,0
1030057,0,NULL,1,NULL,0,NULL,0,NULL,Weber 38 Manual Choke Carb & Intake Performance Package - 22R with Stock Weber Air Cleaner,6795807F-2382-4DA9-98B3-137EB6D0B426,0,0
2051797,0,A,1,NULL,0,NULL,0,NULL,Tacoma Trail-Link Front 3-Link (Kit C) - 3.4L (1996-2004) DETROIT 5.29 Kit C,FA03D634-F298-40DF-8268-138C980AD160,1,0
8017276-1,0,,1,NULL,0,NULL,0,NULL,Scotch Brite Pad - Brown,B14E2291-2E5E-4045-B12D-139A937C71C5,0,0
1016019,0,A,1,NULL,0,NULL,0,NULL,Brass Freeze Plug Set (6) 20R/22R/RE/RET 1975-1995,A96DFDFD-5E0B-42F6-B6D4-13A59D46C9F9,1,1
7010076,0,A,1,NULL,0,NULL,0,NULL,"3"" Idler Pulley Front Dust Cover Supercharger Accessories",0626C78F-0C95-494D-90B4-13AFCED93E6D,1,1
9010063,0,A,1,NULL,0,NULL,0,NULL,1UZ Header Flange,16434DC0-0698-4DE9-B845-13B2903EC19F,1,0
1014316,0,A,1,NULL,0,NULL,0,NULL,Street Hyper Piston Set(w/Rings) - 3RZ(+.020),4F572F08-DD66-4D4A-9F46-13BA460852C2,1,1
4805061,0,A,1,NULL,0,NULL,0,NULL,"ARB Awning 8 Foot
 with light kit",5FD32931-D005-46E1-9477-13C2A4EBF3EE,1,0
1016094,0,A,1,NULL,0,NULL,0,NULL,5VZ Oil Pump - T100 ONLY,FB58DD16-7C1E-475E-BA09-13C3153F779F,1,1
1023045,0,A,1,NULL,0,NULL,0,NULL,Intake Valve(ea) - 20R/22R/RE/RET(48mm) Stainless Steel,BE8B3231-9EC8-4C8E-921F-13C37FFD4349,1,1
4010039,0,A,1,NULL,0,NULL,0,NULL,"LC Engineering 3XL Black Hoodie ",32AFB3D2-45DC-462E-8DC2-13D301BBA45A,1,0
1091034,0,A,1,NULL,0,NULL,0,NULL,"Toyota 8"" Rev, Front, Eaton Truetrac Limited-Slip Differential",222B9D81-42CB-4BDE-89E3-13D53B35FE83,1,0
SMM31021-old,0,A,0,NULL,0,NULL,0,NULL,"Caliper Bracket  510 Front 68-1610
Right and Left  (Pair)",713622F9-18BD-4B37-A5D6-13DA83635AF4,1,0
1041047,0,A,1,NULL,0,NULL,0,NULL,Street Turbo Downpipe - 22RE Turbo Kit,7E62DACD-080F-4960-8222-13EE88E89FD4,1,0
4010029,0,A,1,NULL,0,NULL,0,NULL," LCE Can Cooler",03FA0032-90F9-4A6C-B7C9-13F59DBB1EC4,1,0
8012120,0,A,1,NULL,0,NULL,0,NULL,3/8 Flat Washer SAE - Zinc,3520C3D0-A586-4443-A9A7-13FC690EDB71,1,0
8020215-1,0,S,1,NULL,0,NULL,0,NULL,"355R 3/16 Ø 5/8 x 2"" x 3/16 5 Flute .030 Radius Single End Specialty Carbide End Mill (Leo Precision)",07E26169-E787-4C2B-B3F3-13FC9A580077,0,0
1091069,0,A,1,NULL,0,NULL,0,NULL,"Mini Install Kit (8"") All w/After Market R&P",56362323-8233-4D1B-A5D0-14056528F008,1,0
2040002,0,A,1,NULL,0,NULL,0,NULL,"Toytec 1/2"" Solid Steel Flat Axle Shim",4C203DBA-9AC1-4141-96EF-141823E5D3C7,1,0
4010035,0,A,1,NULL,0,NULL,0,NULL," LCE Aluminum Bottle Opener/Keychain",CBFC6CA1-70EE-48AD-B4AE-1427DBD83BC6,1,0
1013257,0,A,1,NULL,0,NULL,0,NULL,Rod Bearing Set (.020) - 4.7L 2UZ-FE,45118580-4AA1-4C86-BFF1-142B7C8203EE,1,0
1062065,1,A,0,NULL,0,NULL,0,NULL,Cold Start Injector (Late) 88-95,672917A6-3D01-4FEB-A456-142D1F8565BD,1,0
RM-15018,0,A,1,NULL,0,NULL,0,NULL,12L14CRS 5/8'' solid round x 12',9AC21DD0-A29C-40C9-9302-1432DEBC6CBF,1,0
1032041,0,A,1,NULL,0,NULL,0,NULL,Intake Manifold Gasket Set (Lower & Upper) - 2RZ/3RZ(8 Port),F274FDDC-CD51-49AA-B58C-143D62CFD02A,1,0
4544097,0,A,1,NULL,0,NULL,0,NULL,Cross Drilled Slotted Rotor T-100 (94-98) 2WD 2.7L & 3.4L (6 Lug - Set of 2),BAF8FBF8-4068-41EF-AC7D-144412653F9F,1,1
1030060,0,A,1,NULL,0,NULL,0,NULL,"NLA 20R Weber 32/36 DGAV 33B Carburetor Kit 75-77 P/U, Celica & Corona (Smog Legal)",8B121D42-16CC-4131-87BE-144E432A2579,1,0
RM-11508,0,A,1,NULL,0,NULL,0,NULL,"303 Stainless Steel - 7/8"" Bar Stock x 12' Ft",3F6649E4-F193-44C6-A864-1457273C8410,1,0
1053039-C,0,S,1,NULL,0,NULL,0,NULL,"Pro Clutch Kit - 20R 1975-1980 (8 7/8"")",375CE786-1896-4AB4-8E9A-1463D8165865,0,0
1084018,0,A,1,NULL,0,NULL,0,NULL,"Spark Plug NGK LFR7AIX (1GR 4.0 V6, 1 Heat Range Colder Than Stock - Boosted And Performance Applications)
",CB4A8522-F4F0-46F3-A8F3-1466A1828996,1,1
1012264,0,A,1,NULL,0,NULL,0,NULL,"Remanufactured Long Block - 2RZ (8/99-04) Tacoma (2WD) No Distributor, 4 Port Intake (Core Charge $360)",A6F972DF-CD7F-43C2-8048-146903C1FF8B,1,0
1023245,0,A,1,NULL,0,NULL,0,NULL,Pro Titanium Retainer(ea) - 1GR (Beehive Spring),E6E17982-E903-4A22-A93D-146AD3DEC8F4,1,0
5011089,0,NULL,1,NULL,0,NULL,0,NULL,Cold Start Injector (Late) 88-95,7448E078-E357-450A-9E8B-14713FDA5F80,0,0
2051500,0,,1,NULL,0,NULL,0,NULL,Rock Assault Front Axle Truss,C5AA102A-522C-4D35-86DA-147EDB32B8FD,1,1
2040024,0,A,1,NULL,0,NULL,0,NULL,"Old Man Emu 2"" Rear Coils (180lb) For 1990-1995 4Runner",83DFAB82-6F31-48FC-B34B-1491FEF34063,1,1
1053000,0,A,1,NULL,0,NULL,0,NULL,"Pro Clutch Disc - 3RZ / 2TR(10"")
Old Part#99797STB",28C0964E-2118-413F-A2CC-14A7EC28BF48,1,1
1013226,0,A,1,NULL,0,NULL,0,NULL,"New Oil Pan 5VZ, Tacoma 4WD, (95-04)",C5775A0A-C78F-43A3-9CCB-14B952F3E9DB,1,0
WP77401-170,0,A,1,NULL,0,NULL,0,NULL,"Weber Air Correction Jet 1.70 (40, 45 & 48 Sidedraft)",6E774E03-15DE-42AC-B0E6-14BE91FEDD03,1,1
1101107,0,A,1,NULL,0,NULL,0,NULL,"NWT - Seal Spacer21 spline  2.050 ID - OD 1.5"" - ID 1.38"" - Length .5""
1 FT makes 19 pieces 5/8"" long",ACAADCE8-2B1A-40CC-A72E-14C70F9D2217,1,0
2051617,0,A,1,NULL,0,NULL,0,NULL,PS Pump w/ Serpentine Pulley (1650psi),B9818DD8-9DCF-4E1C-B07E-14D0BD84B1BE,1,0
1072345,0,NULL,1,NULL,0,NULL,0,NULL,Used in Volusion as Parent ID for GenV Spring  (Inner)( Suit WG38/40),9C47B408-AF67-40C9-87EC-14D48DF9F15E,0,0
1072162,0,A,1,NULL,0,NULL,0,NULL,"Intercooler - 31""x11.75""x4"" - 3"" Inlet/Outlet (Type 2)",A10E9B21-AD09-4EC3-8938-14D9E7AFC2EB,1,0
1080069,0,NULL,1,NULL,0,NULL,0,NULL,03-04 Tundra 5VZ 200 Amp Alternator,E9CB0CCF-2E1E-4955-B174-14DDF84FB4C2,2,0
8020081-1,0,NULL,1,NULL,0,NULL,0,NULL,"1/2"" 2 FL Ball End Mill",80CAE86A-64DB-4D28-8712-14E47E6BDF9C,0,0
Warranty,0,NULL,1,NULL,0,NULL,0,NULL,LCE Warranty,1C9953A5-5685-4795-B20B-14E546344EB6,0,0
SMM31006,0,A,1,NULL,0,NULL,0,NULL,"Silvermine Motors E30F Caliper Bracket Only    
Saw cut to 6.5"" Each stick makes 22 pieces
(60.00 per set Retail)",4B2EF04B-52C8-4065-B8B2-14EB14FB31DC,1,0
3040057,0,A,1,NULL,0,NULL,0,NULL,"Baja Designs OnX6 40"" Curved Light Bar",928A9F7D-F414-4446-B263-14EB2BEEAEE4,1,0
3033262,0,,1,NULL,0,NULL,0,NULL,"1985-1995 Pickup & 4Runner IFS Eliminator Kit (Right Hand / 3"" Springs / 6-Stud)",D5C37376-FE76-447A-9087-14F34E765B37,1,0
3035084,0,A,1,NULL,0,NULL,0,NULL,"K&N PreCharger Wrap - Use On KN601180 (11 x 4.75)
",9709AEF8-D567-49FA-ACDD-1502518F836D,1,0
7015243,0,A,0,NULL,0,NULL,0,NULL,"URD Mk3 Supercharger kit for 2005-2009 4Runner, Stage I",D49C0329-9A6E-4BDF-B815-1510BDAD12CC,1,0
1013843,0,A,1,NULL,0,NULL,0,NULL,Street Hyper Piston Set(w/o Rings) .040 - 4.0L 3FE 1988-1992 Land Cruiser,94A773A5-91F0-4D04-A1EF-151843F660E7,1,0
8012337,0,A,1,NULL,0,NULL,0,NULL,M8-1.00 X 10mm Hex Head bold 8.8 Zinc,5831F6E6-4D33-4CF7-9D5F-1519030135E6,1,0
7010007,0,A,1,NULL,0,NULL,0,NULL,Supercharger Service Kit TRD 5.7L Sequoia/Tundra,3124AE76-BF50-4D70-B2AF-15237D728BA5,1,0
1091148,0,A,1,NULL,0,NULL,0,NULL,"1996-2002 8"" Ring & Pinion Set W/ Install Kit (4.56:1 / Rear)",08D069B0-7F5E-480B-8A9F-1524F2819740,1,0
1023087,0,NULL,1,NULL,0,NULL,0,NULL,OE Valve Guide With Clip Set of 8,2C097F62-FDD9-4627-BD72-15282E2BC25A,0,1
2051170,0,,1,NULL,0,NULL,0,NULL,"1995 Tacoma SAS Kit A With 3"" Leaf Springs",461065A8-ADF8-4596-8D29-152CBB9A905F,1,0
6011027,0,A,1,NULL,0,NULL,0,NULL,Labor Toyota Install Magnets in 22R V-Belt Pulley,7E6ABE01-EAC2-4AE2-869A-15304DA7EBFF,1,1
8012262,0,A,1,NULL,0,NULL,0,NULL,M5 x .80 x10mm Hex Cap Screw,E4261061-01EE-4305-A791-1531D30802F1,1,0
1020232,0,A,1,NULL,0,NULL,0,NULL,Equalized and Flow-Matched RZ Injector Set (4) (1200CC),95C006CF-7368-4432-B8A5-153A40BB7B7D,1,1
1080006,0,,1,NULL,0,NULL,0,NULL,Hi-Output Alternator 320 AMP 85-92 22R/RE P/U & 4Runner,19C65ABC-E329-43C2-B590-153B24679544,1,0
3061060,0,,1,NULL,0,NULL,0,NULL,BSR Sport Series Gun Rack,D28CD8DC-04F9-4844-AB78-154E402DC4E7,1,0
1053006,0,A,1,NULL,0,NULL,0,NULL,"Metallic Clutch Disc - 3RZ/5VZ/2TR (10"")
Old Part#99639CS",F3880F8F-0FD8-44AE-BD48-156248108DA7,1,1
1061081,0,A,1,NULL,0,NULL,0,NULL,Sidedraft Throttle Body Extension (40mm),0C3AAE15-59BC-48DD-A302-157D97CB12E0,1,0
1016303,0,A,1,NULL,0,NULL,0,NULL,Oil Dipstick Tube - 3RZ(93-98)(T100),75E58B73-D9D1-4A42-9853-15973B4A6918,1,1
1013143,0,A,1,NULL,0,NULL,0,NULL,Rod Bearing Set - 2TR .010,E4C003C4-C993-430C-B84C-15A053DAC4EA,1,0
1091228,0,NULL,1,NULL,0,NULL,0,NULL,"6.7"" Mini Install Kit",CB2C703B-B01A-4539-A2A5-15A437C30CC7,0,1
1020205,0,A,1,NULL,0,NULL,0,NULL,Haltech Elite 750 ECU Kit with Full Wire Harness 22R/RE (Complete Harness Kit with Wideband and Tune),4D118988-3E76-4755-A2FE-15B43362B558,1,0
1045018,0,A,1,NULL,0,NULL,0,NULL,"Street Header Gasket Set - 3RZ (95-04)
1041048,1041054",CBCA302B-CFAA-45DD-A5EA-15B63EAC3A1C,1,1
1091136,0,,0,NULL,0,NULL,0,NULL,"1989-1995 8"" Yukon Zip Locker (Rear / Air)",6551CFBE-37D9-42B9-913B-15BF31CD06DE,1,0
4544136,0,,1,NULL,0,NULL,0,NULL,Cross Drilled Slotted Rotor Tacoma(FRONT)(05-20) RWD (5 Lug - Set of 2),9CE27EA9-1B2A-41B7-B000-15C0878D4AB0,1,0
3010420,0,A,1,NULL,0,NULL,0,NULL,Turbo Heat Shield Kit (Titanium) - Garrett T3,671974E7-3A91-460F-9112-15C8EB1999E6,1,0
1013132,0,A,1,NULL,0,NULL,0,NULL,Rod Bearing Set (Toyota Journal) - 20R/22R/RE/RET 0.25mm,928B0DB9-C7E2-48E7-89F2-15CF4FEBC1B3,1,1
0181210,0,S,1,NULL,0,NULL,0,NULL,Box - 18 x 12 x 10 ( Bundle of 25),9AF87016-2402-499F-95CB-15E9A72DB9A4,0,0
CLUTCH,0,S,1,NULL,0,NULL,0,NULL,CLUTCH TO BE DETERMINED,3002BA68-9216-4578-8F35-1618045F51E6,101,0
2051560,0,,1,NULL,0,NULL,0,NULL,Toyota High Steer Kit - OEM Axle / Drop Pitman Arm / Right-Hand Drive / 6-Stud Steering Arms,45BA616C-2DD3-46CF-A1D6-1624A52E318C,1,0
9010022B,0,A,1,NULL,0,NULL,0,NULL,2TR Air Injection 2 Bolt Flange,82D7915F-0379-4DD6-BD94-162A7DB9570F,1,0
1061458,0,,1,NULL,0,NULL,0,NULL,Safari Snorkel Pre Cleaner Round,56336E4C-643D-42EE-91C2-163517980C3C,1,0
1093140,0,A,1,NULL,0,NULL,0,NULL,OEM Transmission Mount - 22R/RE/RET 2wd(81-91) & 4wd(81-83),0E84D8F8-DF26-4798-B8C6-163FAFBB5826,1,1
Saw Cut,0,NULL,1,NULL,0,NULL,0,NULL,Saw Cut to 14 1/2 inches,9E8CF75A-89AC-417D-9AE0-165572EE868C,0,0
1014355,0,A,1,NULL,0,NULL,0,NULL,Pro Stroker Piston Set(11.0:1) - 22R/RE(85-95)(+.080),5466320C-FC43-40CA-BB08-16559D93DEB1,1,1
4030005-1,0,,1,NULL,0,NULL,0,NULL,1984-1988 4WD Pickup / Hilux Rear Stock Replacement Spring (Set),3DDB4B68-A1B2-4358-BECB-165E3A079A61,1,0
1061004,0,A,1,,0,NULL,0,Throttle Body Gasket,"2TR Throttle Body Gasket for Supercharger Kit ONLY ",EC6C611A-6DE7-4A67-B7F6-16624DC0232A,1,0
1040009,0,A,1,NULL,0,NULL,0,NULL,"Pro Header Gasket Set - 20R/22R/RE (85-95)
(1041036)
",9D721CCF-6FA7-4E16-9D82-1665B0D8F995,1,1
3033259,0,,1,NULL,0,NULL,0,NULL,"1985-1995 Pickup & 4Runner IFS Eliminator Kit (Right Hand / 3"" HD Springs / 4-Stud)",9E678ED9-6770-4EF2-B963-166883B2AE44,1,0
4805081,0,A,1,NULL,0,NULL,0,NULL,Wiring Harness for Halogen kits,CC48D42C-AC73-4242-8494-166B08785962,1,0
1014157,0,A,1,NULL,0,NULL,0,NULL,Street Gapless Piston Ring Set - 22R/RE(81-84)(+.020),C5669EED-1AED-44FD-A699-167CF1FC056A,1,0
1052020,0,A,1,NULL,0,NULL,0,NULL,Bell Housing Bolt 22R/RE/3VZ 17mm head,08067ED7-2587-45C4-A2F5-168AA6FB8099,1,0
8020082,0,A,0,NULL,0,NULL,0,NULL,VNMG332 MN KCP25 Grade Carbide Turning Insert,92213800-2F1C-41FB-90BD-168B71E9C90F,1,0
5011022,0,A,1,NULL,0,NULL,0,NULL,Core - 22R Late Prepped Block (85-95),539FB976-B84F-478C-853E-16948F1059EB,1,0
5020005,1,A,0,NULL,0,NULL,0,NULL,"95.5-2004 Toyota Tacoma  3"" Front 3"" Rear Lowering Kit ( Aluminum Block ) W/O Shocks 
",F6905DDD-5D4A-4332-8ABA-16962ED23266,1,1
1072464,0,A,1,NULL,0,NULL,0,NULL,Silicone Vacuum Hose Kit Yellow (3VZ),04E9AD8A-A7EA-4168-99A2-169A35FDAD95,1,1
9035038,0,A,1,NULL,0,NULL,0,NULL,Short Shifter Base -3VZ Small Pattern,F744BBD2-E96E-44C0-9C69-169DF5EA0364,1,0
4030042,0,,1,NULL,0,NULL,0,NULL,"1984-1985 4Runner Front Replacement Spring +4""",C1976FE0-2EF3-44E5-A66F-16A433C22EE7,1,0
1032067,0,A,0,NULL,0,NULL,0,NULL,Thermostat Housing - 22R Thermostat Housing/Water Neck (81-83),0582BFA3-C5DB-4EC8-8D8A-16A918A547F3,1,0
2055572,0,A,1,NULL,0,NULL,0,NULL,Rack & Pinion - Tacoma(95-04)(4wd & 2wd Pre-Runner - 6 Lug),4B3B40C8-1853-4142-B45F-16B1992A894B,1,1
2060062,0,A,1,NULL,0,NULL,0,NULL,"Fitting, 1/4"" Pipe to #6 JIC",AEBDC364-3DA5-45A7-BEA6-16B50919400E,1,1
1052107,0,A,1,NULL,0,NULL,0,NULL,"TORSION SEAT, ANCHOR ARM ADJUSTER, RH/LH SET OF 2 1 UPPER AND 1 LOWER",D4337C33-425A-43B3-8901-16B57697173F,1,0
4061111,0,,1,NULL,0,NULL,0,NULL,***NLA***2007 to 2015 Toyota Tundra 6 Inch Lift Kit with ES9000 Shocks,CFB303AD-61C2-4CCB-A46E-16B5F77C7EAE,1,0
1072417,0,A,1,NULL,0,NULL,0,NULL,OEM PCV Valve Grommet 3VZ,14368CAE-93D2-4118-9B7B-16B708F93463,1,1
4060010,0,,1,NULL,0,NULL,0,NULL,2012-2015 Tacoma Upper Class Hood Scoop Insert Black,BF581D43-C625-4688-A376-16BBF5755CF2,1,0
8012295,0,A,1,NULL,0,NULL,0,NULL,M6-1.0 x 60mm Socket Head Cap Screw - PLN 12.9,B5E4DB11-CA99-4017-A506-16BD4F5A8534,1,0
8012144,0,A,1,NULL,0,NULL,0,NULL,5/16 Flat Washer AN - S.S. 18.8,05FFC41D-F8C9-482B-ADF6-16C7E928857A,1,0
1032090-c,0,NULL,0,NULL,0,NULL,0,NULL,Intake Manifold Gasket Set(Teflon) - 22RE/RET(EFI),D3C5A581-11A2-40A7-A29F-16CC5E7A7F16,0,0
2050126,0,,1,NULL,0,NULL,0,NULL,"Shackle Kit, 6.0"", Rear Wide",50BCD2F9-3F94-47AF-B0B8-16CC7101E74D,1,0
9010004,0,A,1,NULL,0,NULL,0,NULL,Air Cleaner - Billet Air Cleaner (Holley)- Bottom,7F8B4976-814B-46B3-92E9-16E4E3477992,1,0
2043306,0,A,1,NULL,0,NULL,0,NULL,EVS Foam Bump Stop Red,1952E4E2-DD2E-4907-A86F-16F3D775C985,1,0
1021090,0,A,1,NULL,0,NULL,0,NULL,"Stage 2 Dual Spring Pro Cylinder Heads Set 5VZ V6  Without Camshafts	",8C0A55EE-6F68-4F40-A584-16FAC1517134,1,0
1041003,0,A,1,NULL,0,NULL,0,NULL,22R/RE Header Connector Pipe - 2wd (81-95) Processed,A9CE7F77-EFA2-4BE5-BF46-16FAD8B1E75B,1,1
1040000,0,A,1,NULL,0,NULL,0,NULL,Air Injection Adapter Kit - 22R/RE(81-84),AA50D716-7682-43C7-B366-16FC2BD9C31A,1,1
3035087,0,A,0,NULL,0,NULL,0,NULL,K&N Air Filter - 11 x 2 Top Only - Chrome,0ABDAE44-655F-414A-8208-16FC4E811F58,1,0
1082028,0,NULL,1,"NEED LABEL []
",0,NULL,0,MSD-6AL Digital Ignition,"MSD Ignition Kit (Tach Adapter, Coil, Box)",76125BC9-86B5-4F9F-888A-1707D5E8E0B8,0,1
8020220-1,0,S,1,NULL,0,NULL,0,NULL,"Woodruff Keyseat Cutter: 5/16"" Cut Dia, 1/16"" Cut Width, 5/16"" Shank Dia, Straight Tooth (Leo Precision)",7E656C82-AB22-468D-B6EE-1718A0A4E009,0,0
SHORT SHIFTER,0,A,1,NULL,0,NULL,0,NULL,SHORT SHIFTER KIT TO BE DETERMINED,D9EED6B2-B875-4A40-8EDA-17211E4DDCB1,1,0
1016053,0,A,1,NULL,0,NULL,0,NULL,Oil Pan Pick-Up Tube (New OEM) - 20R (75-78) 2WD Truck,050CF690-7E13-4DA6-8EFF-1725D966DB0D,1,0
2051675,0,,1,NULL,0,NULL,0,NULL,"Trail Creeper 2.28 Crawl Boxes - 21-Spline Input/23-Spline Output, Forward Shift, 4"" Offset",ECF10810-71BC-4CCB-A895-172A7B6382E6,1,0
2051620,0,,1,NULL,0,NULL,0,NULL,Orbital Steering Control Valve,B2F1CD16-1CA1-439E-9FDF-173F88B83C4D,1,0
1063001,0,A,1,NULL,0,NULL,0,NULL,Pro Fuel - 2RZ/3RZ Pro Injection Plate Kit (For Kit #1 Only),14DAA6D9-F231-4942-913D-174030A85095,1,1
1020215,0,A,1,NULL,0,NULL,0,NULL,Haltech Multi-function CAN Gauge,5C6701EF-00B8-454D-9A67-174C0A430CD1,1,1
1062037,0,NULL,1,NULL,0,NULL,0,NULL,Cold Start Injector Sevice,92EFADDF-D99B-4D5E-BE10-1754AF7A3B50,0,1
8017001,0,S,1,NULL,0,NULL,0,NULL,1/2 x .035 x 10/14 x 11' M42 Sawblade Part (Vertical Bandsaw),DAFE9F02-337C-4BA1-AAB5-1756DF068251,0,0
8017305,0,NULL,1,NULL,0,NULL,0,NULL,Brake Cleaner (Johnsons),3AA050BB-ADB3-445C-ABDB-1759FE77E0B8,0,0
1033031,0,NULL,1,NULL,0,NULL,0,NULL,Adapter & Filter Kit Weber 32/36/38 To K&N AirFilter Kit,029E43A2-0436-4758-BCA0-175F8ECE30A8,0,1
WP77201-150,0,A,1,NULL,0,NULL,0,NULL,Weber Air Correction Jet 1.50 (32/36/38 Downdraft),EC25588F-6641-4134-B196-17632A55382C,1,0
1053007,0,,1,NULL,0,NULL,0,NULL,"Metallic Clutch Disc - 3VZ(9 1/4"")
Old Part#99615C6",89484CD9-E564-41E9-88C3-17689504DA31,1,0
1074008,0,A,1,NULL,0,NULL,0,NULL,Turbo Garrett - GT2871R With 49.2mm Induction Wheel Diameter,174B1E09-0796-4152-A20E-176A7D9F5DE4,1,0
0121210,0,S,1,NULL,0,NULL,0,NULL,Box - 12 x 12 x 10 (25 per bundle),9D276356-D639-44A0-9862-177031D086C3,0,0
2053178,0,A,1,NULL,0,NULL,0,NULL,Transfer Case Triple Drilled Flange with Dust Shield,6233CB0D-CFE6-4462-BCBB-177EA9C6CFC2,1,1
3040073,0,A,1,NULL,0,NULL,0,NULL,"Baja Designs Universal, Rock Light Kit (Amber)",DFEAC8E6-21C6-4959-A1D5-17846DC5B9BF,1,0
RM-3014SMM,0,A,1,NULL,0,NULL,0,NULL,6061 aluminum flat bar 1 1/4 x 3-1/2 cut at 7-1/8'',469D9CF2-1A5C-4BEC-B821-178A5B3AB122,1,0
2040022,0,A,1,NULL,0,NULL,0,NULL,OME Complete Suspension System For 1990-1995 4Runner,EBAD8906-A80B-4B6D-B2BD-178BA20D01DF,1,1
1080055,0,A,1,NULL,0,NULL,0,DON'T BUY ANYMORE BY 11/30,Alternator Bracket Kit(GM 1 Wire) - 20R/22R/RE/RET,63B9C98B-622A-4A83-B6DC-17914E65B5A9,1,1
3033203,0,,1,NULL,0,NULL,0,NULL,TRD Pro Style Grille,6DB60A7D-699F-4553-9979-17946650A50A,1,0
2040010,0,A,1,NULL,0,NULL,0,NULL,Toytec U-Bolt Flip Kit For 05+ Tacoma,9BD5BC45-D4AF-486C-B925-1797A28BF023,1,0
1015199,0,A,1,NULL,0,NULL,0,,Belt - 5 Rib belt for 4.0L FJ Supercharger,68973878-CE08-490D-B8B8-179DF5E27119,1,1
1023300,1,A,0,NULL,0,NULL,0,"NO LONGER AVAILABLE
7/9/24",3VZ Valve Shim 2.20,FCF70550-CDF1-4B69-8266-17AB16766442,1,0
2051429,0,,1,NULL,0,NULL,0,NULL,"Chromoly Interlocking Tube Clamps 1"" OD x .120"" Wall",5DC1A11E-CDD2-46DF-8E66-17BC09AEE8B7,1,0
1024145,0,A,1,NULL,0,NULL,0,NULL,22RE Billet Insert W/ Red Letters (22R/RE/RET Valve Cover),3E98C347-7A5D-49F0-A19C-17BF8B1B303C,1,0
0180806,0,S,1,NULL,0,NULL,0,NULL,Box -  18 x 8 x 6 (25 per bundle),5C89DC81-FEB4-4055-AD6E-17C63A1A764A,0,0
2051671,0,,1,NULL,0,NULL,0,NULL,Trail Creeper 2.28 Crawl Boxes,4CFC5387-2566-4CC9-9024-17C721C0A557,1,0
5020006-DS,0,NULL,0,NULL,0,NULL,0,NULL,"95.5-2004 Toyota Tacoma 3"" Front 4"" Rear Lowering Kit ( Aluminum Block ) W/O Shocks
",E6876EC8-DACE-462D-9986-17D7461750CA,1,0
1014015,0,A,1,NULL,0,NULL,0,NULL,Street Hyper Piston Set (w/o Rings) - 2TR(+.020),8C93D4CF-B421-4A95-948C-17DDB455A759,1,0
1609057,0,A,1,NULL,0,NULL,0,NULL,"Oxygen Sensor Denso O2 Sensor: 1 Wire, Direct Fit, Unheated, Wire Length: 19.69",16A89530-BE5F-434F-A2B6-17DFB07A6012,1,0
hydro105,0,A,1,NULL,0,NULL,0,NULL,1GR Timing Chain Kit,03244DAF-32DE-441B-B5AE-17E07C76F52A,1,0
2055390,0,A,1,NULL,0,NULL,0,NULL,Differential Drop Spacer Kit - Tacoma & 4Runner(95-04)(4wd),E88E1D6E-5234-4FE9-8F94-17ED287AB576,1,0
1091126,0,A,1,NULL,0,NULL,0,NULL,"1979-1985 8"" Ring & Pinion Set W/ Install Kit (4.56:1 / Front Solid Axle)",46900107-CD24-470B-B936-17EF70F8BC53,1,0
1024143,0,A,1,NULL,0,NULL,0,NULL,22R Billet Insert W/ Red Letters (22R/RE/RET Valve Cover),FE523872-724E-40EB-AC43-17F20834131F,1,0
1070015,0,A,1,"NEED LABEL []
",0,NULL,0,Water Bypass Hose Clamp," Water Bypass Hose Clamp (1984-1995)",C7D7C77E-42EF-4C24-8C68-17F76BA4CD96,1,1
2070036,0,A,1,NULL,0,NULL,0,NULL,Stoptech 4 Piston Rear Big Brake Kit (2007-2021 Tundra / Sequoia),45EF1F40-EE67-470F-9F13-17FB82596185,1,1
WP73401-155,0,A,1,NULL,0,NULL,0,NULL,"Weber Main Jet 1.55 (40, 45 & 48 Sidedraft)",BFDA3082-9AAB-421F-890F-18015060490B,1,1
2040031,0,A,1,NULL,0,NULL,0,NULL,Procomp Rear Nitrogen Charged Shocks (90-02 4Runner),1CD938D0-625B-48BD-8EAA-18062864ACA9,1,0
8012171,0,A,1,NULL,0,NULL,0,NULL,"6-32 Nylock Nut - Zinc
Alt #6CNNEZ @ Praxair",36CF33BA-7569-46FF-A7A9-1817839B06CF,1,0
8020078-1,0,NULL,1,NULL,0,NULL,0,NULL,"Cartridge Roll Mandrels 4"" Long",99980832-3719-4137-9B92-1818186EBD40,0,0
3032640,0,A,1,NULL,0,NULL,0,NULL,1986-1988 Toyota Pickup 1986-1989 4Runner Tube Bumper (w/ Side Handles & Plates),5D928136-B5AB-423B-BC1D-181CCD132BC2,1,1
4010117,0,A,1,NULL,0,NULL,0,,"Parent ID for LC Engineering 40TH Anniversary T-Shirt ",70C66071-C38B-4609-AC4A-18268020625F,1,1
1015024,0,A,1,NULL,0,NULL,0,NULL,22R/22RE Metal Back Guides Kit Single Row (85-95),727D5F65-A8CA-4077-81E6-182A3843C134,1,1
1013219,0,A,1,NULL,0,NULL,0,NULL,Pin Bushing Set - 2TR,0006BED9-59E1-49CA-9662-182B1F897D39,1,0
1024066,0,A,1,NULL,0,NULL,0,NULL,Steel Head Shim(+.020) - 20R/22R/RE/RET (Up To .080 Over Bore),A60C32E1-B714-47B1-8BF5-182C59145416,1,1
8020053-1,0,NULL,1,NULL,0,NULL,0,NULL,"Inserts for 3"" Face Mill",5E41EF0C-0117-4619-9F31-1832DA586F6E,0,0
1083026,0,A,1,NULL,0,NULL,0,NULL,Livewire Spark Plug(Wires Only) - 20R/22R/RE/RET(78-92)(w/Stock Coil),7C16B995-1FC9-41AC-82CB-1832EF497F41,1,1
RM-11014,0,A,1,NULL,0,NULL,0,NULL,Aluminum 6061 -T6 1.75'' Diameter x 12',DE4554EF-16CD-4993-A47C-183EF44495C2,1,0
4030003-1,0,,1,NULL,0,NULL,0,NULL,1984-1989 2WD Pickup / Hilux Rear Stock Replacement Spring (Set),D21059DE-5E33-4401-968F-18432E0367E2,1,0
5020026,0,A,1,NULL,0,NULL,0,NULL,"07-15 Toyota Tundra 2WD 6"" - 8"" Lift Kit Basic",50A84B03-D5CE-4D66-9750-184D4C79E67E,1,0
GSS-17-Bismuth-237,0,A,1,NULL,0,NULL,0,NULL,"Bismuth 17 glock slide, G17 Gen 1-3 Tungsten",97286A6C-9B23-4A15-9E26-18592640D267,1,0
0261505,0,S,1,NULL,0,NULL,0,NULL,"Box - 26 x 15 x 5"" (20 per bundle)",993CDFF2-245D-41B8-9795-18608EE5EE92,0,0
4070107,0,A,1,NULL,0,NULL,0,NULL,"HPS Reinforced Black Silicone Heater Hose Kit,
2007-2014 FJ Cruiser,4.0L V6",42DFA5CE-EC63-405F-9B48-18674202F364,1,0
1035058,0,A,1,NULL,0,NULL,0,NULL,Fuel Pressure Regulator with Fittings and Plug - Holley,5B5ACA8E-FFD5-4BF6-87D8-187347415F6D,1,1
2050106,0,A,1,NULL,0,NULL,0,NULL,"Non-Grease Shackles(Rear 2""Lift)-95-04 Taco(5-lug)",595E98C8-C6A1-4003-A0EE-187687990057,1,1
4030052,0,,1,NULL,0,NULL,0,NULL,1979-1983 2WD Pickup / Hilux Rear Stock Replacement Spring (Each),09D6A7A1-DA63-4580-8FE8-1877811D167B,1,1
1018054,0,A,1,NULL,0,NULL,0,NULL,22RET OEM Head Gasket Set (01/85-10-87),6D4761E8-4AE1-4318-B813-188996ABD490,1,1
1046148,0,,1,NULL,0,NULL,0,NULL,JBA Header Kit - T100 3.4L (1995-01) 1 1/2? Natural Stainless Steel Cat4ward® Shorty,E2935096-9136-49F5-869B-1889D1222912,1,0
50110601,0,A,0,NULL,0,NULL,0,NULL,Core - 20R/22R Crankshaft (all),3383E6CE-BA56-4540-914F-1890BA2FF0A7,1,0
AAFB004,0,A,0,NULL,0,NULL,0,NULL,"Handle Actuator Barrel / .750x4""",944D1120-C3D4-448C-8136-189305B7DF45,1,0
1032074,0,A,1,NULL,0,NULL,0,NULL,"Gasket - 20R/22R/RE Thermostat Housing Gasket (Rubber/Round) ",5BF54BBE-A405-434B-B0B7-18A0903C24DF,1,1
3032481,0,A,1,NULL,0,NULL,0,NULL,Rock Sliders w/o Gussets - 58 Shortbed/4Runner (Pair),7D2DEE4A-14E8-4C33-AE6B-18BB86D8550E,1,1
1042063,0,A,1,NULL,0,NULL,0,NULL,Magnaflow Exhaust System - Tundra 5.7L(07-08) Extended Cab & Crew Cab(Turn Down),B532213E-3401-4BBF-B437-18BEFD8E75A2,1,0
WP73401-230,0,A,1,NULL,0,NULL,0,NULL,"Weber Main Jet 2.30 (40, 45 & 48 Sidedraft)",39B7A7A5-E06F-49D8-94AF-18C0D76859A8,1,0
RM-3004SMM,0,A,1,NULL,0,NULL,0,NULL,"1018 cold drawn flat bar 1/2"" x 6"" x 12'",66E1814D-D466-4C7B-A956-18CD605BCCB7,1,0
rm-10003,0,A,1,NULL,0,NULL,0,NULL,"Aluminum 6061 - 3"" Dia. Saw cut at 1.625''",1F2FCE7D-5C3A-4B51-B66E-18CF825F31BD,1,0
smm31021,0,A,1,NULL,0,NULL,0,NULL,"Caliper Bracket  510 Front 68-1610
Right and Left  (Pair)",BF773727-6DE1-4B91-A45A-18E561EF2CFD,1,0
2050014,0,A,1,NULL,0,NULL,0,NULL,Shackles(For Extra-Flex Springs) - Front Offset 6,8674EA72-DFA3-4001-9BC6-18E936F8327F,1,1
1072090,0,A,1,NULL,0,NULL,0,NULL,"Turbo Oil Drain Plate w/ 1/2""NPT Boss (Block Side)Each stick of RM-15052 makes 48 pcs",A70C27A0-2059-46C1-9994-18EAF94EACCD,1,1
1093103,0,A,1,NULL,0,NULL,0,NULL,Heavy Duty All-Aluminum Radiator - (FJ Cruiser / 4Runner),9F4F974B-2CAF-414F-B9E5-18EB26AE4559,1,1
8017210,0,NULL,1,NULL,0,NULL,0,NULL,White Packing Peanuts,3B80A057-A303-4CA3-83B4-18F409BCABA5,0,0
4010074,0,A,1,NULL,0,NULL,0,"Flexfit Hat
XL-XXL, Racing Logo",LCE Classic Flexfit Hat XL-XXL (Racing Logo),267D8D67-BFB2-42EF-9ACD-18F5B6248B7F,1,0
9010054,0,A,1,NULL,0,NULL,0,NULL,"Manifold Body for Turbo Manifold Stock Replacement  (1041045)  Raw Material RM-10038 1x4x12 makes 5 pieces per stick cut at 27""",DFC9C239-EE7A-47B9-A2A4-19036403C520,1,0
3040039,0,,1,NULL,0,NULL,0,NULL,2022 Tundra Scorpion Modular Winch Mount Bumper,10772F44-6156-4437-B190-190D3DA21179,1,0
2040075,0,NULL,1,NULL,0,NULL,0,NULL,"1990-1995 4Runner Pro Comp PRO-X Twin Tube Shock Absorber Pair (Rear / 0""-1"" Lift)",EAE95B75-A224-4513-9A6F-19170A7E3342,0,0
1014242,0,A,1,,0,NULL,0,St Hy Piston Set w/o Rings,Street Hyper Piston Set(w/o Rings) - 4.5L 1FZ-FE(.020) 93-97 Landcruiser,0B39BA2B-378C-4C56-9E23-191783B1C453,1,1
1032061R-1,0,A,1,NULL,0,NULL,0,NULL,Intake Manifold (RAW) - 22R (Offenhauser) Downdraft Intake Manifold (2-Barrel Weber Flange / Dual Plane) ROYALTY FEES,C0DF2CF1-48A5-48BC-934B-191DCB6B50AA,1,0
1080052R,0,A,1,NULL,0,NULL,0,"HAVE FAST TRACK ZINC PLATE THEM FOR US WHEN WE ORDER ",Upper Alternator Bracket(RAW) - 22R/RE/RET(For 1 Wire Conversion Kit) CLEAR ZINC PLATE,BEF08EF1-BB0E-4F51-BFF0-192CF44ED916,1,0
1052012,0,A,1,NULL,0,NULL,0,NULL,Wear Pad & Hardware Kit - 22R/RE/RET,9F5AC373-9804-4C0B-A458-192E00855882,1,1
1035037,0,A,1,NULL,0,NULL,0,NULL,"Fuel Pump(EFI) - Walbro Universal 255lph In-Tank
 with install kit",99DCF7B8-D341-40EB-ADC6-1933A3294C4F,1,1
AAFB100,0,A,0,NULL,0,NULL,0,NULL,All American Fitness Bar Complete,E5D07302-22D2-4278-9C87-1935A2CFB601,1,0
2040079,0,NULL,1,NULL,0,NULL,0,NULL,"Pro Comp Extended Length Rear Nitrogen Shocks For 1986-1995 4Runner & Pickup Pair (1.5""-3"")",8B0AA6FB-2D45-4B07-B9BE-1939330829C2,0,1
4805022,0,A,0,NULL,0,NULL,0,NULL,"Tundra Truck Bed Soft Topper - Color: Tan - 65-66"" x 61-63"" Width Model: FTCC65",94136FB9-C137-46ED-919F-193DC389B423,1,0
8481832,0,A,1,NULL,0,NULL,0,NULL,Suspension Bushing - Front Control Arm Bushing Set 79-83 2wd P/U,5C1DE6AB-9965-4781-B307-193ED03D4BD9,1,1
3040038,0,,1,NULL,0,NULL,0,NULL,"(Discontinued)
1995 - 2004 Toyota Tacoma LED Stop Lamp Crystal Third Brake Light All Chrome",83690274-E4AB-488E-BD68-1943840C4BAF,1,0
9010034R,0,A,1,NULL,0,NULL,0,NULL,"Flange - 2-Bolt Steel Flange 3/8"" x 2 1/2"" (3RZ Exhaust) - RAW",93E8E918-B3D3-4E2A-92E8-195C2994E1FF,1,0
3050100,0,NULL,1,NULL,0,NULL,0,NULL,Alpharex PRO LED Tails (Jet Black) (Toyota 4Runner 2010-2022),9059F24A-B33C-447F-904B-19603F5DA61D,0,0
1046099,1,,0,NULL,0,NULL,0,NULL,"Doug Thorley Header 2007-11 LAND CRUISER, 4.7L, (w/o AIR INJECTION, NON-USA MODELS)",BFAC94E3-A89E-4C0A-A44C-19638D267ECD,1,0
0241608,0,,1,NULL,0,NULL,0,NULL,Box - 24 x 16 x 8 (20 per bundle),5245D504-469E-4DB5-BC05-1968156E403B,0,0
1015071,0,A,1,NULL,0,NULL,0,NULL,Timing Belt Adjuster(Hydraulic) - 5VZ,325340B1-E81A-460D-B9F7-196CEE840D8F,1,1
6011006,0,NULL,1,NULL,0,NULL,0,NULL,"Outside Labor (example, Engine Hone, Engine Bake and Blast, etc)",2FD01838-414A-4877-B458-1975AC2C51D1,0,0
4030039,0,,1,NULL,0,NULL,0,NULL,"1984-1985 4Runner Front Replacement Spring +3""",72374B9D-B349-4380-A57E-199AEB999DEF,1,0
1071018,0,A,0,NULL,0,NULL,0,NULL,***NLA***Turbo Adapter Stock Turbo Manifold To Garrett T3 Flange Only With 4 Studs Welded in Place,D069FE16-2E1D-484A-A4A5-19A205F45A20,1,0
2050070,0,A,1,NULL,0,NULL,0,NULL,Leaf Springs - Extra-Flex Extended Length Rear Leaf Springs 3 Lift (75-95),E3884C93-6B45-4C7D-AA94-19A86BA0042A,1,1
1032052,0,A,1,NULL,0,NULL,0,NULL,Intake Manifold Plug Kit - 22RE / EFI,07F11F27-4429-46C1-BCCD-19ADFFFB7355,1,1
1060014,1,A,0,NULL,0,NULL,0,NULL," EFI Upper Intake Manifold Kit 22RE (1989-1995)",72E9A484-5D41-47D8-9C39-19AE2A116D81,1,0
RM-11049,0,A,1,NULL,0,NULL,0,NULL,".250 x 6"" x 10.5"" plate 6061 t651",A7AD2880-65E7-494C-BEA7-19AE5E4C246C,1,0
1054122,0,A,1,NULL,0,NULL,0,NULL,Outer bearing for 4wd IFS trucks 1985-1995,380AB62B-AA44-474B-BE10-19BDC7A37DC9,1,1
1041073,0,A,1,NULL,0,NULL,0,NULL,Exhaust Tubing - 2 1/4 x 6 Flex Coupler,5730F517-1A52-4679-9B9F-19C09062C69F,1,0
1013070,0,NULL,1,NULL,0,NULL,0,NULL,Used in Volusion as Parent ID for Rod Bearing Set - 2RZ/3RZ,2B0EB774-3B7B-434B-B82C-19D4F6451EF7,0,0
8012049,0,A,1,NULL,0,NULL,0,NULL,Shoulder Plug (For Offy Plug Kit),EC0F471B-EF8C-45BF-9CE4-19E045F9F22C,1,1
1014058,0,A,1,NULL,0,NULL,0,NULL,Street Hyper Piston Set(w/o Rings) - 22R/RE(81-84)(+.060),0282CA81-4C7E-4428-9E4E-19E10B74B3C5,1,1
WP73401-250,0,A,1,NULL,0,NULL,0,NULL,"Weber Main Jet 2.50 (40, 45 & 48 Sidedraft)",E6612EEB-59FD-4C92-B20F-19EC4A8CEDCA,1,0
4010086,0,A,1,NULL,0,NULL,0,"22R T-Shirt
3X-Large",NEW LC Engineering 22R T-Shirt 3XL,ED6F3ABB-674B-47D1-904A-19F39878FEF9,1,1
8012410,0,A,1,NULL,0,NULL,0,NULL,M8-1.25 x 75mm Hex Cap Screw Sm. Patt - Zinc 8.8,57BDA4FE-BDCF-414F-93AA-19F4B44D04FA,1,0
2051280,0,,1,NULL,0,NULL,0,NULL,"1979-1985 Classic Front Lift (4"" HD Spring / Right / 4 Stud)",7C1CEA16-E8BD-42F4-98A2-19F9D918B1EF,1,0
8020046,0,A,0,NULL,0,NULL,0,NULL,M10 x 1.5 Spiral Flute Tap,F9D5DE39-6D62-44C6-90A3-19F9ED167339,1,0
1053097,0,A,1,NULL,0,NULL,0,NULL,"All Ceramic (both sides) Clutch Kit - 3VZ(88-95) (9 1/4"")",2962C5A9-245A-4421-9ED6-19FD1A5EA447,1,0
2019054,0,NULL,1,NULL,0,NULL,0,NULL,"Used in Volusion as Parent ID for Nitrous - Nitrous Bottle Purge Valve ",2470711F-D24B-4C70-91AB-1A02F03E6CB1,0,0
2051421,0,,1,NULL,0,NULL,0,NULL,"Weld On Flat Tab Standard 1 1/2"" Cope 10 Pack",825BAEF5-FE0F-4E84-9D87-1A07FC02FDEF,1,0
1042081,0,A,1,NULL,0,NULL,0,NULL,"Magnaflow Exhaust System - 1.8L (VVT-I, XR) Matrix (03-06) Does Not Fit All-Wheel-Drive Models",002D4CFA-DCA2-45E2-8679-1A0FCAE2D19F,1,0
3035301,0,A,1,NULL,0,NULL,0,NULL,aFe POWER 76mm Throttle Body (1GR 4.0L & 2GR 3.5L),D31CD2A2-A552-4BB5-8285-1A16BD3CAF85,1,1
2056086,0,A,1,NULL,0,NULL,0,NULL,1995-2004 2.7L Tacoma Rock Assault Power Steering Kit,FAA33298-F0F0-4426-A737-1A1C0C03E8CC,1,0
2050510,0,A,1,NULL,0,NULL,0,NULL,OE Lower Ball Joint IFS 1989-1995 4WD Pickup & 4Runner,52BFC7D9-97C3-44CA-A5C9-1A1E4368CCF6,1,1
WP77401-180,0,A,1,NULL,0,NULL,0,NULL,"Weber Air Correction Jet 1.80 (40, 45 & 48 Sidedraft)",1AD4610A-1DF0-4B7B-8B7C-1A1FC98FA8B9,1,0
1014274,0,NULL,1,,0,NULL,0,St Hy Pistons w Rings,Street Hyper Piston Set(w/Rings) - 22R/RE(81-84)(+.020),0B432FDB-C525-4E22-A2D3-1A2843704F9B,0,1
0201004,0,S,1,NULL,0,NULL,0,NULL,Box -20 x 11 x 10 (25 per bundle),0FCE79A1-541D-41DC-B5E5-1A357F8A5C2B,0,0
1021054,0,A,1,NULL,0,NULL,0,NULL,2RZ/3RZ Cylinder Head Stage 1 (01-04) 4 Intake Ports,D84B4131-E96A-4577-9D93-1A35D414F24A,1,0
1002015,0,A,1,NULL,0,NULL,0,NULL,Long Block - 22R/RE Stage 2 Pro Street Long Block,18AA144E-998E-4F8D-A019-1A3D7CB04D7E,1,0
1046050,1,,0,NULL,0,NULL,0,NULL,"Doug Thorley Header Kit - Longtube- 2005-2011 Tacoma, X-Runner, FJ Cruiser- 4.0, OFF-ROAD USE ONLY",AB7E1BEE-D97A-448E-882C-1A3F7FC0680F,1,0
8020218-1,0,S,1,NULL,0,NULL,0,"Leo Precision tool #36
5 Axis Job#2970",Step Drill (Leo Precision),49343BA2-11AB-4EBA-B907-1A4151A63C28,0,0
1091156,0,A,1,NULL,0,NULL,0,NULL,"1995.5-2004 8.125"" Ring & Pinion Set W/ Install Kit (4.56:1 / Rear NON-ELocker / 6 Cyl)",3E1DE487-C55F-4721-8493-1A4423463AEA,1,0
8010084,0,A,1,NULL,0,NULL,0,NULL,Valve Cover - Valve Cover LCE Logo Decal,CA7D24CC-5D32-4F5B-9EFF-1A4C7244E9AD,1,1
1024032,0,A,1,NULL,0,NULL,0,NULL,Supercharger Lower Manifold Gasket,8775587B-0494-4483-A204-1A50C32CD30E,1,0
0531313,0,NULL,1,NULL,0,NULL,0,NULL,Box - 53x13x13 Double flap,A20F6A8E-D4BA-4C2D-BB7A-1A589A627505,0,0
1080065,0,NULL,1,NULL,0,NULL,0,NULL,95-98 T100 5VZ & 00-022 Tundra 5VZ 250 Amp Alternator,CC58A346-2A14-47F3-9B52-1A60FE0CBB53,2,0
2080007,0,A,1,NULL,0,NULL,0,NULL,Hitch Receiver Mounted Tow Hook,879B1BF6-B511-4DDE-846F-1A638045D080,1,1
1053012,0,A,1,NULL,0,NULL,0,NULL,"Dual Comp Clutch Disc - 20R/22R/RE ( 8 7/8"")",14FDB839-7A83-4E65-81B7-1A68F7675799,1,0
3050113,0,NULL,1,NULL,0,NULL,0,NULL,Used In Volusion as Parent ID for AlphaRex PRO LED Tails (Toyota Tundra 2007-2013),24F33761-285F-49A2-91D2-1A69D547B43E,0,0
1052031,0,A,1,NULL,0,NULL,0,NULL,3VZ / 5VZ / 1GR Flexplate Bolt Each OEM,437D11D5-95D7-41B8-9A61-1A6BE093CDDF,1,1
1072442,0,A,1,NULL,0,NULL,0,NULL,Silicone Vacuum Hose Kit 79-95 Black,30F4B26D-4892-4203-9789-1A6F4574E53C,1,1
Laser Engrave,0,NULL,1,NULL,0,NULL,0,NULL,Laser Engrave,8F103BDD-8470-4818-B085-1A725900CB43,0,0
GSS-19-SYMMETRY-261,0,A,1,NULL,0,NULL,0,NULL,"Symmetry glock slide, G19 Gen 1-3 FDE",DDDB6418-11A3-47C1-BAC0-1A7C30B41C82,1,0
1023028,0,A,1,NULL,0,NULL,0,NULL,Pro Titanium Retainer(ea) - 4AG (Black Nitrided) (Dual Spring),DE359E23-C0E1-4F1F-BEF4-1A86B65A3762,1,0
4010099,0,NULL,1,NULL,0,NULL,0,NULL,"Used as parent in Volusion for ""Classic"" shirts",340C8F39-0392-48E1-B671-1A9BEED526D0,0,0
8020194-1,0,S,1,NULL,0,NULL,0,NULL,"Corner Radius End Mill: 4 mm Dia, 10.00 mm LOC (Leo Precision)",7C663BFB-626D-493F-820B-1AA40DC1441B,0,0
8010086,0,A,1,NULL,0,NULL,0,NULL,Valve Cover Hardware Kit - 20R/22R/RE  Includes Studs & Acorn Nuts,4CE42E0F-17E6-4256-9F7F-1AAB359EFC34,1,1
3061031,0,,1,NULL,0,NULL,0,NULL,Optilux light bar 40 LED driving light,F38260E0-58A0-4D51-BD19-1AB39145EB5B,1,0
9010081,0,A,1,"NEED MOVED [c 8 3]
",0,NULL,0,NULL,"Wear Pad Only - 2RZ(For LCE Aluminum Flywheel Only)(9.5"")",888394EB-CCA5-4A59-8010-1ABE9D5CD2A6,1,0
1081021,0,A,1,NULL,0,NULL,0,NULL,Distributor - Delrin Sleeve Bushing,7F7A03F0-3D1B-4767-888B-1AC1F4843438,1,0
RM-2002,0,A,1,NULL,0,NULL,0,NULL,Aluminum Plate 6061  1/2 x 8.5 x 9.5'',03F797FD-2764-40BC-8DE4-1AC51CA3354B,1,0
1074011,0,A,1,NULL,0,NULL,0,NULL,Turbo Garrett - GTX3071R,2432F266-D421-43D6-8BF1-1ADF733D602F,1,0
1071008,0,A,1,NULL,0,NULL,0,NULL,22RE Pro Turbo Kit High Boost  NON Turbo Block Only with Ball Bearing Upgrade,D3CE0ADA-803C-446A-A66C-1AEACEC73BC0,1,1
AAFB033,0,A,0,NULL,0,NULL,0,NULL,Bar End Plug - Black Plastic Mocap,E465D4E9-9519-439C-A25F-1AEE0F39F272,1,0
1093021,0,A,1,NULL,0,NULL,0,NULL,"Black Magic S-Blade Electric Fan Replacement Motor Fits 674
",D7BA1229-99CF-46ED-A19C-1AF5CED51E65,1,0
2051124,0,A,1,NULL,0,NULL,0,NULL,Trail-Link Four Rear Link Suspension Kit (OEM Axle),A15035D2-D324-4AF2-9F4A-1B1BA80F2F9E,1,0
8012175,0,A,1,NULL,0,NULL,0,NULL,6-32 x 1/2 Socket Cap Screw - Black,4B11C8A3-5FC1-48F7-879C-1B1C546778B2,1,0
1072081,0,A,1,NULL,0,NULL,0,NULL,"Fitting - 1/4"" Pushlok to -4 90 deg. Swivel",6BCFDA28-B2E3-4581-A452-1B1E9E054040,1,0
2051109,0,,1,NULL,0,NULL,0,NULL,"Rear Lift 3"" 1989-1995",12D507D7-FE59-404C-9775-1B24D561CCED,1,0
3033204-SILVER,0,,1,NULL,0,NULL,0,NULL,TRD Pro Grill Lettering,553487D8-899C-4BB0-892C-1B2B7ACE35BB,1,0
0241004,0,S,1,NULL,0,NULL,0,NULL,Box 24 x 10 x 4 (25 per bundle),D8C21F78-4E6E-4208-B46B-1B30A7768500,0,0
1045003,0,A,1,NULL,0,NULL,0,NULL,"Oxygen Sensor Block Plate (1 Piece makes 24 Pcs) Saw cut to 24"" pieces, 144 PCS PER STICK",4A4FCBDA-2941-40B6-B26F-1B37957AD6DA,1,0
SDC1101,0,NULL,1,NULL,0,NULL,0,NULL,5VZ Camshaft Seal,CAD37015-3A07-41BC-8182-1B4F5CCB5DF8,0,0
9700076,0,A,1,NULL,0,NULL,0,NULL,Toyota 3.0(3VZ-E)-Inspired Vacuum Hose Information,185EC4BA-8012-441A-A512-1B562DAB4920,1,1
1010009-C,0,S,1,NULL,0,NULL,0,NULL,Master Rebuild Kit 2RZ 1995-2004,A59722C7-6530-400E-B1EF-1B5AA9D1674B,0,0
1061067,0,A,1,NULL,0,NULL,0,NULL,Throttle Body Spacer Kit - 5VZ,8CD35DAD-4233-43C2-A239-1B5D9E581809,1,1
2051268,0,,1,NULL,0,NULL,0,NULL,"1979-1985 Classic Front Lift (4"" HD Spring / Left / 4 Stud)",B1D10A38-627F-4985-8321-1B611784B733,1,0
3035206,0,A,1,NULL,0,NULL,0,NULL,Cold Air Intake for 2012-2015 Toyota Tacoma 4.0L (Dry Extendable Filter),88030288-A055-47CF-B9F4-1B7707F6FB82,1,1
1010140,0,NULL,1,NULL,0,NULL,0,NULL,Re-Ring Kit 85-95,FDB2FBC6-0114-4374-933F-1B7A48059CF0,0,1
WP73401-210,0,A,1,NULL,0,NULL,0,NULL,"Weber Main Jet 2.10 (40, 45 & 48 Sidedraft)",4DDA808A-5EF0-41C4-A753-1B859546421D,1,0
2051321,0,A,1,NULL,0,NULL,0,NULL,"Suspension Lift Kit (2.5"") Tacoma (05-10), 4Runner (03-09) Leveling Kit Front Only",AF9E90F7-6FBC-4E1E-966A-1B87112D5396,1,0
WP73801-185,0,A,1,NULL,0,NULL,0,NULL,Weber Main Jet 1.85 (32/36/38 Downdraft),503ACC75-9234-4A96-B7CA-1B89F298B204,1,1
1051012,0,A,1,NULL,0,NULL,0,NULL,Lightweight Flywheel - 22R/RE/RET(16lb Billet Steel),31321959-BF1C-43FF-8572-1B8D53C230CD,1,1
8012402,0,A,1,NULL,0,NULL,0,NULL,M8-1.25 x 60mm Hex Cap Screw Sm. Patt - Zinc,5EA94F0D-C487-4713-92F2-1B8EAD0630B3,1,1
1055420,0,A,1,NULL,0,NULL,0,NULL,Pedal Cover - Clutch Or Brake Pedal Cover(ea) (For Use With Manual Transmission Only),65F58FAC-6D89-4F53-A510-1B8F8F8F94A9,1,1
1080048,0,NULL,1,NULL,0,NULL,0,NULL,"03-09  Sequoia (4.7L) & 00-02 Tundra (4.7) 325 Amp Alternator ",A24AF9D6-40AF-45DC-AA34-1BA47CCDEF15,2,0
1101111,0,A,1,NULL,0,NULL,0,NULL,NWT Motor Mount,7E4751E7-78BE-40D7-A779-1BAEAFD417AB,1,0
3036003-old,1,NULL,0,NULL,0,NULL,0,NULL,Toyota V6 High Performance Coil Packs (2010-2022 4Runner 4.0L V6),62195E17-B14F-4EC5-BF36-1BB1DB7E18F6,0,0
1046107,0,A,1,NULL,0,NULL,0,NULL,JBA Exhaust-Taco PreRNR ExCab 2WD (95-99) 3.4L,F2938966-FD41-47AC-AC93-1BB23D41A64F,1,1
1096005-1,0,NULL,0,NULL,0,NULL,0,NULL,"OEM  ""J"" Bolt Battery Hold Down (84-95 4Runner / Pickup)",7F5DEE29-CEFE-454B-9CAC-1BBD19B0DD8E,0,0
1054120,0,NULL,1,NULL,0,NULL,0,NULL,Front wheel bearing & seal kit for 4wd IFS trucks 1986-1995,F3A2B784-07AD-49B8-8CC9-1BBE325ACE68,0,1
2054061,0,A,1,NULL,0,NULL,0,NULL,Twin T-case Stick Shift Boot,74A4EEB6-2B49-4A5D-87C2-1BBEC43E3C93,1,1
1016022,0,A,1,NULL,0,NULL,0,This consists of (11)FE350MM Safety Part Number,Brass Freeze Plug Set(11) 5VZ 3.4 Liter 1995-2004,9AF4B049-72C4-46E0-AC73-1BBFC4200835,1,1
8020108-1,0,NULL,1,NULL,0,NULL,0,NULL,M8-1.25 Rollform Tap,48BBD28C-809F-49DF-9C6C-1BC7DF0D63FE,0,0
8012276,0,A,1,NULL,0,NULL,0,NULL,M6-1.0 All Metal Locknut - Zinc,BEDCB776-2486-4798-AF20-1BCB89EDE3D4,1,0
1046151,0,,1,NULL,0,NULL,0,NULL,JBA Header Kit - FJ & 4Runner 4.0L (2010-12) 1 1/2? Natural Stainless Steel Cat4ward® Shorty,7FC34FF5-DBB3-4CB9-9C9A-1BCBF4F23C2A,1,0
8020143-1,0,NULL,1,NULL,0,NULL,0,NULL,"3/4"" Chamfer Mill",56B5772A-418D-45B6-9DF1-1BCC93E9817E,0,0
1013199,1,A,0,NULL,0,NULL,0,"Connecting Rod Kit
3RZ, Chromoly, Toyota Journal",Connecting Rod - 3RZ Chromoly Rod (Toyota Journal),DE652600-953A-48CC-A232-1BD3B9BF79CE,1,0
3032430,0,,1,NULL,0,NULL,0,NULL,Rock Defense Front Bumper w/Winch Mount - (95-04) Tacoma,13D46B80-03B7-4C24-85E6-1BD87B360100,1,0
3033215,0,,1,NULL,0,NULL,0,NULL,Raptor Lights (TRD PRO Style Grill) (2012-2015),AC926B0F-40D6-478C-9B5A-1BF9017EB426,1,0
4010070,0,A,1,NULL,0,NULL,0,"Hashtag T-Shirt
Medium",NEW LC Engineering #TAG T-Shirt - Medium,D00ABD7B-C1FF-45E7-9F74-1C038AF2F84C,1,1
3050067,0,NULL,1,NULL,0,NULL,0,NULL,AlphaRex LUXX LED Tails Black (Toyota Tundra 2014-2021),86AD9013-65BC-460B-AD1C-1C051D2CFB8B,0,0
1032099,0,A,1,NULL,0,NULL,0,NULL,Teflon Heat Isolation Gasket - 2RZ/3RZ Throttle Body,6CF17C2D-A833-4B83-B0B6-1C079E83B516,1,1
8011501,0,A,1,NULL,0,NULL,0,NULL,"Banjo Bolt Kit - 14mm banjo to 3/8"" Barb",D5340A19-75D1-4D09-83D9-1C0BAD0B8F73,1,0
8020154-1,0,S,1,NULL,0,NULL,0,NULL,Haas Lathe Alum Jaws,97561FB8-A966-4965-B5D2-1C17447CA5CF,0,0
8020029,0,A,0,NULL,0,NULL,0,NULL,"1/8"" 90degree Chamfer Mill",49843EE7-A111-4C41-9023-1C187A732A5B,1,0
1035049,0,A,1,NULL,0,NULL,0,NULL,"Fuel Pressure Regulator - 22RE/RET (85-87) OEM Toyota Fuel Pressure Regulator
OEM#23280-35020",0142A355-FC08-4E40-9B8B-1C20690D5F34,1,1
1011002,0,A,1,NULL,0,NULL,0,NULL,Pro Block Only - 22RET(Turbo) (85-95) Fully Prepared w/Freeze Plugs,8480AED7-B9F6-47D1-B1D8-1C39F8F036F2,1,0
1023088,0,NULL,1,NULL,0,NULL,0,NULL,Valve Keeper - 4AG Hardened Keeper Set (16),99798ECA-EFB4-40FB-8808-1C3BBDEA05D1,0,0
1016092,0,A,1,NULL,0,NULL,0,"Core Pan & Pickup Tube & Shipping Cost $55.00 ",High Capacity Oil Pan - 2RZ/3RZ(w/Solid Axle Swap),3F2F1734-F54B-4E46-A8A1-1C40AFCCAD0C,1,0
1082050,0,A,1,NULL,0,NULL,0,NULL,"D.U.I. Coil Kit - Street/Strip -- Comes With Cap, Rotor & Coil",B993A740-19C0-4CF2-BD1E-1C4B002A2373,1,1
4070003,0,A,1,NULL,0,NULL,0,NULL,"HPS Reinforced Red Silicone Radiator +Heater Hose Kit Coolant, 89-92 pickup,3.0L V6",7126E228-9688-4D83-BBE6-1C4ED9CE9307,1,0
3040060,0,A,1,NULL,0,NULL,0,NULL,"Baja Designs OnX6+ 10"" Driving / Combo LED Light Bar",C3F29840-52F3-4B85-BDEF-1C74803A8186,1,0
6011038,0,NULL,1,NULL,0,NULL,0,NULL,Customer Supplied Cylinder Head Build,1167C3AE-66BE-456D-BEEF-1C76ED8D75E0,0,0
1043040,0,A,1,NULL,0,NULL,0,NULL,Resonator - 2 1/4 x 24 Exhaust Resonator - w/o Inlet & Outlet Tubes,97C1A0AA-AF5B-4FD6-B0A2-1C78D322AB49,1,1
8020120-1,0,S,1,NULL,0,NULL,0,NULL,5/8-18 UNF 3B 4 Flute TiN Finish High Speed Steel Straight Flute Right Hand Tap,D6EF024E-C046-45E7-8609-1C7E366886A0,0,0
3050086,0,NULL,1,NULL,0,NULL,0,NULL,Parent for Volusion ID XB LED Headlights White (Toyota Tundra 2014-2020 ),39DA294D-BB99-4A87-8FB6-1C855D281E6A,0,0
1015084-1,0,A,0,NULL,0,NULL,0,NULL,"Timing Belt Kit(w/Hydraulic Tensioner) - 5VZ(Includes Timing Belt, Tensioner, Idler & Hydraulic Adjuster)",4A1F8327-1765-4C3E-A4B7-1C896A7436CE,1,0
2051570,0,,1,NULL,0,NULL,0,NULL,"Drag Link, +5"" Length",0F1ADCA4-085B-4DBB-B437-1C8C649891B5,1,0
3032632,0,A,1,NULL,0,NULL,0,NULL,1984-1985 Toyota Pickup & 4Runner Tube Bumper (w/ Side Handles & Plates),327B32BE-3058-485B-8650-1C8F6177C33B,1,1
1098044,0,A,1,NULL,0,NULL,0,NULL,"Master Install Kit Toyota T100 Tacoma Tundra Sequoia 8.4""",08D5743A-D90A-47AA-8415-1C9124AAD6E2,1,0
1014383,0,A,1,NULL,0,NULL,0,NULL,Street Hyper Piston Set(w/Rings) - 5VZ(+.030),E1E241B8-4C47-4879-A234-1C9E5E523146,1,0
2044037,0,,1,NULL,0,NULL,0,NULL,"3.5"" Long Travel Kit - Tubular Lowers: 1996-2004 Tacoma 4wd/Prerunner",4547CE28-9860-462C-B948-1CA9D28E2286,1,0
1014376,0,A,1,NULL,0,NULL,0,NULL,Pro Piston Set(9.0:1) - 5VZ(+.020),CDC00F4D-FB2D-4C5A-9B3B-1CB8CEB36E46,1,1
2053174,0,A,1,NULL,0,NULL,0,NULL,Drive Shaft Triple Drilled Flange w/o Dust Shield,2F3B8DC6-D554-499B-9917-1CC423C5641A,1,1
1604155,0,A,1,NULL,0,NULL,0,NULL,"Oxygen Sensor Denso OE O2 Sensor: 4 Wire, Direct Fit, Heated, Wire Length: 24.41
Alt Motovicity $66.46",C1D7F590-12D0-4718-9F65-1CCC6BE0EE76,1,0
5020020,0,A,1,NULL,0,NULL,0,NULL,"Rear Shock
",335104C7-14D4-4788-A8A4-1CD0145F0863,1,0
GS-43-KRUSHER-RAW,0,A,1,NULL,0,NULL,0,NULL,"Krusher glock slide, G43/43X Gen 1-4",26C84E47-464B-4479-8C05-1CD917A185A9,1,0
3050078,0,NULL,1,NULL,0,NULL,0,NULL,Adapter: 2021-2023 OE LED (Pair / OEM LED Low / LED High),C7C54E4A-17D5-4132-B799-1CE22A3A5E08,0,0
3040062,0,A,1,NULL,0,NULL,0,NULL,"Baja Designs OnX6 + 50"" Driving / Combo LED Light Bar ",91E3E44E-6F46-46DF-8E1D-1CE43393185E,1,0
1054017,0,A,1,NULL,0,NULL,0,"NOT AVAILABLE FROM WORLDPAC AS OF 3/28/25
RCT4064S GUN 70170 M1907(on Box)",Clutch Throw-Out Bearing - 20R(75-7/77),7F313264-4C7A-4311-B67D-1CE4916797DE,1,0
4010073,0,A,1,NULL,0,NULL,0,"Hashtag T-Shirt
XX-Large",NEW LC Engineering #TAG T-Shirt XX-Large,5B78F1FE-448E-4FA3-8B3C-1CE7ABFF6D9F,1,1
3033207,0,,1,NULL,0,NULL,0,NULL,TRD PRO Style Front Grill W/ Lights,0D11FCC2-6469-4FDA-9690-1CE85C966620,1,0
6011037,0,S,1,NULL,0,NULL,0,NULL,Labor Notch Piston Set,79E4E9B2-B4B2-4DBA-B40C-1CE8C5C83164,100,0
8017162,0,A,1,NULL,0,NULL,0,NULL,Multi-Task Glove LG Black,8B93117B-89D7-4416-A250-1CE8F1CC8BBD,1,0
WP73801-180,0,A,1,NULL,0,NULL,0,NULL,Weber Main Jet 1.80 (32/36/38 Downdraft),91C06EFE-F77B-41CF-B46D-1CF50EF813A0,1,1
1054127,0,A,1,NULL,0,NULL,0,NULL,Outer Bushing IFS,552339DE-A4A3-43D4-88B7-1CF5BEE3B2BF,1,0
1073002,0,A,1,NULL,0,NULL,0,NULL,22R Supercharger Kit (Low Boost) w/Holley Inlet,1521772D-9E73-4322-965D-1CFF4A155950,1,0
4061073,0,A,1,NULL,0,NULL,0,NULL,1996 to 2004 Toyota Tacoma 2 Inch Leveling Kit,AEAE8871-FFFE-4D4E-A94F-1D0C59FD2A7F,1,1
