GUIDProductSupplier,GUIDProduct,GUIDVendor,VendorProductID,Unit,Preferred,LeadTime,LastPrice,VendorPrice,LastReceiptDate,LastReceiptQty,Note,LastReceiptUnit
60D95FB8-87E1-4733-82EC-0001F2B4B84A,8F103BDD-8470-4818-B085-1A725900CB43,669EFA04-8F95-4099-8A49-2F250A9B4564,NULL,Ea,0,14,NULL,NULL,NULL,NULL,NULL,Ea
9559965B-5AB0-4B27-926E-000208FE4F3A,F7E9941F-19E7-4DBC-94F3-2A36BA8BD264,437CE1EB-8E26-44EC-9EFD-D66F12B38B14,90980-11285,Ea,1,14,NULL,3.4600000,NULL,NULL,NULL,Ea
E14C8EFC-5E3C-4346-8D84-000DDD10C267,0EF2E1EB-0DA0-4F7A-B4C6-5728434F7CE8,8888D6F9-75E4-4B07-9E4B-700B06FE9043,SPR504-S,Ea,0,14,NULL,0.0000000,NULL,NULL,,Ea
5A9D0ECF-BDA1-413F-9BEF-00100253502F,B00D5FAA-C6DF-4CF6-AE3B-551675B2A794,437CE1EB-8E26-44EC-9EFD-D66F12B38B14,90210-06013,Ea,1,14,NULL,0.6200000,NULL,NULL,NULL,Ea
5F0E1111-27C8-4C72-9325-0011663303BB,99135C6A-1D25-406D-A134-C5678F168D5C,EA3CBB9C-4434-40EA-B843-94865990F6C0,KTO02A99+UTO02A20SC,Ea,1,14,NULL,1742.1400000,NULL,NULL,NULL,Ea
62DDBCD6-F43C-4AA1-84AB-002012E2ECA9,836535EB-F4FB-4AF4-A9B6-23C0F4923827,7C91567D-EB42-4DA4-8F05-EFAB871DF672,AP-307127,Ea,1,14,NULL,2734.9499512,NULL,NULL,NULL,Ea
2EFBD49C-42EF-4E59-B473-0021CB789976,C58816FA-DA57-4CBD-8896-CA5BE0088B48,437CE1EB-8E26-44EC-9EFD-D66F12B38B14,47341-35120,Ea,1,14,5.2700000,5.1600000,2025-04-09 00:00:00.000,5.0000000,NULL,Ea
F78BF81B-8EBF-4851-82AF-002DB7408694,F19E8A0E-D2E7-4DA1-A95A-A2F1AB9EB569,4BC2D119-3C92-4B84-9745-2B89095A22AE,1-02-071355,Ea,1,NULL,NULL,16.0000000,NULL,NULL,,NULL
D4F5B712-E8A0-4752-9A09-0032C3579238,2DE63031-2209-4A1B-B443-C2B1F079CB05,20CC9E25-767E-43E1-836A-2BAADFD8DBBF,4AP1.601-1LU,Ea,1,NULL,5.6300000,5.6300000,2025-04-03 00:00:00.000,160.0000000,NULL,Ea
15127211-7FA8-4293-A1CC-00331BC1E7E4,74600AB2-4BC2-4A1A-A07E-78326C427E9D,437CE1EB-8E26-44EC-9EFD-D66F12B38B14,90910-02058,Ea,1,5,6.7200000,6.2600000,2025-04-15 00:00:00.000,40.0000000,NULL,Ea
91128B0D-FEAD-4C62-9EAF-003CF7C63317,07E04B14-6E04-458D-B547-8E9E54B10549,77A58A29-72F0-43DF-BBAA-5A3ABA788BF9,KT60005,Ea,1,14,NULL,51.2800000,NULL,NULL,NULL,Ea
4C4D37D5-378D-4476-B8D2-0042C500B1B9,2B8D288C-A4DE-448C-8C79-82FC58414136,1FD4FE88-9E6A-4EF8-B062-B09AC0D77CAB,,NULL,0,NULL,22.1000000,NULL,2024-12-12 00:00:00.000,6.0000000,NULL,Ea
6C291FE2-6535-4CA3-834F-0042CD8FDC19,09499FF6-A616-400A-90B5-CF0038B1C0A7,421E2116-C20F-4CBB-8002-01D045427424,BAJ455003,Ea,1,14,NULL,1444.9600000,NULL,NULL,,Ea
1EBAEBF2-A235-468E-9F4D-004443DE3702,660780D1-1929-4F4D-A42A-FBE79CF15E63,8D06AA0F-E18E-4A8D-854A-B36FA641F317,9092306009,Ea,0,14,4.1800000,4.1800000,2024-11-08 00:00:00.000,10.0000000,,Ea
2EE48465-21FD-421A-87DA-00490C02C947,4D01555F-008E-4F95-AA55-9195C39264F5,E38F88D1-E515-42BF-AD4F-17F97CE8DF70,LC4R GK 4.56 TV6,Ea,1,14,376.5900000,376.5900000,2023-08-03 00:00:00.000,1.0000000,,Ea
92AD3226-E388-4DBE-865A-0049A77E5D3C,D987A87E-1616-41F9-B696-EA3DEFC37A12,461A1278-2076-4BC9-BDC8-0BE1215900B9,96030,Ea,0,14,10.6000000,10.6000000,2024-10-24 00:00:00.000,4.0000000,,Ea
0905C11B-8D77-466A-AA87-004B0C1D69CB,4C9F4673-80FE-4D73-B61E-BB5DB75DEF53,D52F1F4A-A2A8-4BFD-B26C-30E5F8BF28A1,9415,Ea,1,14,NULL,15.7600000,NULL,NULL,NULL,Ea
848AA1DB-E1ED-4E33-89BD-004C07DD33F2,2AA48AF0-5623-4B2E-9728-F06558544E85,7C91567D-EB42-4DA4-8F05-EFAB871DF672,300583-KIT,Ea,1,14,NULL,5.8000002,NULL,NULL,NULL,Ea
11BB16A1-5B28-43C7-80FE-00577A64808D,3AF25BA3-4A71-4C79-9468-003B383F3FAD,A30F6423-27B7-4FD6-AFF6-6DA34378F0AC,H1638SP1040S,Ea,1,21,77.2200000,77.2200000,2025-04-01 00:00:00.000,5.0000000,,Ea
7C0818A2-3987-411D-A8E7-0064E9AB5A1D,A53FCF4C-4151-4550-8677-C2FD0E2A5EBD,C77D5086-B2A4-451D-89AB-27639DE772B7,turTS-0401-1101,Ea,1,6,NULL,122.7800000,NULL,NULL,,Ea
07FFCBA7-B2EE-4F8F-869C-0068CC70741A,3996786D-854E-4C2D-9163-895377222E31,8888D6F9-75E4-4B07-9E4B-700B06FE9043,SPRM544DR/L STD,Ea,0,14,NULL,110.6600000,NULL,NULL,NULL,Ea
F8465DD7-2587-4F36-A62A-006978848A3C,D58E5B2D-AAC5-454F-B159-E0706E359BD2,7C91567D-EB42-4DA4-8F05-EFAB871DF672,140114-1-KIT,Ea,1,7,NULL,5.0700002,NULL,NULL,NULL,Ea
5B2E249C-853D-4A8A-BC14-0074E3FFED4D,DF84DC2C-3127-4392-98DE-ED989320F912,CA7E8C98-FCF7-4300-8FF9-206AD2787427,90-131,Ea,1,14,NULL,134.5200000,NULL,NULL,,Ea
7CF1EF12-5A89-444B-999F-0075BB2C4F15,08D5743A-D90A-47AA-8415-1C9124AAD6E2,15BC0DC4-8150-4FD1-8AB2-599CD8E5051F,TK-T100,Ea,1,14,NULL,161.7000000,NULL,NULL,NULL,Ea
AAE6CA9B-3190-4C92-ACF4-007F3FD9A494,FC852416-1677-4DE5-8711-2E2C803B768D,E0D892B0-9F3A-4374-9862-6C2925FB8C9F,601DL,Ea,1,14,NULL,15.0900000,NULL,NULL,NULL,Ea
304923CE-F378-4147-B2F4-007F4DF8BF20,77CC1D87-46EA-46D8-A899-C79937B72232,DCE73E57-59A9-4BFB-8163-F2C0B0B7A688,9010083R,Ea,1,14,NULL,22.9500000,NULL,NULL,NULL,Ea
734329AE-7F22-4F7F-81F2-008200502718,276F7299-9ACB-49D1-AD3F-D8A5756EA805,D01D4974-663E-4A16-9B20-E25EF667FC16,TCP40-4,Ea,1,NULL,166.4100000,166.4100000,2025-02-27 00:00:00.000,1.0000000,NULL,Ea
4433A9E1-A287-4601-9E60-008B610CC19F,2D4FAE82-3C9C-4BCC-AAE9-FBEAFD564243,DDB57916-6F40-41FD-86BA-CF1173F81C6C,NBHTO5VZ,Ea,0,14,NULL,375.0000000,NULL,NULL,NULL,Ea
6E268258-FAC2-4A5E-815D-00928156CABC,B56B49C3-CE33-46F9-ABBD-A53F43DA602F,7C91567D-EB42-4DA4-8F05-EFAB871DF672,140079-1-KIT,Ea,1,7,3.3000000,3.8000000,2023-09-27 00:00:00.000,20.0000000,NULL,Ea
0DCE603C-5827-4E79-B3EA-009EAB9912C9,FC857A76-E985-4F8C-BD4A-7FEB052265D7,B8264C1E-2FB3-4726-95AA-6451C04BC728,NULL,Ea,0,NULL,NULL,NULL,NULL,NULL,NULL,NULL
7C899C5A-93C8-4E3B-BB3D-009F871E9775,5CD89CC0-3748-445B-B3D7-CFC32275D6B6,C5D8758D-C90B-4D84-9D3E-4C3A10BEC5AA,H19-47,Ea,1,14,NULL,6.2100000,NULL,NULL,NULL,Ea
66F26C4A-B276-48C3-97C9-009F9E8740C0,C6B4FAB6-5884-485C-A5C7-73165E477514,9C464640-083C-4012-8C78-F44BDE5997B4,57-1290-BLK,Ea,0,14,NULL,66.9500000,NULL,NULL,NULL,Ea
88D2A07C-77A6-46A3-A7A9-00AA64FE3C05,B6661BE0-E03D-4AAF-AE52-4A567C2A77B8,421E2116-C20F-4CBB-8002-01D045427424,DTI01-1129-50X,Ea,1,14,NULL,66.9900000,NULL,NULL,NULL,Ea
625E2490-27E3-4BB6-B4A6-00AD76D5D146,8304E71D-6510-43FD-A109-55DF9583EAE4,25F39D8C-1704-45D4-B640-24D0E8090E5F,117721,Ea,1,14,NULL,19.5000000,NULL,NULL,NULL,Ea
F6708EB8-5186-4D90-B639-00B258A9FAE2,A14B06B7-E4D1-46DB-8FE6-5734B63D7E42,79A0357E-1069-4CE4-9B0F-431264AFE93C,LCE-105-5130,Ea,1,14,NULL,111.5500000,NULL,NULL,NULL,Ea
1B86910C-09B8-4A1A-83A3-00B46BF56B5D,56AF35CF-FB6D-409D-8CF0-B55937DDD108,78490A0D-DA09-40AF-8C4A-CC8F103B178B,LF532H,Ea,1,14,NULL,104.9400000,NULL,NULL,,NULL
715EBCFF-CBC7-44A0-9310-00BBB41A61C6,B6138813-FE4F-44A6-A820-25BF78107FA1,C2F2885C-3BBF-4641-B905-059DCC7B71C8,948439,Ea,1,14,NULL,90.2000000,NULL,NULL,,Ea
79C79F6D-3EC4-4F3A-A4A4-00BD660A8CE2,18D2A210-FEA6-4822-B4A5-273D1B87776B,835FB8B3-624C-4D18-BE83-6C50762C244B,WP-138803/MTC8653,Ea,1,6,NULL,48.0300000,NULL,NULL,NULL,Ea
2950CCDB-7ECA-456A-9448-00CAEA5EF890,F68E9009-53D1-462B-A152-85B68B492C6B,79A0357E-1069-4CE4-9B0F-431264AFE93C,LCE-107-2463-BL,Ea,1,21,32.2500000,32.2500000,2025-04-04 00:00:00.000,3.0000000,NULL,Ea
730E2739-6D4C-4B2C-87F6-00EFE194AEC1,03F7669E-D237-4E05-A5A0-05ECEA537E17,E75C05B6-0E14-4E40-9DC9-D3FFDE37D3DA,234-9026,Ea,1,6,NULL,120.9500000,NULL,NULL,,Ea
9D53F8FC-E876-4BD5-AA68-00F692A48F56,DE8A47C9-0261-44A5-8AE3-3D621123B73F,D1BDA443-BD84-4B9D-8D48-7DFFF0CB56EA,NULL,Ea,1,14,37.9100000,NULL,2024-12-18 00:00:00.000,14.0000000,NULL,Ea
1471CBCA-E2D2-4B2C-8667-00F722747FF1,F0E7127A-921A-4F98-8A14-89A5D7F27D47,AA0F3D51-3906-450A-AD9E-68C5FBE8D4AD,SP544DR/L-2,Ea,1,14,94.0300000,94.0300000,2024-12-18 00:00:00.000,1.0000000,NULL,Ea
1AD800A7-AE15-49EC-B25D-00FA806DF880,03E2A70D-D972-4B19-9394-B17929C05C75,C77D5086-B2A4-451D-89AB-27639DE772B7,BUS31009-11,Ea,1,6,NULL,253.5000000,NULL,NULL,NULL,Ea
06FE61BA-4E51-4012-B862-01049B8F23CF,0816D08F-E428-4C81-A896-A689EDEB5A19,461A1278-2076-4BC9-BDC8-0BE1215900B9,92075,Ea,1,14,25.7900000,25.7900000,2025-02-05 00:00:00.000,2.0000000,,Ea
A871BA4D-2829-41E1-A884-01051FBE7F0B,50899632-B4CC-40CA-AE65-912415F31422,421E2116-C20F-4CBB-8002-01D045427424,EXP921506B,Ea,0,14,NULL,45.5600000,NULL,NULL,NULL,Ea
D85D91E6-5B87-4265-992D-0107195DDABD,2EDC6E90-18A0-4862-BE53-C73C6A44A093,B93BE951-DAE4-4C4A-9035-94D10D89ADE0,MAN8455(H),Ea,0,14,NULL,NULL,NULL,NULL,NULL,Ea
78394AA9-C61D-4C5E-9098-010B2E985D1A,7072DC3F-5532-44FE-B6D4-C52AE44ECD36,437CE1EB-8E26-44EC-9EFD-D66F12B38B14,90502-26007,Ea,1,14,NULL,2.3200000,NULL,NULL,NULL,Ea
B792E1BD-98B8-45BB-8701-010C28EECED6,49BCFEDA-D24F-41B1-B23C-95F2B08BAEC0,7C91567D-EB42-4DA4-8F05-EFAB871DF672,AP-305630,Ea,1,NULL,NULL,641.6700000,NULL,NULL,,NULL
B3E08EAA-A353-4069-BF6E-010FADA33D8E,A6204971-571C-4A0C-B16E-8231D8E0F275,D4FF9884-395A-42E8-998D-31BDAAA6C175,,NULL,0,NULL,NULL,NULL,NULL,NULL,NULL,NULL
DB2603A3-8E44-46F5-A44E-0118E9A9CE46,B5FD7496-6244-4F93-A9BC-F5C1F1DD29C7,1FD4FE88-9E6A-4EF8-B062-B09AC0D77CAB,,Ea,1,NULL,10.6000000,10.6000000,2024-10-17 00:00:00.000,12.0000000,,Ea
6CE4DDC3-C1AB-4908-AFE1-0119EAD5DB81,B4EF6BA9-0A89-4DA3-A6B4-E921AF1176E8,421E2116-C20F-4CBB-8002-01D045427424,S/B2746,Ea,1,14,NULL,63.8700000,NULL,NULL,NULL,Ea
50D37AE5-541B-43C3-BDF4-011CA4E03E1F,78AB40EE-A065-4410-8133-0802F6B5C0AE,8888D6F9-75E4-4B07-9E4B-700B06FE9043,CS8807,Ea,0,14,NULL,41.4200000,NULL,NULL,NULL,Ea
CF221D0C-8F31-43C6-B4FF-011DF5F59338,AEEBD7F2-D193-4401-A26B-3E08C7CDE835,D0849D5C-F3B7-4408-95DF-97605BB8E9A6,03-TR05TLED,Ea,1,14,NULL,141.8100000,NULL,NULL,NULL,Ea
F88EE024-97E9-473E-9877-012D878281BF,2853CF00-3A9A-4791-9BE9-A0E7998C85D1,7C91567D-EB42-4DA4-8F05-EFAB871DF672,130262-1-KIT,Ea,1,14,NULL,2.1700001,NULL,NULL,NULL,Ea
7E94D268-C054-4120-B0B0-012F79342B4D,AA38FE3E-E088-4DEA-98BB-272A240A6307,7C91567D-EB42-4DA4-8F05-EFAB871DF672,110124-1-KIT,Ea,1,14,NULL,14.4200001,NULL,NULL,NULL,Ea
8B26BDAA-3556-45E3-81ED-012F7B415506,081FD624-AF82-4518-B772-482C8B098EFB,32AA8D0E-A0ED-4E4C-993A-AB566C347E88,NULL,Ea,0,14,NULL,NULL,NULL,NULL,NULL,Ea
17D6C76C-38BF-425A-BC8C-013B0B49A19D,BADA549F-2A38-4C2C-8DAA-C3CC58954F86,FF7211A3-33C2-4F26-81CA-990E1F87AC5A,S-4962,Ea,1,14,NULL,5.0500000,NULL,NULL,NULL,Ea
4F201FA5-1A05-4127-874B-013F8F8403BA,88339142-ED33-405A-8147-6CBE0C48A891,4689A645-9981-499A-98AA-AC816875A31C,1014114/15B,Ea,1,14,719.0000000,719.0000000,2023-08-21 00:00:00.000,1.0000000,NULL,Ea
25CFD6A8-D86A-493D-B05F-014D7C4FB944,9E201F02-891B-46A3-A021-AE076B8B525A,8888D6F9-75E4-4B07-9E4B-700B06FE9043,2C4776-4,Ea,0,14,NULL,129.8743027,NULL,NULL,NULL,Ea
33F26B63-116C-4846-A628-0159C0A1C79A,2EDC6E90-18A0-4862-BE53-C73C6A44A093,6906C4A5-A31F-4591-BFCA-C2CC271331CF,NULL,Ea,0,14,NULL,NULL,NULL,NULL,NULL,Ea
D4F9CABE-D871-4109-B682-016308B16152,EE0697EF-F689-4679-B842-3F92D16838DE,FE8A9BF3-6D44-4FB2-BC00-E102706156A9,NULL,NULL,0,14,NULL,NULL,NULL,NULL,NULL,Ea
FF7DD8DA-8B8D-4C99-AC32-0163EA855239,DAE7E1CE-7DCE-4DF8-A92E-78CD13360B79,119C42C6-7493-45B2-A683-2EFD76885005,NULL,Ea,1,14,NULL,NULL,NULL,NULL,NULL,Ea
B2C296D9-9715-4187-A198-0164610DDE71,3EDA47A6-3A34-4E69-ADD1-DDE57F40D0CB,7C91567D-EB42-4DA4-8F05-EFAB871DF672,301197-1-KIT,Ea,1,14,NULL,523.8400269,NULL,NULL,NULL,Ea
FD935ECC-EDCF-4CB5-872E-016D4399B063,E4BB9B4D-BD80-4264-BC07-878D3C7EA56E,A29ABB64-93BC-400C-A871-E48D86D344F0,NULL,Ea,0,14,NULL,NULL,NULL,NULL,NULL,Ea
76DBA67B-501F-40F3-89E3-016EFC291580,E667D033-8554-40F8-B19D-29A18C608B83,C77D5086-B2A4-451D-89AB-27639DE772B7,turTS-0505-2005,Ea,1,6,NULL,20.2900000,NULL,NULL,NULL,Ea
A210E0F8-52AE-4498-8C6C-0178E1B7C051,D9BAA68B-155F-4FED-BDAD-CF8851C01447,AA0F3D51-3906-450A-AD9E-68C5FBE8D4AD,SECK1581,Ea,1,14,NULL,581.3400000,NULL,NULL,NULL,Ea
8FD7696D-21F6-42D0-927F-0179A3851115,4D452BF7-C615-49B7-84E9-3675981DC355,437CE1EB-8E26-44EC-9EFD-D66F12B38B14,04465-0C012,Ea,1,14,73.9300000,65.7700000,2025-04-07 00:00:00.000,4.0000000,NULL,Ea
399FBC74-E0D0-4066-A3A3-017E782C05D9,368E2C2E-CCEF-4801-90D3-7EEB0238E202,461A1278-2076-4BC9-BDC8-0BE1215900B9,NULL,Ea,0,14,NULL,33.0032993,NULL,NULL,NULL,Ea
1BCCD33E-CB0E-4298-8D36-01897194CFBD,F21CA6E8-67FC-454D-9F2D-3C85FF0DB24F,421E2116-C20F-4CBB-8002-01D045427424,HLAH71020501,Ea,1,14,NULL,105.0300000,NULL,NULL,NULL,Ea
29972320-F835-427C-BA1D-0194E8AA888A,EF07C26A-EA88-4F2B-B4C2-0B37A17D5B72,B2A0E072-EE8A-4B72-9B06-8A9A2A7D071A,GDE-T22R-8,Ea,1,7,39.7266700,37.8360000,2025-03-04 00:00:00.000,6.0000000,NULL,Ea
572BA0BF-8F33-49B2-B7BD-0199CCBA2A07,E8955782-F350-4673-8EAE-BB8A9A12CF61,C2F2885C-3BBF-4641-B905-059DCC7B71C8,2277,Ea,1,14,NULL,112.0900000,NULL,NULL,,Ea
555F9948-EB3C-4B22-B3D6-019B1921A8EF,82E088E5-6F9D-466E-A92A-9F35FECD1C19,D8E53D79-45CD-47B8-B478-E97AE1888113,127819037001,Ea,0,14,NULL,NULL,NULL,NULL,NULL,Ea
B4F7A4B4-395D-4AE9-9B13-019DCDEA68D2,0CE7F4CE-36C7-41ED-B75B-A597341A595F,9D49F473-D394-4B63-B2CB-3EF72ACF9AC6,5U-286R,Ea,1,7,NULL,10.8100000,NULL,NULL,,NULL
1B965D6D-6746-46C1-8367-01A2722A2C01,CBDB80F4-BABF-47CC-AC62-01DF16D87023,437CE1EB-8E26-44EC-9EFD-D66F12B38B14,96721-19010,Ea,0,NULL,2.2700000,2.2700000,2024-04-26 00:00:00.000,1.0000000,,Ea
AE1089D5-39A2-4ABB-B271-01A35501E491,8CF71703-C585-4A82-BD1A-61953975448B,D52F1F4A-A2A8-4BFD-B26C-30E5F8BF28A1,09-01501,Ea,0,14,NULL,57.8700000,NULL,NULL,,Ea
3126960E-48C4-42AC-A915-01AAFC2712E1,EE91F5AA-16DF-48F7-B890-608A99529BD3,7C91567D-EB42-4DA4-8F05-EFAB871DF672,100006-1-KIT,Ea,1,14,NULL,570.0100098,NULL,NULL,NULL,Ea
464DD19F-EF5D-4161-A90F-01BB84C4C1B4,C00299BF-54C4-4292-9891-78B2C99E51E4,75E066E8-966A-4881-AE1D-8B25AE5EC77E,PIC 5590PT,Ea,0,NULL,4.7700000,4.7700000,2024-05-23 00:00:00.000,1.0000000,,Ea
8C7DB91A-A246-4C7E-AC93-01BCD9418AC9,41B88DD0-83DF-4A83-BABF-3AFD4C71B508,C77D5086-B2A4-451D-89AB-27639DE772B7,sto141.44116,Ea,1,6,55.9600000,55.9600000,2025-04-08 00:00:00.000,4.0000000,NULL,Ea
5B771B1A-6B65-4131-831C-01C0ACCB7E4D,29787EBA-FD26-4DEB-AA10-C5705DD54CC7,D52F1F4A-A2A8-4BFD-B26C-30E5F8BF28A1,05-1572K,Ea,1,NULL,NULL,78.8900000,NULL,NULL,,NULL
9A5A6508-7349-428E-BB9E-01D37727AE0D,52591AC4-4257-42BF-98C0-5DDAB0BECE4B,EAB3D033-3B77-42EE-AA7E-E149CA540D10,98541A119,Ea,1,3,NULL,0.0862000,NULL,NULL,NULL,Ea
33514CC8-B62F-4137-B48D-01DA4BB0A291,CF38E928-FAE5-4E1B-9E16-4D7B59A197A8,2F3A9077-5FE1-43E1-959B-D5F402A50D42,ARB505,Ea,0,14,NULL,40.5000000,NULL,NULL,,Ea
1D22FE69-E75D-4295-AD0D-01DF5685AE4C,332CD350-C40F-409A-B879-39FBFF441FB7,6171E136-0B47-4D45-B620-ECE6DA1C89E1,TR.2036,Ea,1,14,NULL,422.4000000,NULL,NULL,,Ea
1EC0C39B-DF35-4F6B-9293-01E17FFEBA5D,A910CB4F-86F6-46B8-B315-F68B8DAF9AA1,E38F88D1-E515-42BF-AD4F-17F97CE8DF70,LC4R GK 5.29,Ea,1,14,NULL,356.4900000,NULL,NULL,NULL,Ea
BC0EEF87-BA38-443D-94CC-01F335566BB2,9D6A060B-A9F1-4E2C-BE8F-ECFEE3417160,18781939-C1AF-47D0-A7CB-7FDA2ADA8309,12144021,Ea,1,14,NULL,90.5900000,NULL,NULL,NULL,Ea
8E38015F-0FF7-49D4-9223-01F34D47E0A8,3C5AAA87-4BDA-4EED-9E0C-5979476E329F,4BC2D119-3C92-4B84-9745-2B89095A22AE,41558,Ea,1,14,NULL,12.0000000,NULL,NULL,NULL,Ea
096C8331-4724-4053-B657-01F36E795352,87A819FD-AC09-42DB-9DAC-0E5AB42AE97E,C77D5086-B2A4-451D-89AB-27639DE772B7,turTS-0505-1005,Ea,1,6,NULL,233.1800000,NULL,NULL,NULL,Ea
FB95EAFD-870F-4F75-ACAE-01F7F03EAF5C,76022C67-6EE7-4F9A-AAFC-BEAFC405AA25,D8E53D79-45CD-47B8-B478-E97AE1888113,1444110125,Ea,1,14,NULL,0.4085000,NULL,NULL,NULL,Ea
E44B2D9C-D879-41D6-A27F-01FC2C663E3C,086F2D14-BF0B-4ED2-8563-D20BE49C2418,437CE1EB-8E26-44EC-9EFD-D66F12B38B14,12135-62080,Ea,1,NULL,72.3400000,72.3500000,2025-02-13 00:00:00.000,2.0000000,,Ea
452FB648-5051-4277-9C99-0206A3AB8299,AD37DABD-3EB9-4233-9720-0200911CAAFF,050255AD-57C7-4949-BC97-8673C1D4D148,Pt#1018242/Job#25045,Ea,1,14,305.0000000,305.0000000,2025-02-12 00:00:00.000,5.0000000,NULL,Ea
920120B4-1F59-4831-8B9E-021058BA949A,63F2848A-CBB9-4491-AD96-D4717F931BD5,C77D5086-B2A4-451D-89AB-27639DE772B7,BUS31010-11,Ea,1,14,NULL,253.5000000,NULL,NULL,NULL,Ea
C0574A8E-9F26-4144-B23A-021B0BBA3B71,4D425957-99C8-403A-AA18-D5CEF627D1B4,34D42E80-B0D8-4E09-AD92-B3DD80D1807D,T4043,Ea,1,14,7.0000000,7.0000000,2025-04-01 00:00:00.000,6.0000000,,Ea
C03C0E1C-4D05-4EED-A3A3-0223B80659EE,7199F0A4-AC2C-456D-A71E-B8B874461E80,F7AFC18C-77EF-482C-98D3-3A4455E8A49C,74147547,Ea,1,14,NULL,51.4000000,NULL,NULL,NULL,Ea
E414E5D9-8949-4594-B04F-02286BAD78FC,8CFFCBB2-6F24-45E2-B557-DFE0A34BEBC2,7C91567D-EB42-4DA4-8F05-EFAB871DF672,110758-KIT,Ea,1,14,NULL,56.9300003,NULL,NULL,NULL,Ea
7AE28B58-3C2A-4DAB-885F-0232CF5CA822,7AA5705B-B0EE-4CAE-8722-A9DFE68E5516,E0D892B0-9F3A-4374-9862-6C2925FB8C9F,ER70S23323610,Ea,1,14,NULL,27.1700000,NULL,NULL,NULL,Ea
712711EA-94E3-4DE4-B249-0237AF93B3FF,E3F6C7C7-F981-4A84-BD8E-E074F2EA6FEC,437CE1EB-8E26-44EC-9EFD-D66F12B38B14,16271-62011,Ea,1,14,NULL,17.1600000,NULL,NULL,NULL,Ea
CCA678D8-1231-4340-AF61-023BA945A3D1,CA072727-110F-4490-BCD5-29ECBF710E87,B8ADF8E0-8A6A-460F-AA9D-30BB6B717861,90311-80010,Ea,0,NULL,3.2200000,3.2200000,2024-07-18 00:00:00.000,100.0000000,,Ea
06098E4F-ACF3-47D1-8855-0243A8C6E47C,4C648C31-C52F-4195-91C4-33AEE700D0D7,AA0F3D51-3906-450A-AD9E-68C5FBE8D4AD,SP536-3,Ea,1,14,NULL,131.3130035,NULL,NULL,NULL,Ea
68182955-8E24-45CB-9BBB-02500C0F9F2C,EA7968F3-9E0A-4DC0-97C0-93FAC25B9E85,DCB43726-B566-42C5-BD4C-9028F8894E6A,57-1468-BLUE,Ea,1,14,NULL,86.4499969,NULL,NULL,NULL,Ea
799CE3D4-2029-40E9-ADBE-025780C5A3FE,27933F37-8F87-4FC8-AE9F-8AD8FCC63946,803B7A61-1A7F-4CC8-A7A7-15BB5DCDBDB2,FTC1-115D,Ea,1,14,NULL,491.0000000,NULL,NULL,NULL,Ea
870A952A-3C7A-4190-9F19-026E0BC95300,D1B3D9E0-BADC-4D46-97CE-D2109D194EF1,4BC2D119-3C92-4B84-9745-2B89095A22AE,EMB37024,Ea,1,14,NULL,33.0000000,NULL,NULL,NULL,Ea
9066594F-1C03-4736-96DA-028652C4FF82,CBA701C8-DAEE-4BEA-B4B7-6D92C4FE5D7A,D78A6A99-84F9-4D8C-9CCC-241638ADD841,NULL,NULL,0,30,NULL,NULL,NULL,NULL,NULL,Ea
22AA8F41-B012-42AF-AD11-0290196411AD,13877B59-195F-449F-BB3B-5692FFB6582B,B85CB967-0584-4175-AF70-62B17EB001E4,TR-202-BK,Ea,1,14,NULL,156.0000000,NULL,NULL,NULL,Ea
624D604F-1C11-49E0-816F-02906483CF49,73BAB00F-F66F-456C-973B-367D692B9108,ACE4210B-59D6-4855-A219-08CD158EDE44,6010SJS,Ea,1,14,NULL,560.3600000,NULL,NULL,NULL,Ea
42D87BAE-7F07-4D31-9B1D-0290C83E5A13,E9C51D0D-1D0F-44B1-8516-112652D766A8,58F65BA9-6115-4C83-AF00-0A0A03A176FD,ATM 13096,Ea,1,4,10.5900000,10.5900000,2025-02-18 00:00:00.000,1.0000000,,Ea
CC884CFD-3FE8-4C9F-879C-029F9A9951D4,695968DF-EB8D-423F-BA20-A3BA867272A0,8888D6F9-75E4-4B07-9E4B-700B06FE9043,2M4216,Ea,1,7,23.3200000,23.3200000,2025-04-18 00:00:00.000,5.0000000,,Ea
BF101A5E-C526-485B-A330-02A59AB92101,A92918B3-58F6-4CB6-9D65-00007E3E6CBE,9C464640-083C-4012-8C78-F44BDE5997B4,57-1430-BLK,Ea,0,14,80.0100000,80.0100000,2024-02-16 00:00:00.000,1.0000000,NULL,Ea
086017FA-E588-45CC-888C-02A8CFBF0A66,157A768F-88E0-497F-8F95-27939610AA0F,B8ADF8E0-8A6A-460F-AA9D-30BB6B717861,ES317R-2  96Link,Ea,1,180,NULL,6.6200000,NULL,NULL,NULL,Ea
EEA06041-70F0-4D8E-85B4-02A93FCD7718,9BD7D671-0722-445E-A162-4BB3159E9098,8888D6F9-75E4-4B07-9E4B-700B06FE9043,SB271,Ea,0,14,NULL,30.0395011,NULL,NULL,NULL,Ea
CEAA2F9E-2E3D-437F-AD5B-02AA4D57D495,C75EC99B-C098-4115-B150-ECE9C69DD37D,C77D5086-B2A4-451D-89AB-27639DE772B7,knn77-9025KP,Ea,0,14,NULL,369.2200000,NULL,NULL,NULL,Ea
CBF35F40-A894-4B1A-9FEB-02B2159055F1,E0DE19A6-0B6F-4875-B135-689F6BC2E774,437CE1EB-8E26-44EC-9EFD-D66F12B38B14,90116-08337,Ea,0,NULL,2.9400000,2.9400000,2024-05-29 00:00:00.000,10.0000000,,Ea
367D6A03-25C2-4CEF-BFA9-02B7E3AF6D0D,72E6564B-E300-4350-B6B7-47819CA8EBB9,25F39D8C-1704-45D4-B640-24D0E8090E5F,108600,Ea,1,14,12.7100000,12.7100000,2025-02-19 00:00:00.000,6.0000000,NULL,Ea
F653FD03-48CB-4F81-A593-02C428040F99,A4966AC6-7D56-4634-A146-AB0347CF2D5B,AA0F3D51-3906-450A-AD9E-68C5FBE8D4AD,BT15-017,Ea,1,14,NULL,5.8109999,NULL,NULL,NULL,Ea
FA92F834-615C-4338-9C55-02C68B0BD46F,DC10A445-DDC2-418D-BFF9-825A23A48C8E,421E2116-C20F-4CBB-8002-01D045427424,T/R54936,Ea,1,14,NULL,285.3500000,NULL,NULL,NULL,Ea
EBDF0286-E5C4-4F31-A58F-02D7F6F6D987,9B67C37E-D024-409E-9C08-F0495D704BEB,DE909A20-D0BA-4EA5-96BF-BB726E314A2D,897346002344,Ea,1,14,NULL,39.9900000,NULL,NULL,NULL,Ea
055B43CB-5947-496C-B4E8-02E5BE4EF41C,AA9FCF97-F217-42FB-A4ED-CEB7A2D5BD66,AA0F3D51-3906-450A-AD9E-68C5FBE8D4AD,SP526-S,Ea,1,8,65.2900000,65.2900000,2025-04-17 00:00:00.000,5.0000000,NULL,Ea
A69E71E5-0D53-4682-ABDE-02E64C4A3A9D,4B048298-0D89-41A0-A3CD-39E10518FED9,AA0F3D51-3906-450A-AD9E-68C5FBE8D4AD,PW15-578,Ea,1,8,45.5800000,45.5800000,2025-02-24 00:00:00.000,2.0000000,,Ea
5F0074C3-638C-464D-B7A0-02E98CB99559,5BFE3EC0-DB6F-4609-88E8-761E704DF92C,C77D5086-B2A4-451D-89AB-27639DE772B7,knn99-0533,Ea,1,6,NULL,4.8100000,NULL,NULL,NULL,Ea
DD246AAF-B42E-4C17-A16A-02EE566B0254,90035CC5-4841-41D9-A500-637EAE3E9FBE,D8E53D79-45CD-47B8-B478-E97AE1888113,4398112001,Ea,1,14,NULL,0.1100000,NULL,NULL,NULL,Ea
C0F85BA5-9BF5-4B81-AF8C-02FA8786F1AE,29EF2BC9-ED3C-42F3-A3E3-FA3848C20826,421E2116-C20F-4CBB-8002-01D045427424,K/C91334,Ea,1,14,NULL,1401.4100000,NULL,NULL,NULL,Ea
446A14E5-C9F3-4DDC-9EAE-03115A3D0D8E,80476B33-642A-462C-9F41-2C29DB2EA1C5,82FE7ED7-3F4E-477E-AFCF-B7B4EA36F327,718142,Ea,1,NULL,NULL,895.1300000,NULL,NULL,,NULL
C0F435BD-4E20-4F88-8D5A-031B5AFDA8AA,5D09E614-8E1E-4DB7-A85C-F965E8FC4041,437CE1EB-8E26-44EC-9EFD-D66F12B38B14,83320-80136,Ea,1,14,157.9600000,144.2600000,2024-08-19 00:00:00.000,1.0000000,NULL,Ea
C5AF9291-19FE-4514-83FB-031DA0D30206,0B39BA2B-378C-4C56-9E23-191783B1C453,AA0F3D51-3906-450A-AD9E-68C5FBE8D4AD,SP578-2,Ea,1,14,159.3000000,159.3000000,2025-02-12 00:00:00.000,2.0000000,,Ea
E8F6DB5F-7EC3-4F10-B4CE-032459FA98E7,F156A0BB-A7AB-45A9-9194-67340F5CD426,5D8B1CD3-8F5A-460A-B3FA-E399242AD18F,3622413,Ea,0,14,NULL,0.8800000,NULL,NULL,NULL,Ea
5F82F959-59AE-43DA-9DC7-03277F05E067,BB5F66A3-44AA-4535-9EFD-5F8E8C14B32A,59D7D386-B3A6-4230-A30A-D789A279B2C9,CD16058-C6-D,Ea,1,14,NULL,150.0000000,NULL,NULL,NULL,Ea
70FC5DD0-9600-4DA5-8A58-0338A0B53AE3,FC0890AE-E034-4CE9-91E9-CF46EDE1EDA6,5D4BDAFA-AD55-44EC-ADA0-3A0146331DA0,86-2185D,Ea,0,14,NULL,NULL,NULL,NULL,NULL,Ea
C3B2DB79-05B9-4BF5-AC17-033F1365FF74,52CEAC53-46DC-4136-BA19-334AF46DBB91,E0D892B0-9F3A-4374-9862-6C2925FB8C9F,COYFALUM,Ea,1,14,NULL,194.0000000,NULL,NULL,NULL,Ea
705DFC21-97FD-41BB-9DB9-0345A1F39C2D,2847D309-95A8-43DE-878E-CE3529A6D2B4,437CE1EB-8E26-44EC-9EFD-D66F12B38B14,NULL,Ea,0,14,NULL,NULL,NULL,NULL,NULL,Ea
9C6A97CC-9DFC-422D-9B9D-034688CC99A5,36355E62-6F9B-4E41-AFAC-23454B0A8420,F120E7D9-2198-402A-B297-06A9F53F37F7,BP6F-15-171A,Ea,1,14,10.0000000,10.0000000,2025-04-10 00:00:00.000,10.0000000,NULL,Ea
70007E89-3F0F-48B1-8CA5-03480656EE20,B9288878-C8AF-433F-AFAD-69824F06C919,437CE1EB-8E26-44EC-9EFD-D66F12B38B14,23206-35121,Ea,1,14,140.1000000,131.0100000,2025-01-03 00:00:00.000,3.0000000,NULL,Ea
3EB86489-456E-4AD4-ADD6-034CA4625029,15381E51-0422-462C-8F98-855589512836,B2A0E072-EE8A-4B72-9B06-8A9A2A7D071A,CF-33-3.0,Ea,1,7,NULL,22.5599995,NULL,NULL,,Ea
AB386CAF-BCAC-4F17-94E7-035633D06D54,1BE5318F-9D1A-46FF-9C8B-1618AAA1F312,C4E43194-0616-464E-8726-85B7C7A49B38,288-4701,Ea,0,14,NULL,NULL,NULL,NULL,NULL,Ea
7FDB19D6-F405-4D92-836C-036C26A32433,7C05C343-6949-436F-82A9-570290FCCC06,8D06AA0F-E18E-4A8D-854A-B36FA641F317,3355522050,Ea,0,14,6.7700000,6.7700000,2024-09-09 00:00:00.000,10.0000000,,Ea
CF06E2BA-0B26-49D1-B358-036E114AF2A4,060C5F17-3E16-4ED7-9D31-23E4D9400430,7C91567D-EB42-4DA4-8F05-EFAB871DF672,130519-1,Ea,1,NULL,NULL,25.7299995,NULL,NULL,NULL,NULL
C98AC061-FEDF-4694-8B56-0371CA22E28A,0155D556-77D2-496D-AC23-D6EDD52BD122,A4CBC26B-F5E2-4E99-A57C-E4E2C818D4CF,NULL,Ea,1,14,39.9200000,NULL,2024-08-22 00:00:00.000,1.0000000,NULL,Ea
9327FF05-B8BC-4CB8-A502-037DFB6C630B,0D96FD91-95F3-4BBE-9AB3-12F53899A227,A0AB7251-1AB6-4C49-B830-99967E14F2BE,NULL,Ea,1,30,NULL,12.1700000,NULL,NULL,NULL,Ea
D2BAE041-E56A-4D3E-83DC-0386E7615082,51BEF5B3-D9B6-492D-BC74-06235D8796A8,B8ADF8E0-8A6A-460F-AA9D-30BB6B717861,Mahle#50012,Ea,0,120,3.4000000,7.7900000,2024-07-19 00:00:00.000,-100.0000000,,Ea
EB829CBF-9024-4AE1-8669-038D835824C1,49F2D187-EE0A-44E7-9C34-F75AA56A60AA,AA0F3D51-3906-450A-AD9E-68C5FBE8D4AD,FS1526,Ea,1,6,45.1600000,45.1600000,2025-04-08 00:00:00.000,20.0000000,NULL,Ea
96B59434-64D0-44B7-8EAA-03930CC375CA,58942933-2825-49BC-B654-FD189E7C662D,ACE4210B-59D6-4855-A219-08CD158EDE44,6010SJT,Ea,1,14,NULL,560.3600000,NULL,NULL,NULL,Ea
5DD6FC92-30BF-4458-9D41-039A08F1A850,C436B873-9EDA-428B-9AC1-A30F35C15992,EAB3D033-3B77-42EE-AA7E-E149CA540D10,98381A71,Pk,1,3,17.1500000,17.1500000,2025-03-13 00:00:00.000,1.0000000,,Pk
EB555B73-9FBF-41CD-BBC2-03A2620306FE,3ABABDA1-1263-4C57-9C0F-4859B0640A41,835FB8B3-624C-4D18-BE83-6C50762C244B,04112-35162,Ea,1,14,NULL,110.0400000,NULL,NULL,NULL,Ea
6D2DBC35-74FF-4FB5-8225-03A28240AF05,8A3575FD-A0C7-4239-B90F-B3C2BC2C87F1,FEE52324-C3B3-4631-BA1A-0449E871F44B,EXP65175,Ea,1,7,NULL,20.0000000,NULL,NULL,,NULL
4C76CDDC-E643-4057-97E7-03AA32C96B2F,8C799261-EC67-4D76-9A2F-492DDA8C0273,437CE1EB-8E26-44EC-9EFD-D66F12B38B14,17882-62010,Ea,1,14,NULL,47.6900000,NULL,NULL,NULL,Ea
94D61A41-87B5-49AA-9782-03ADED99D95E,1EEE5FBD-E379-466B-AE92-AEC787D51251,0DA45CD2-7AFC-48F0-9DA1-D3324DCFCB50,NULL,Ea,0,14,NULL,NULL,NULL,NULL,NULL,Ea
BB8BB39C-0077-44BA-8EEA-03B427E9A6C3,1AAE7E80-E6AF-4362-B07F-3F2F88F7A00C,8888D6F9-75E4-4B07-9E4B-700B06FE9043,9053.75MM,Ea,0,6,104.4400000,104.4400000,2023-09-19 00:00:00.000,2.0000000,,Ea
DFFCC001-3534-4242-AD53-03BAF9A1F40D,DB664E29-DA56-47D5-9F5D-EBF3CD61B6BC,78490A0D-DA09-40AF-8C4A-CC8F103B178B,880849,Ea,1,14,NULL,850.5000000,NULL,NULL,NULL,Ea
759105C5-AA5F-476D-8702-03C04E1B20F4,B3DAB9D2-694C-4661-B5FF-BC32C86CBC79,D1BDA443-BD84-4B9D-8D48-7DFFF0CB56EA,NULL,Ea,1,14,NULL,76.7000000,NULL,NULL,NULL,Ea
2F5BA1B4-4D7B-40DB-813D-03CB4AD892D0,FF2889C9-64D7-42A2-A200-643C04D530F4,82FE7ED7-3F4E-477E-AFCF-B7B4EA36F327,4481609,Ea,1,14,759.6000000,759.6000000,2025-04-15 00:00:00.000,1.0000000,,Ea
C61A83CB-8F54-4EF0-88BF-03D06D52BD7F,C78B3A38-91C1-4A9B-9ABD-AF7448A5A8EB,3A22DBFB-6582-42E9-997F-57665EA17723,SBR-1G,Ea,1,14,NULL,51.9700000,NULL,NULL,NULL,Ea
C10FF092-1B1B-448B-A0A3-03D23CB5AFC1,F15C5D0B-226D-4699-A4C5-D84D28D83798,6AC980C4-6CD7-46C0-B8E3-0F8EC945D787,THY-507-S-C,Ea,1,14,NULL,615.0000000,NULL,NULL,NULL,Ea
3392C4A4-8955-4A08-95D6-03D34FAC50B8,3A7DFE36-FF1E-4CF7-92A0-F83D3E21686E,32AA8D0E-A0ED-4E4C-993A-AB566C347E88,3-138  ISOLATOR,Ea,1,14,0.2500000,0.2500000,2024-11-13 00:00:00.000,350.0000000,NULL,Ea
69F5FAB1-908B-4BFD-8CE1-03D81F76A308,AC30F168-9231-4A6E-A718-F51A2242A9AA,AA0F3D51-3906-450A-AD9E-68C5FBE8D4AD,2C5151-3,Ea,0,14,NULL,67.9704971,NULL,NULL,NULL,Ea
F74884FC-BDF9-4CB6-8AA8-03DEB700B575,E1673346-1069-4356-85D3-537970AF8913,CE80C4E7-8337-4517-A1A8-07A18B36994C,NULL,Ea,0,14,NULL,NULL,NULL,NULL,NULL,Ea
96C411BA-E03E-4647-9398-03DED6752D0D,51DECDE7-543D-482F-8BB1-4141FA9E9094,835FB8B3-624C-4D18-BE83-6C50762C244B,77201 SIZE 1.60,Ea,1,6,3.4100000,3.4100000,2025-01-03 00:00:00.000,1.0000000,NULL,Ea
6C9071F3-502E-4467-863F-03E1B6A60D58,5B6C66D5-B7FE-49A6-8A09-87E71D7C7FEC,8888D6F9-75E4-4B07-9E4B-700B06FE9043,CR4219AM-0.5,Ea,1,7,NULL,16.5000000,NULL,NULL,,Ea
C4476123-83F5-4797-8BD0-03E3B14EB5F2,B30FDAAC-37CE-43FE-918E-F8E827B210A9,B44F749D-0619-4344-A081-BCFFFB1226E7,22RE-TPS-late w/wires,Ea,1,14,14.4000000,14.4000000,2024-12-16 00:00:00.000,10.0000000,NULL,Ea
ABF7757B-1397-496A-886C-03E9A63E05A6,D6261B3D-77E8-401F-A1A1-A479EED2F296,421E2116-C20F-4CBB-8002-01D045427424,T/R6719380,Ea,1,14,NULL,556.2000000,NULL,NULL,NULL,Ea
67F2D1D5-91E0-4BFB-9E57-03ECC5C26F90,00C5E5F7-EF2D-4C9A-B7A5-45E3E9D761CF,58F65BA9-6115-4C83-AF00-0A0A03A176FD,MPF39207,Ea,0,2,4.3100000,4.3100000,2025-02-21 00:00:00.000,1.0000000,,Ea
FBFBE1CB-4CDC-4F60-8813-03F4D07C4144,268E828F-C05E-406E-A9E5-D39DFB0A51CF,69D67CBD-C377-45E7-99DB-AB28FB9D5E9E,D23,Ea,1,14,NULL,0.2200000,NULL,NULL,NULL,Ea
45BDC6CC-C078-4B61-92A1-03F673C0210C,41179571-D5D2-4BDF-902B-7CE2EAD9EAEC,669EFA04-8F95-4099-8A49-2F250A9B4564,NULL,Ea,1,NULL,NULL,4.5000000,NULL,NULL,NULL,NULL
BC24F41C-3DDF-4655-B679-03FC01CE9FE0,73EB2F81-7165-4E2B-8258-28E57EA1F50E,835FB8B3-624C-4D18-BE83-6C50762C244B,74821 SIZE 0.55,Ea,1,6,NULL,4.1800000,NULL,NULL,NULL,Ea
CD4C89A8-8518-4F1C-904C-040316C4DDC8,CBA701C8-DAEE-4BEA-B4B7-6D92C4FE5D7A,07C1FA8E-90C7-47A9-A7AB-66B2E5B305F3,503443,Ea,1,14,240.1500000,240.1500000,2025-02-25 00:00:00.000,5.0000000,NULL,Ea
1EE60AB3-E3FA-418A-91DE-040BDFDA354A,A4E89FF9-7463-436D-A9D8-2291926E0271,6D74FBB2-3DDB-4222-8B04-BF3E3F51A85E,10PPDP-013,Ea,1,14,0.1500000,0.3938600,2023-04-24 00:00:00.000,500.0000000,NULL,Ea
58EF159B-6EF9-4FDB-A0C8-04166C9D9872,259AB22D-FB49-4532-BA4B-3B04F0178863,2F3A9077-5FE1-43E1-959B-D5F402A50D42,63027 x 2,Ea,1,14,NULL,95.2500000,NULL,NULL,NULL,Ea
259FF431-3E67-42E6-A881-0417528AB96B,FDE49CBD-3D3C-4534-984D-3D6A2D8693A7,07C1FA8E-90C7-47A9-A7AB-66B2E5B305F3,NULL,Ea,0,14,NULL,NULL,NULL,NULL,NULL,Ea
71DE4EC3-2501-433C-86F3-0417A5FAC071,66F5345F-BF21-4A45-8234-EFC6EA4FDF75,8888D6F9-75E4-4B07-9E4B-700B06FE9043,TW-326S,Ea,1,7,15.2500000,15.2500000,2025-03-27 00:00:00.000,7.0000000,,Ea
0D04C276-38A2-441C-BEF0-041835C58B4B,0F5A8197-9872-4CA2-9C0B-81E86D8F5E94,E7D458B2-4757-4BC1-99EA-32DE118913D0,,Ea,1,14,240.0000000,240.0000000,2024-09-11 00:00:00.000,15.0000000,,Ea
EB02AF41-A3D3-4859-AB36-041960A16000,3BC04C2E-840D-4283-98DA-4F56803792E2,18781939-C1AF-47D0-A7CB-7FDA2ADA8309,NULL,Ea,0,14,NULL,33.0032993,NULL,NULL,NULL,Ea
8A5AB5E2-1907-4C58-B77A-04204A6B978A,3B33F3DB-2702-4518-9C2B-C6BA1B4E5E0F,437CE1EB-8E26-44EC-9EFD-D66F12B38B14,90119-08974,Ea,1,14,NULL,1.0600000,NULL,NULL,NULL,Ea
137712F3-8CF4-466B-ABBA-042C250080BB,B32DED37-7865-420B-8980-F9E5D650FCD9,DC1AAC1B-9781-4090-AF41-A2F4218A8C3B,MD54344-Z,Ea,1,14,NULL,70.5400000,NULL,NULL,NULL,Ea
148AB8A2-1996-4B2E-BFE5-043388CA4C26,AB8D5B7B-E81C-4B39-825C-B823458737DF,BC974AE8-6072-4B84-93AD-18EE6B0F63E5,TS-0106-1002,Ea,0,14,NULL,118.7600000,NULL,NULL,NULL,Ea
9E7AA24A-BD8A-4D46-90D1-0435AE7251CC,B84D4F25-25FE-4D23-BDB1-F5F3AE9965C6,4BC2D119-3C92-4B84-9745-2B89095A22AE,EMB78016,Ea,1,14,NULL,23.0000000,NULL,NULL,NULL,Ea
5D37D5FB-B20F-49F5-9ADE-04448AE783A9,174C5312-65A8-4F87-A9E8-0224AED39B5F,AA0F3D51-3906-450A-AD9E-68C5FBE8D4AD,VG1581,Ea,1,14,174.2800000,174.2800000,2025-02-19 00:00:00.000,2.0000000,NULL,Ea
08E835CB-02F0-4CC7-9076-044BC80B0065,2EDC6E90-18A0-4862-BE53-C73C6A44A093,833943B8-7916-442F-A1CB-702E83FBC2F2,205607,Ea,0,14,NULL,NULL,NULL,NULL,NULL,Ea
D1FF0ECA-95B7-4109-831F-0456A4AE4958,82824BA8-5614-4FB2-9753-3A8F54431332,7C91567D-EB42-4DA4-8F05-EFAB871DF672,186028-KIT,Ea,1,14,NULL,49.2700005,NULL,NULL,NULL,Ea
E141A01E-7741-47AE-A64F-045CAA7106B7,2367A0C2-185D-4E5B-AF4E-DE11E1B0ECAF,72A4F6BF-FDCD-4DC8-9A19-A26988DD3C70,5180-2XL Tall Charcoal,Ea,1,14,NULL,9.5500000,NULL,NULL,NULL,Ea
96C8388A-A8BC-4F18-B338-046561149FA3,4027201C-E7A8-4BA4-9B3D-606F35BFB1E4,5DB1781D-E7A8-4654-BEA4-37312AFACFC7,,NULL,0,NULL,NULL,NULL,NULL,NULL,NULL,NULL
D39A0435-9E70-41A8-8888-0467AB9A8D6B,644490FA-F99E-471D-9320-2BB5EAC246AE,77A58A29-72F0-43DF-BBAA-5A3ABA788BF9,KU09009BK,Ea,1,14,NULL,39.4400000,NULL,NULL,NULL,Ea
76C0F110-11DE-4CA0-915A-046A337B1B15,2FD01838-414A-4877-B458-1975AC2C51D1,AD7C3F1C-FF41-484C-BB28-4A2C3B5F26BC,NULL,Ea,0,14,NULL,NULL,NULL,NULL,NULL,Ea
6AC72655-BB82-4FD2-A6AB-046D423CA516,79FA2748-30B3-4799-82F0-79E424633543,8D06AA0F-E18E-4A8D-854A-B36FA641F317,1326575030,Ea,0,NULL,3.2100000,3.2100000,2024-12-16 00:00:00.000,3.0000000,,Ea
EC097EA8-8D8B-4257-90BB-047AE0B61527,B4FA1635-065B-4B0C-A9E2-968E5B7AB4A6,DCB43726-B566-42C5-BD4C-9028F8894E6A,57-1587-RED,Ea,1,14,NULL,90.3499985,NULL,NULL,NULL,Ea
147F1F80-CF58-4A7F-952F-047B738985DB,FF962C13-2C8D-478F-9C58-12DF3EA05405,7C91567D-EB42-4DA4-8F05-EFAB871DF672,180188-KIT,Ea,1,14,NULL,7.9699998,NULL,NULL,NULL,Ea
C83EB857-7D03-4488-82AB-0486FB129753,60BADE07-474C-4D7B-BA83-E3029A5AE183,4BC2D119-3C92-4B84-9745-2B89095A22AE,UGMF68905,Ea,1,14,NULL,24.0000000,NULL,NULL,NULL,Ea
6366CE90-6FA6-4831-9029-048785C7084A,E13B6EC6-FB96-40B7-A54F-3E28C548301D,15BC0DC4-8150-4FD1-8AB2-599CD8E5051F,REBTLCF-529DET,Ea,1,14,NULL,1650.0000000,NULL,NULL,NULL,Ea
F6A1D7FE-AC24-44EF-9B7D-048A0C1C7022,CF76738C-1CB0-4109-9655-F354BA816C3A,77A58A29-72F0-43DF-BBAA-5A3ABA788BF9,KU09006RE,Ea,1,14,NULL,8.6500000,NULL,NULL,NULL,Ea
2A8E60D0-454D-4685-A5EC-048B7A4412A2,14E38F18-4A28-48FF-A263-FBB19673DD07,6AC980C4-6CD7-46C0-B8E3-0F8EC945D787,THY-561-SS-C,Ea,1,14,NULL,491.0000000,NULL,NULL,NULL,Ea
32F0E1DE-BDB2-4E1D-AB1B-048C11110A0E,7ACCFA31-19B0-4D85-83C9-7DE16A694DF0,B7E61317-D37C-44C0-89CE-85681EA5B121,77-9029KP,Ea,0,14,NULL,297.4500000,NULL,NULL,NULL,Ea
A721479A-1281-4776-857C-048CCD40DD8A,FCA41B06-CAE9-45AE-91F6-B47D63672A15,C77D5086-B2A4-451D-89AB-27639DE772B7,knn60-1180,Ea,1,6,NULL,89.7400000,NULL,NULL,NULL,Ea
A15D4251-8FE3-4FAC-938D-048DBF7796EB,AA0C59F1-224A-4BAE-8FA1-B3B764943341,835FB8B3-624C-4D18-BE83-6C50762C244B,19100-65010,Ea,0,14,NULL,456.1500000,NULL,NULL,NULL,Ea
04221C05-88A3-4029-A38F-048EA2400D17,C65AF6C6-FA27-4047-9386-BE11C5FD0006,835FB8B3-624C-4D18-BE83-6C50762C244B,74822 SIZE 0.50,Ea,1,6,4.1800000,4.1800000,2024-03-13 00:00:00.000,2.0000000,NULL,Ea
B227DC73-0341-4955-A2E7-0497C6C33BF4,1EEE5FBD-E379-466B-AE92-AEC787D51251,E7DE0662-250B-41E1-B580-F7617B7F7040,NULL,Ea,0,14,NULL,NULL,NULL,NULL,NULL,Ea
F3C69A68-1426-4C19-B26A-0498237BCAFD,67B86C22-ECED-4082-A8D8-6C272C9DD65A,7C91567D-EB42-4DA4-8F05-EFAB871DF672,130298-1-KIT,Ea,1,14,NULL,83.1100006,NULL,NULL,NULL,Ea
33BC9D70-B650-455F-BC50-049876CAD66D,38A93660-DECE-4D32-8C34-D1AFBDD433A7,461A1278-2076-4BC9-BDC8-0BE1215900B9,CB1656A.25(6),Ea,0,14,NULL,41.9531009,NULL,NULL,NULL,Ea
20E681EF-4697-458A-B280-049AD1F1A540,EE182160-928C-461F-A3D9-D1CE8D9898D8,D8E53D79-45CD-47B8-B478-E97AE1888113,NULL,Ea,0,14,NULL,NULL,NULL,NULL,NULL,Ea
0FE1A71B-5AB5-4E7B-BE54-04ADA86DE3FC,340EED29-F44B-4F70-8E61-F8ABE50D05C5,7C91567D-EB42-4DA4-8F05-EFAB871DF672,302124-1-KIT,Ea,1,14,NULL,1639.1899414,NULL,NULL,NULL,Ea
2E5335DE-F08D-4009-ACBE-04B88D3EC8FC,12784EC8-4861-46C4-A1ED-3091D073A790,835FB8B3-624C-4D18-BE83-6C50762C244B,45046-39295,Ea,1,6,33.0000000,33.0000000,2025-04-04 00:00:00.000,1.0000000,NULL,Ea
85095ECD-263E-48CA-B5A0-04BC4E1BC9EE,22653800-54C0-4E22-B819-4518D9FD9A6A,B8ADF8E0-8A6A-460F-AA9D-30BB6B717861,19101-35010,Ea,1,NULL,2.3400000,2.3400000,2024-07-18 00:00:00.000,100.0000000,,Ea
2513BC8C-36B3-4B3F-AB00-04BD08CE2793,7FCC94A7-DFBC-4497-AE0E-B45264D72BCB,1FD4FE88-9E6A-4EF8-B062-B09AC0D77CAB,6210 Next Level Tee,Ea,1,NULL,10.6000000,10.6000000,2025-02-17 00:00:00.000,24.0000000,,Ea
C6FDC175-5F7E-4B67-9009-04BDAF468508,8DE67237-9BCC-4456-A24A-FDFC59668BBE,21CA42C3-6910-4428-8D76-E1F76924F49D,JH81,Ea,0,14,NULL,9.7000000,NULL,NULL,NULL,Ea
F7DEA590-D8D8-4511-8D56-04BEDE474507,388C4932-103B-4F3D-895C-7F2D936524B9,7C91567D-EB42-4DA4-8F05-EFAB871DF672,140054-1-KIT,Ea,1,7,NULL,52.1599998,NULL,NULL,NULL,Ea
31852EB6-E650-4C2C-BE7C-04CD73000C6B,DA295B7A-0C9A-47D1-8B6E-B161ACFDD059,8888D6F9-75E4-4B07-9E4B-700B06FE9043,SS593 Safety,Ea,1,14,NULL,8.6724001,NULL,NULL,NULL,Ea
EB0D1930-006E-435A-9EDF-04D1784ACCDF,ED956086-810F-4169-B2F3-A3CC60B9C0D3,9C464640-083C-4012-8C78-F44BDE5997B4,57-1467R-RED,Ea,0,14,NULL,97.6500000,NULL,NULL,NULL,Ea
9665D53F-7504-4182-BCD8-04DD11007D52,94136FB9-C137-46ED-919F-193DC389B423,DD7F9A57-C0CA-4F78-862F-31BAE5AC4143,FTCC65,Ea,1,14,NULL,543.0000000,NULL,NULL,NULL,Ea
E7CF3950-B98E-41C0-B597-04DE1027A058,9BFDE53D-7C29-4F47-99AB-3A0229C9FCD0,437CE1EB-8E26-44EC-9EFD-D66F12B38B14,04112-35330,Ea,1,14,139.3000000,135.2700000,2025-04-08 00:00:00.000,2.0000000,NULL,Ea
61C077C3-440A-49C7-9511-04E0D688F163,A6CE754B-CD19-4C2A-8ABC-39CE81297B6D,D78A6A99-84F9-4D8C-9CCC-241638ADD841,NULL,Ea,0,14,NULL,NULL,NULL,NULL,NULL,Ea
86E1C919-99B0-405C-B4F7-04E1A65F62EC,C0FFAADA-20F3-4C0B-B2E1-4AA7B6C60EB7,EAB3D033-3B77-42EE-AA7E-E149CA540D10,9452K37-217,Ea,1,3,NULL,0.1049000,NULL,NULL,NULL,Ea
50CDCA8E-9B83-4487-BDD1-04E55A4FFE18,0066748C-DA0E-4C08-87CB-72AB32032906,14D4F9E5-384C-49AB-B1FA-30E117E027AE,,Ea,0,14,NULL,7.9900000,NULL,NULL,,Ea
FB8508AA-1A26-45A7-ADEF-04EB5D66DF6E,EFB3ED12-8EBB-4C2D-A232-BFB87F62CDF3,437CE1EB-8E26-44EC-9EFD-D66F12B38B14,15147-75020,Ea,1,14,2.0800000,2.0800000,2025-03-24 00:00:00.000,20.0000000,NULL,Ea
90643DC0-1D3C-4D0E-8B67-04EC102234B7,91314B13-C7FF-4894-987D-D408A044442E,CEE30466-9655-4FD6-A125-7C818CA82A80,SIL000026,Ea,1,14,18.9900000,18.9900000,2023-05-03 00:00:00.000,4.0000000,,Ea
DE358791-4D04-4F17-88F9-04F17056A63C,49F2D187-EE0A-44E7-9C34-F75AA56A60AA,8888D6F9-75E4-4B07-9E4B-700B06FE9043,260-1503,Ea,0,6,NULL,82.8600000,NULL,NULL,,Ea
20A3038F-5590-45AC-9E90-04FD9E67AD37,69A56A7B-7E5A-446F-8B05-456229208495,C98400E4-C1E2-4E30-A1D1-A3BCA3BE3623,Turbo Rebuild Repair Kit,Ea,1,NULL,38.6600000,59.9900000,2024-09-27 00:00:00.000,1.0000000,,Ea
83AE730D-90AB-4A45-93BB-051B90443D15,C9AA72B4-6C77-476F-8A55-A44A44ED61CF,8888D6F9-75E4-4B07-9E4B-700B06FE9043,5707,Ea,0,7,17.5300000,17.5300000,2024-10-28 00:00:00.000,2.0000000,,Ea
F480754D-4E0C-424C-B212-052F014E9B7E,14997448-EB51-4840-A717-AB3C1461FA3E,7C91567D-EB42-4DA4-8F05-EFAB871DF672,300584-KIT,Ea,1,14,NULL,5.8000002,NULL,NULL,NULL,Ea
B3786788-7F78-4231-A462-0546058AE848,69633113-B6ED-476C-86CA-59AF529D18B0,8888D6F9-75E4-4B07-9E4B-700B06FE9043,SPRM579R/L-2,Ea,0,14,NULL,272.3411053,NULL,NULL,NULL,Ea
007D1BDB-B82B-4EF9-9409-054B205D26A4,6615A34E-E345-440B-BEDF-1FA0786FF8EF,F7AFC18C-77EF-482C-98D3-3A4455E8A49C,80263940,Ea,1,NULL,NULL,74.9900000,NULL,NULL,,NULL
C8222C76-9674-4B68-82C0-055747A74DD0,52628FAA-7503-4E2D-83A3-82A747FABC54,A4CBC26B-F5E2-4E99-A57C-E4E2C818D4CF,,NULL,0,NULL,25.3700000,NULL,2023-09-14 00:00:00.000,2.0000000,NULL,Ea
123D96F2-415D-40FA-B7A5-0561E4990FF7,B5A3F2E2-E7C2-4725-8294-F544E3B9E018,7C91567D-EB42-4DA4-8F05-EFAB871DF672,111285-KIT,Ea,1,14,NULL,36.4300003,NULL,NULL,NULL,Ea
504C311D-FF24-4376-B2BF-056E98ADFC30,E5CB878A-D4A6-4B02-B816-6678A2AABEAF,8888D6F9-75E4-4B07-9E4B-700B06FE9043,2M4689,Ea,1,7,39.5900000,39.5900000,2025-03-25 00:00:00.000,3.0000000,,Ea
4447A7C4-8344-4DD7-B885-056EA4BE998F,C58F3AC4-489A-459C-AA8E-F97F707263A6,C77D5086-B2A4-451D-89AB-27639DE772B7,knn57-9016-1,Ea,1,6,255.7600000,269.2200000,2025-04-17 00:00:00.000,1.0000000,,Ea
825CA197-2472-46C6-A8DC-05768D3D590D,49ECB38B-BA36-4BF6-8F7D-3053950756A1,119C42C6-7493-45B2-A683-2EFD76885005,NULL,Ea,1,14,NULL,0.1500000,NULL,NULL,NULL,Ea
72585647-F8A8-4870-9B98-0587AE9AEADA,582F4067-410B-45B6-AFDA-F864BE08E2BF,9DBFB396-8624-44D6-80E2-CA907225A058,Sht Throw Shifter05'+Taco,Ea,1,14,NULL,100.0000000,NULL,NULL,NULL,Ea
56BC924C-610E-4F15-8FF8-058BB9493AF8,C7DE8D4C-F536-4B8C-A834-CB11D7736646,C77D5086-B2A4-451D-89AB-27639DE772B7,TACODRAWKIT,Ea,0,NULL,NULL,405.7500000,NULL,NULL,,NULL
2947D1C0-6369-4CC2-A050-058BCD942BAA,29141C1D-F85C-4DB4-8A9D-12A64AAD02AE,20CC9E25-767E-43E1-836A-2BAADFD8DBBF,NULL,Ea,1,14,NULL,NULL,NULL,NULL,NULL,Ea
186CC4D7-9ABB-4543-89E8-058FE0B6ACF7,A892DB16-BB42-454B-917F-2DD75C69B7F9,461A1278-2076-4BC9-BDC8-0BE1215900B9,MS16270,Ea,0,14,9.5300000,9.5300000,2024-07-17 00:00:00.000,40.0000000,,Ea
9713C0F5-49E9-474C-9EC0-0595AA74E52C,C4631426-2B0D-4B55-903C-DCEC403354D7,B8264C1E-2FB3-4726-95AA-6451C04BC728,NEED!!,Ea,1,14,NULL,7.8700000,NULL,NULL,NULL,Ea
A038822B-88FC-452D-8871-05AD2E3ADBBF,EF76E376-030A-47F3-BABF-50A7ED80F3FC,D8E53D79-45CD-47B8-B478-E97AE1888113,9129005020,Ea,1,14,0.0457200,0.0457000,2024-09-30 00:00:00.000,250.0000000,NULL,Ea
3C5368BB-BCFB-40BE-A627-05ADB9B353D6,D7D1B668-742C-4B02-85DB-5CAF1EDCABDF,AB016F41-C1A7-49B7-A786-767C9CB12D23,14151,Pk,1,14,NULL,14.2300000,NULL,NULL,NULL,Ea
0A58F6C5-E8BC-473C-91C4-05B43B853AE0,02390915-464E-4A64-817E-FC3AFE71CDED,A4CBC26B-F5E2-4E99-A57C-E4E2C818D4CF,1FC124,Ea,1,14,147.8400000,149.3470000,2025-04-10 00:00:00.000,25.0000000,NULL,Ea
065F1C9F-9A0F-495C-84B9-05B6701CE4F0,DD44FF18-44C6-49B3-8091-369BB46A9C09,C77D5086-B2A4-451D-89AB-27639DE772B7,knn30-9039,Ea,1,NULL,NULL,269.2200000,NULL,NULL,,NULL
F1AB46A0-7665-4FD5-9E04-05BCFD0B570C,EC7B7171-CAF3-4763-B13F-7DB1E8C9F672,AA0F3D51-3906-450A-AD9E-68C5FBE8D4AD,15-7309,Ea,1,14,NULL,61.1585007,NULL,NULL,NULL,Ea
6D9B9230-0B07-4A97-A1AE-05C7374EB84B,259A2F8F-576F-4A5F-A1EB-B70391C4DF38,7C91567D-EB42-4DA4-8F05-EFAB871DF672,120003-1-KIT,Ea,1,14,NULL,327.1300049,NULL,NULL,NULL,Ea
570CE783-9534-45D5-AF64-05C75D10FB0B,E59623EC-30A2-45DB-A24B-70CF281D7273,325D4967-0FF7-4E49-B31C-EFB861C89751,SB3LK,Ea,1,14,33.8000000,67.6600000,2023-08-23 00:00:00.000,1.0000000,,Ea
F7709A3F-5AF6-4E5E-A360-05CF74A031B0,294F38E8-AE4D-4D91-8CC4-EF655C4748A8,A1174D2B-8CE3-4C46-925B-CBE6E986542D,ATP-FTG-003,Ea,1,14,NULL,13.5000000,NULL,NULL,NULL,Ea
DA1C02F1-81C4-45E0-9BD0-05D10AE1867E,7208DDA1-74D3-4D1B-8471-E203AE4B1337,835FB8B3-624C-4D18-BE83-6C50762C244B,90368-49084-77,Ea,1,6,16.4000000,16.4000000,2025-04-15 00:00:00.000,16.0000000,NULL,Ea
25AC8EE3-6CBD-4F1D-AC89-05E6898DF59C,D413ED12-2379-4931-A172-125D32BFCB88,99DF82E6-4A76-41F7-917C-FCBBCDECC9DA,NULL,Ea,1,14,NULL,40.5930000,NULL,NULL,NULL,Ea
5BB614BD-1887-426E-9E92-05E71A98863D,AC574773-F244-46D1-A404-5B453E4F6E17,BFE83421-3940-4C15-A6EA-E91A713C8FD4,TBK154,Ea,0,14,NULL,0.0000000,NULL,NULL,,Ea
25DF6348-1E05-4B50-8D4B-05E93EE9A9E2,4F572F08-DD66-4D4A-9F46-13BA460852C2,D52F1F4A-A2A8-4BFD-B26C-30E5F8BF28A1,RY6738,Ea,0,NULL,159.6800000,159.6800000,2023-12-11 00:00:00.000,1.0000000,,Ea
B7B0B5E4-F8D1-488D-838C-05E98E47DE27,C5C4EF08-FFCF-4DAF-94F8-A3D4AE0BB799,437CE1EB-8E26-44EC-9EFD-D66F12B38B14,15104-37010,Ea,1,14,NULL,75.9800000,NULL,NULL,NULL,Ea
0D26BE32-43AA-4C1B-9B4B-060751D448A5,DDDADFA9-07A1-4C69-AB86-74BADE5E3EAE,4BC2D119-3C92-4B84-9745-2B89095A22AE,NULL,Ea,0,14,NULL,NULL,NULL,NULL,NULL,Ea
1585FCBC-D134-4BE6-B2D1-0608E53D14D7,90696433-8CE0-4727-B1BB-F5C22F131E52,DCB43726-B566-42C5-BD4C-9028F8894E6A,57-1430-RED,Ea,1,14,NULL,90.3499985,NULL,NULL,NULL,Ea
A473479C-1BFC-45A8-A372-0609EE9D5FDF,60338DDD-0350-4642-A4DD-E4A55663D74C,77A58A29-72F0-43DF-BBAA-5A3ABA788BF9,KT09105BK,Ea,1,14,NULL,29.9600000,NULL,NULL,NULL,Ea
2E56E633-394F-4CC9-8EFF-0610A1289836,FC6DC5A1-E07D-4844-8D8F-8511965ACFA8,6D74FBB2-3DDB-4222-8B04-BF3E3F51A85E,10PPDP-025,Ea,1,14,0.4440000,0.4440000,2025-04-15 00:00:00.000,100.0000000,NULL,Ea
EDCACBF1-8910-4B4D-9BBF-061DA9A32EEE,C571FF77-CD2C-4842-9338-53FE38B23EE4,5473BCE2-F2C2-4BC2-84BD-EF12DD2977A4,202014,Ea,1,14,329.1800000,329.1800000,2024-02-09 00:00:00.000,1.0000000,,Ea
B6194464-9054-423F-B866-062201BCB180,FAC87D45-F9F2-4BC8-9862-FE2BB5C84C64,437CE1EB-8E26-44EC-9EFD-D66F12B38B14,74451-35050,Ea,1,14,10.5900000,10.5900000,2023-12-18 00:00:00.000,1.0000000,NULL,Ea
B3D93CD5-FD70-4FAB-97B0-06287994576C,95F8938E-B353-4077-B2B9-F9511B55FEEC,C77D5086-B2A4-451D-89AB-27639DE772B7,turTS-0205-1300,Ea,1,6,NULL,223.8500000,NULL,NULL,,Ea
1D413549-8DC0-4C6D-8BF3-06343590ECF6,58300C42-0B1A-43DE-A2E0-2C9DE2D92229,7C91567D-EB42-4DA4-8F05-EFAB871DF672,186083-KIT,Ea,1,14,42.0200000,42.0200005,2024-01-02 00:00:00.000,1.0000000,NULL,Ea
A56258A5-481E-4478-AE65-063E34D07245,A33A2B2E-8470-45D0-ACC6-EDB4DC98E2EA,5E25B22B-1C77-4B98-814B-2245575D9353,8.4102G,Ea,1,14,73.5280000,73.5280000,2025-02-18 00:00:00.000,5.0000000,NULL,Ea
D1159F5E-D1B3-4FF2-B575-06411E8201C3,5849685E-C248-4599-811A-B01F14942A35,421E2116-C20F-4CBB-8002-01D045427424,EXP76407P,Ea,1,14,NULL,96.2700000,NULL,NULL,NULL,Ea
0CD05568-847F-4AA0-9DDD-0645F86A9D7A,52BD45E3-301B-4F88-987E-C6DD6CE8263F,99DF82E6-4A76-41F7-917C-FCBBCDECC9DA,NULL,Ea,1,14,NULL,11.4500000,NULL,NULL,NULL,Ea
A61D1E75-A2DF-4173-9A64-064F3A625FB7,F577F044-9E8D-42B2-B5FF-FB3BA0F4DE1C,461A1278-2076-4BC9-BDC8-0BE1215900B9,,NULL,0,NULL,NULL,NULL,NULL,NULL,NULL,NULL
58EF8099-D622-4F78-996D-065255C181BB,2EF435A0-1A49-4C3C-A4F0-2A313DFF0CF5,119C42C6-7493-45B2-A683-2EFD76885005,NULL,Ea,1,14,NULL,NULL,NULL,NULL,NULL,Ea
E05AE591-3AB0-4778-A767-0654B7E41DF0,853281D6-1F20-4018-878F-F01A43396910,050255AD-57C7-4949-BC97-8673C1D4D148,NULL,Ea,1,NULL,NULL,NULL,NULL,NULL,NULL,NULL
5BF78DB8-3CAB-493E-A19B-06563F42FD8B,486C0735-0B03-44F3-B37A-0DC937CDF91D,7C91567D-EB42-4DA4-8F05-EFAB871DF672,300678-KIT,Ea,1,14,NULL,1885.9300537,NULL,NULL,NULL,Ea
D5F28FDB-9225-4CB8-AAE2-0659F71B1B89,1BE5318F-9D1A-46FF-9C8B-1618AAA1F312,B2A0E072-EE8A-4B72-9B06-8A9A2A7D071A,POLIVN3780,Ea,0,14,NULL,NULL,NULL,NULL,NULL,Ea
378BF308-6EA7-4950-9333-065EE2F7FC38,CE379D0E-DCE3-44F4-B145-122CD2EC643F,C61491E7-DB20-4B8B-8E7D-4970241B7A53,NULL,Ea,1,14,NULL,2.0000000,NULL,NULL,NULL,Ea
45EFA95B-7027-42BE-ABE0-066100C45A48,2EDC6E90-18A0-4862-BE53-C73C6A44A093,61B34861-7735-4F09-9781-DB54F8D2530E,NULL,Ea,0,14,NULL,NULL,NULL,NULL,NULL,Ea
C4F40924-F65C-4E24-87C2-06617FAD50A5,36E35826-D775-4E8A-99B0-04CF3ECA13C0,437CE1EB-8E26-44EC-9EFD-D66F12B38B14,23280-62030,Ea,1,14,116.0700000,105.9800000,2024-10-21 00:00:00.000,1.0000000,NULL,Ea
DE4949A2-298B-4730-8220-0664AF69C704,E9B4C493-180B-4776-B94B-213BE2E749E1,32AA8D0E-A0ED-4E4C-993A-AB566C347E88,,NULL,0,NULL,NULL,NULL,NULL,NULL,NULL,NULL
1F1E1909-EB07-4A6D-A84C-0664F60CA0DC,7DF830C0-58F0-4A24-B2E4-29D381A45D4D,7C91567D-EB42-4DA4-8F05-EFAB871DF672,120209-1-KIT,Ea,1,14,NULL,44.1899986,NULL,NULL,NULL,Ea
13AF3E87-ED69-4ADA-9FC2-0670B3F01C75,EBA7432E-9B92-45E1-ACD7-9CE1BF02F295,AA0F3D51-3906-450A-AD9E-68C5FBE8D4AD,SS526,Ea,1,14,NULL,14.4429998,NULL,NULL,NULL,Ea
9A080B9D-56A6-40BF-A986-0670E1941C3A,BD564AB0-2BAB-49D1-B9CB-A8A0D39931B9,8888D6F9-75E4-4B07-9E4B-700B06FE9043,8920,Ea,0,14,NULL,90.3000000,NULL,NULL,,Ea
C3AA245C-0044-4DBB-9619-0677435EA311,ED53BD94-C6A7-49A0-8B12-A976B989D2D5,AA0F3D51-3906-450A-AD9E-68C5FBE8D4AD,SECK1569,Ea,1,14,NULL,510.8804932,NULL,NULL,NULL,Ea
6116FCF4-7764-44AE-98E8-06779D0833B4,121153C4-0385-42F4-B007-901AA78F5444,A29ABB64-93BC-400C-A871-E48D86D344F0,NULL,Ea,1,14,NULL,169.2000000,NULL,NULL,NULL,Ea
9E972442-2F1E-4DA8-80D8-067A15CD66B4,3A20CC85-80BB-411D-B123-D932F1B598D3,E38F88D1-E515-42BF-AD4F-17F97CE8DF70,Lc1tacof 5.29,Ea,1,14,NULL,356.4900000,NULL,NULL,NULL,Ea
3EA26B4F-15BE-4DB8-8568-067B1D8BD22F,2924265D-540C-40B5-9558-A36548B646BE,B3284961-BF3F-473C-9378-693EEB31B41A,LUC-10063,Pk,1,14,113.0000400,113.0000000,2025-02-10 00:00:00.000,2.0000000,,Pk
A42789DE-12A4-460F-998A-0681E7F6586B,891C7C21-E430-46D8-9792-AA6D4A81C59A,6D74FBB2-3DDB-4222-8B04-BF3E3F51A85E,#10SSCCP-0250019,Ea,1,14,NULL,0.0423000,NULL,NULL,NULL,Ea
7F58BCA7-BA4E-4539-B9AA-0682499CBCD1,69766564-D74E-4746-80A7-246E00732E10,437CE1EB-8E26-44EC-9EFD-D66F12B38B14,13753-6B090,Ea,1,14,13.2100000,11.9800000,2025-03-20 00:00:00.000,4.0000000,,Ea
06D98EF2-BDAE-4AF9-8206-0687050013F8,0D82CC9C-23CA-48B3-B63F-E09D6F2DEA87,F7AFC18C-77EF-482C-98D3-3A4455E8A49C,70482542,Ea,1,14,NULL,27.0400000,NULL,NULL,,Ea
B47D3FA9-B489-4A60-BF72-068C5014A18C,D67D8688-C573-4043-96E3-F09E3434E1EE,77A58A29-72F0-43DF-BBAA-5A3ABA788BF9,KU11001,Ea,1,14,NULL,3.1200000,NULL,NULL,NULL,Ea
EEF96435-CA43-450A-B7BD-06936880514A,3AD6D7ED-4EB2-4606-83F6-12111724CEA5,4440C73C-81A7-415F-8A30-21B827BC41D5,140 X 02 X 117,Ea,1,14,NULL,5.9300000,NULL,NULL,,Ea
442AA17A-24D4-4CCF-9ACC-06979066FA22,86DE37AE-3653-4A13-AC31-5369929BD5F3,7C91567D-EB42-4DA4-8F05-EFAB871DF672,AP-307338,Ea,1,NULL,NULL,1459.2700195,NULL,NULL,,NULL
49AF0BA5-4287-4B33-BA75-069E5780E0C9,C2924EBA-540B-477E-B474-F1E64D16556F,6171E136-0B47-4D45-B620-ECE6DA1C89E1,TR340,Ea,1,14,NULL,1518.4000000,NULL,NULL,,Ea
D2CE4F4A-22F3-424C-9B04-06A2D2973FCE,40C4EC30-1494-4CAB-930A-1359EB312D5F,DCB43726-B566-42C5-BD4C-9028F8894E6A,57-1785-BLK,Ea,1,14,NULL,78.6500015,NULL,NULL,NULL,Ea
CE4D68B2-C18C-45D7-BB96-06A4207F6BBE,E4261061-01EE-4305-A791-1531D30802F1,F7AFC18C-77EF-482C-98D3-3A4455E8A49C,67443002,Ea,1,14,NULL,0.0460000,NULL,NULL,NULL,Ea
8AEA5109-A085-4B0D-BA93-06A6D1F141EC,5E1E689A-9249-49F5-BF39-4FAD10706928,B2A0E072-EE8A-4B72-9B06-8A9A2A7D071A,SPR-TC25S-16,Ea,1,7,112.0325000,124.4800034,2025-04-09 00:00:00.000,4.0000000,NULL,Ea
A6C6215C-EA57-4051-BDA0-06A83907A670,0E63A074-912E-44CF-856B-2D9B0C74C80A,437CE1EB-8E26-44EC-9EFD-D66F12B38B14,13753-74270,Ea,1,14,10.8800000,10.3700000,2025-03-19 00:00:00.000,16.0000000,NULL,Ea
E5135667-64C7-4A53-B438-06AA037BB4AD,9E201F02-891B-46A3-A021-AE076B8B525A,461A1278-2076-4BC9-BDC8-0BE1215900B9,2C4776-4,Ea,0,14,NULL,129.8743027,NULL,NULL,NULL,Ea
D22623CB-52F5-4E20-B281-06C44E458EC9,991B5604-6D2C-4FC6-A259-09D97AB3B42A,E0D892B0-9F3A-4374-9862-6C2925FB8C9F,NULL,Ea,0,14,NULL,NULL,NULL,NULL,NULL,Ea
6FC4F750-79EE-4075-BC0E-06C70F3963E4,2D8ED8AA-5014-468B-82DD-DE8520250AC7,75E066E8-966A-4881-AE1D-8B25AE5EC77E,779-8006,Ea,1,5,NULL,44.6500000,NULL,NULL,NULL,Ea
DA709E57-1AE0-4EDA-8F0D-06D99E2B060F,FFB7CDFE-DAD8-4743-9C36-21216B28C4BE,070F8B68-60B2-4F5D-9BDA-D617B40789F4,44-5001,Ea,0,14,NULL,677.8400000,NULL,NULL,NULL,Ea
2EE8B95C-A112-45F9-9DAC-06DCA05AAE0E,491BFAC5-E5D1-4C85-986B-AFA7A9C1DB53,8888D6F9-75E4-4B07-9E4B-700B06FE9043,BR15-099-S,Ea,0,14,NULL,28.0028004,NULL,NULL,NULL,Ea
643E7930-6A8F-4D4A-B32A-06E7185EE023,B54B8705-AECA-432B-BA2B-71A04292A0DE,4E7FEB53-859A-49CE-9B03-6967DD8D377B,01-90-40-009-BL,Ea,1,14,NULL,5435.7500000,NULL,NULL,,Ea
34FBB8DB-1E30-4A9F-9885-06F2D2C5F25C,AD7A899E-6B42-4B32-AF8A-C913DBEAFEAD,070F8B68-60B2-4F5D-9BDA-D617B40789F4,69-5076,Ea,0,14,NULL,249.9500000,NULL,NULL,NULL,Ea
56AF670F-33BB-4905-93DD-070AD1A294F8,1605BF0F-EB16-4342-8FAE-0B2694088E90,AA0F3D51-3906-450A-AD9E-68C5FBE8D4AD,FB-1544,Ea,1,14,NULL,130.3300000,NULL,NULL,NULL,Ea
CF176646-471C-4986-AC9F-0717A6241DF7,413A2118-EADD-49A6-A127-1FA7EA203F32,8888D6F9-75E4-4B07-9E4B-700B06FE9043,MI15-744,Ea,0,NULL,NULL,NULL,NULL,NULL,NULL,NULL
41A3FFED-B59C-4E99-B21A-0719DAA5B5B5,2FBB8083-F258-4AB3-BEFE-21AFBE40219A,B2A0E072-EE8A-4B72-9B06-8A9A2A7D071A,POLIVN-3880,Ea,1,14,NULL,19.4099998,NULL,NULL,NULL,Ea
0E672E8D-F6BC-4B62-9705-071A688FE643,C031F53E-6C46-419E-9FB9-0859E90FA64D,6DD14797-C831-4227-A049-176CE9F17093,CT20-2-435-054,Ea,0,14,NULL,NULL,NULL,NULL,NULL,Ea
E5180A9D-D5BF-4277-84D1-0729BA53E7E2,4027201C-E7A8-4BA4-9B3D-606F35BFB1E4,AD7C3F1C-FF41-484C-BB28-4A2C3B5F26BC,,NULL,0,NULL,NULL,NULL,NULL,NULL,NULL,NULL
1A2741D0-E902-460C-BC4A-072C64F1AE91,4FC99282-DB0F-435C-80F5-663E5891A0A6,75E066E8-966A-4881-AE1D-8B25AE5EC77E,WTC1001,Ea,1,5,17.7200000,17.7200000,2024-01-09 00:00:00.000,1.0000000,NULL,Ea
1D5181A8-BF88-4B4B-9231-0733CD22261F,FB369644-25F8-43BD-89FF-CF7639500B25,DC1AAC1B-9781-4090-AF41-A2F4218A8C3B,0280150201,Ea,1,14,NULL,49.0000000,NULL,NULL,NULL,Ea
7DC206A7-3020-4644-BEA2-073EF12275B2,2AEBF0A7-E66E-4502-9D18-0F66F6FDDF1B,B44F749D-0619-4344-A081-BCFFFB1226E7,SNP-RZ-750-A,Ea,1,14,2177.8800000,2177.8800000,2025-04-18 00:00:00.000,1.0000000,,Ea
A7DCC36F-B321-4433-A56A-0746D9B302D7,C8B62C78-70C0-4367-BEB4-57D34B808D90,7C91567D-EB42-4DA4-8F05-EFAB871DF672,110146-1-KIT,Ea,1,14,NULL,60.5000000,NULL,NULL,NULL,Ea
67DE9D6F-3C28-48A2-ACB5-0747E8135B61,2F14DF27-D585-4613-A412-E36737E673EB,E75C05B6-0E14-4E40-9DC9-D3FFDE37D3DA,NGK 5238,Ea,1,6,NULL,3.4700000,NULL,NULL,,Ea
925EAD43-7E37-4C9D-8E4A-074843974D38,252B0588-403B-40AD-97BB-9F14B755E85B,6AC980C4-6CD7-46C0-B8E3-0F8EC945D787,THY-550Y-C,Ea,1,14,NULL,353.0000000,NULL,NULL,NULL,Ea
17CC01EC-F0A0-431A-9258-074BA9BC0852,6DB23279-20B7-48FF-B02B-FC4B2089550B,EAB3D033-3B77-42EE-AA7E-E149CA540D10,7036K77,Ea,1,3,NULL,7.4000000,NULL,NULL,NULL,Ea
6006A4D0-8C29-4C8E-900D-074BFA7B1619,E8BA5061-0EC7-4433-82BF-8D8130413E02,E38F88D1-E515-42BF-AD4F-17F97CE8DF70,YDATV6-411YGL,Ea,1,14,NULL,1185.0000000,NULL,NULL,,Ea
7919F468-84AB-4EB6-9204-0751AB8789B3,F2CF043E-37DD-404D-9732-FD04949895E2,5D8B1CD3-8F5A-460A-B3FA-E399242AD18F,0582415,Ea,0,14,NULL,87.9900000,NULL,NULL,NULL,Ea
81EE4476-DE1D-4A5B-9724-0756AF0731D6,3D77A8D7-6FCF-4285-BEA9-8424F1167917,B3284961-BF3F-473C-9378-693EEB31B41A,PWT-1610-LR,Ea,1,14,NULL,298.0000000,NULL,NULL,NULL,Ea
66ABA861-423A-48E2-B12D-075A32DB527F,1BE5318F-9D1A-46FF-9C8B-1618AAA1F312,2249B44C-A1BC-4063-89C2-C7BF58AF0123,NULL,Ea,0,14,NULL,NULL,NULL,NULL,NULL,Ea
8C53F57E-23F5-473B-AD41-075D40A00F69,B2767B7C-02CF-42F8-B3A2-D64C04B9A0C4,F7AFC18C-77EF-482C-98D3-3A4455E8A49C,42178277,Ea,1,14,NULL,90.4600000,NULL,NULL,NULL,Ea
5807E3DD-07E5-4654-8A35-075EE9857D9A,6E3556D2-0159-40AF-BEF0-7D8BBA23383B,DDDBC990-EB4D-41A3-8E80-83F44251A579,842-12133,Ea,0,14,NULL,30.7200000,NULL,NULL,NULL,Ea
55C887AC-C53C-4DF2-82FD-075F06DD7587,076F0A06-9284-4E8A-BAE6-F97A8E81FC4E,835FB8B3-624C-4D18-BE83-6C50762C244B,702-DC9-2,Ea,1,6,75.7900000,75.7900000,2025-03-07 00:00:00.000,1.0000000,NULL,Ea
9EE694DD-032C-4B65-873B-075F1DC1978B,6137520F-C412-4EFF-978A-494FEDC925F5,F120E7D9-2198-402A-B297-06A9F53F37F7,ARV1-35030/22230-35030,Ea,0,NULL,64.3500000,64.3500000,2023-07-28 00:00:00.000,-20.0000000,,Ea
DDA3EF80-ECEA-4012-A413-076138E29024,2803BAC1-AD1F-4745-946B-46C7A33C8D27,35E1B34A-DBBB-46BC-B79B-550C86F087E1,69-5015,Ea,1,7,NULL,374.9600000,NULL,NULL,,NULL
95157A69-C346-4889-848F-0764A2084229,9A113394-FFEF-4515-AB21-7C8B88D32CFE,4689A645-9981-499A-98AA-AC816875A31C,JOB #171105 W/MODS,Ea,1,14,719.0000000,719.0000000,2024-11-06 00:00:00.000,1.0000000,NULL,Ea
6AF6709B-83E3-4530-938C-078222910865,6A89B257-E076-47A2-85CA-4E8459C6B27F,AA0F3D51-3906-450A-AD9E-68C5FBE8D4AD,BM15-063-S,Ea,1,14,26.2925000,26.2924995,2025-04-08 00:00:00.000,8.0000000,NULL,Ea
D21698CD-EDEC-41FA-98EB-0794DB116C9B,0D11FCC2-6469-4FDA-9690-1CE85C966620,59D4D413-6860-43A9-9105-7558343F7E18,MC4RTG,Ea,1,14,NULL,129.4600000,NULL,NULL,NULL,Ea
FCEABFAD-2CEE-4E58-A3E1-079EE3A36F47,DD32803C-99D7-44A8-9000-63316BA9ECE4,F84EAA5F-A818-4A3A-A9A7-A9C84D1C9118,NULL,Ea,1,14,52.4900000,48.4900000,2025-04-17 00:00:00.000,3.0000000,NULL,Ea
EEF27FD0-786D-46D9-82E6-07A692CCF9BD,36355E62-6F9B-4E41-AFAC-23454B0A8420,8D06AA0F-E18E-4A8D-854A-B36FA641F317,WW52EM88A,Ea,0,14,13.5700000,13.5700000,2025-01-21 00:00:00.000,20.0000000,,Ea
F76A3635-2D95-4C8D-9327-07BA07C7CFD5,F6DD3D87-A99E-4365-9569-E037F8CADCE2,D258A5D9-FBCF-4BD7-92FD-086A22E28BDF,C56010-275-ES,Ea,1,14,NULL,31.0000000,NULL,NULL,NULL,Ea
4A7D05F3-49BB-4C0A-A3B4-07CA4B9C855C,064FC88B-5B74-4BE8-82B7-A3794245BEE7,5B861F38-C838-474C-BBA4-E0ACA96862FF,ER2-DMS,Ea,1,14,NULL,23.2000000,NULL,NULL,NULL,Ea
FC187ABB-9BF9-4164-B6B7-07D6C26FCA2A,D82A1516-DE2C-44FF-8D47-7098DF656B61,421E2116-C20F-4CBB-8002-01D045427424,EXPK5057B,Ea,1,14,NULL,858.2700000,NULL,NULL,NULL,Ea
2A56531B-EC98-4FCA-855A-07D7A53FC03B,EE182160-928C-461F-A3D9-D1CE8D9898D8,6D74FBB2-3DDB-4222-8B04-BF3E3F51A85E,10BHFP0190025,Ea,1,14,NULL,0.0334000,NULL,NULL,NULL,Ea
B9C1289E-C41B-471D-9781-07E282F7AD13,5C0E671D-CC10-4155-8CC7-7F919E64EAD5,4BC2D119-3C92-4B84-9745-2B89095A22AE,59927616,Ea,1,14,NULL,31.5200000,NULL,NULL,NULL,Ea
7FCF786F-F06F-4135-AA53-07E706E1A6A4,533D3E98-F1D9-4439-B331-E4F1B6A21E18,59D7D386-B3A6-4230-A30A-D789A279B2C9,LC007-HDSC,Ea,1,14,267.7500000,267.7500000,2025-04-04 00:00:00.000,1.0000000,NULL,Ea
55922979-1873-415A-9A1E-07F846A9F161,7FA8AC04-9114-4488-8E57-C036A2A4A72A,C77D5086-B2A4-451D-89AB-27639DE772B7,exe16058,Ea,1,6,83.8600000,83.8600000,2025-04-17 00:00:00.000,1.0000000,,Ea
4FF1096A-2CAB-4493-9AE9-0805017A9E52,4BA72632-6A11-4262-8BDE-B5A6768C64C2,C77D5086-B2A4-451D-89AB-27639DE772B7,vicMS16240,Ea,0,6,6.3000000,6.9000000,2024-05-06 00:00:00.000,40.0000000,,Ea
581C1186-C401-462B-97A9-081029F1F758,B238D2C4-F142-461D-8137-EA5550833C11,437CE1EB-8E26-44EC-9EFD-D66F12B38B14,NULL,NULL,0,14,NULL,NULL,NULL,NULL,NULL,Ea
DE8124E9-1ACE-4E1C-A013-0830261D5722,F90255AD-3336-462B-B023-E6A5A0809AF4,FF7211A3-33C2-4F26-81CA-990E1F87AC5A,S-22480,Ea,1,14,NULL,69.0000000,NULL,NULL,NULL,Ea
82FD8088-ECA0-441A-A50F-0831D3854665,320A284C-4AEC-4A21-BD65-2742FF86B714,7C91567D-EB42-4DA4-8F05-EFAB871DF672,NULL,Ea,1,14,NULL,NULL,NULL,NULL,NULL,Ea
13345ACF-2E52-423D-AF66-08327FB0D618,3989EE94-6FEA-4FBA-A2ED-409A89DF7457,119C42C6-7493-45B2-A683-2EFD76885005,NULL,Ea,1,14,NULL,0.3300000,NULL,NULL,NULL,Ea
9E40FE42-0553-428B-A637-0837DEC5852E,D944F785-9E47-4459-BA40-D0B83BDAB72B,8888D6F9-75E4-4B07-9E4B-700B06FE9043,SP570-S,Ea,0,14,NULL,NULL,NULL,NULL,NULL,Ea
14295163-42EA-45E8-9D73-0839787373BD,0E99FDE6-D71C-4670-9D70-615B28C6EB39,FE5FBF2E-DD4B-45EC-9420-A675FAE34A13,MP4020-4,Ea,1,14,NULL,131.8000000,NULL,NULL,NULL,Ea
C148BC79-93B8-4638-B51E-083AF49624BE,50E005EE-A131-4ECD-B2E4-27DBAA6DBFAA,6171E136-0B47-4D45-B620-ECE6DA1C89E1,TR.1520,Ea,1,14,NULL,273.6000000,NULL,NULL,,Ea
95F4A3EB-79CC-4F9F-B94A-083B613F6A3D,A6204971-571C-4A0C-B16E-8231D8E0F275,C09DCA4C-AEC5-4667-8114-64A0E7FDCE08,NULL,Ea,0,14,NULL,NULL,NULL,NULL,NULL,Ea
DFD804D8-6B14-4E2C-B28F-0840BF5F8290,552CFFD5-E8A9-4A94-AE8E-8762F2C55D3F,C61491E7-DB20-4B8B-8E7D-4970241B7A53,1032014,Ea,1,14,0.9000000,0.9000000,2024-10-30 00:00:00.000,102.0000000,NULL,Ea
E9F57157-05DF-4971-8C54-08429CF0A00B,1FD17838-A893-4C3A-B022-D48421BA53DA,7C91567D-EB42-4DA4-8F05-EFAB871DF672,300774-KIT,Ea,1,14,NULL,29.9799995,NULL,NULL,NULL,Ea
FCD67DD7-ED64-45E8-9382-085A0A55F90C,2EDC6E90-18A0-4862-BE53-C73C6A44A093,23AE7D68-9529-41C7-9079-BC1816C384B8,NULL,Ea,0,14,NULL,NULL,NULL,NULL,NULL,Ea
4B506743-2DDE-4D6E-A324-086009191EE9,8692B5C6-AD3B-41C5-A160-5E693A3D69A4,D1BDA443-BD84-4B9D-8D48-7DFFF0CB56EA,NULL,Ea,1,14,NULL,NULL,NULL,NULL,NULL,Ea
56B84F1C-F1F0-45AC-A063-086537EAF987,E0B36EA4-86FD-48CE-94A7-733B88849065,437CE1EB-8E26-44EC-9EFD-D66F12B38B14,NULL,Ea,0,14,NULL,NULL,NULL,NULL,NULL,Ea
37C4ABCA-0E56-4463-BD3C-086FD81D6CEB,0FA13556-C3FA-4E54-98F1-5E5A9C6C25BB,E75C05B6-0E14-4E40-9DC9-D3FFDE37D3DA,TX12,Ea,1,6,47.2700000,42.2700000,2025-04-02 00:00:00.000,4.0000000,NULL,Ea
2795DD12-79CE-4F19-A8B2-087384C39888,A892DB16-BB42-454B-917F-2DD75C69B7F9,8888D6F9-75E4-4B07-9E4B-700B06FE9043,MS16270,Ea,0,6,NULL,9.3800000,NULL,NULL,,NULL
A4A65A04-F22A-4380-AC70-08769AA8CEC9,C67F49AB-FDE9-4DEE-9820-F0FB5BA779B8,835FB8B3-624C-4D18-BE83-6C50762C244B,,NULL,0,NULL,NULL,NULL,NULL,NULL,NULL,NULL
E3CBEB92-EF89-4A8B-9062-087B967D7375,4585AEBF-2046-4F09-8494-3539AF9DD7AC,7C91567D-EB42-4DA4-8F05-EFAB871DF672,180190-KIT,Ea,1,7,30.5600000,35.1399994,2023-11-09 00:00:00.000,1.0000000,NULL,Ea
9DDC70A5-42D4-4D17-A426-087C434903EC,F8A7B342-B245-44DF-8126-503A82AFEBC2,7C91567D-EB42-4DA4-8F05-EFAB871DF672,140316-1-KIT,Ea,1,14,NULL,1070.4499512,NULL,NULL,NULL,Ea
C9226EDA-E576-4C84-918D-087E4E183261,D8F987AE-BA43-40DD-8F9C-7850BD0BD588,7C91567D-EB42-4DA4-8F05-EFAB871DF672,183001-KIT,Ea,1,14,NULL,15.5799999,NULL,NULL,NULL,Ea
A6468FB8-69BE-4294-A78B-088A5E207E2C,C9168C59-8FA0-47EE-9F20-82BE885E1392,5E25B22B-1C77-4B98-814B-2245575D9353,8.2108G,Ea,1,14,38.7100000,38.7100000,2024-09-13 00:00:00.000,4.0000000,NULL,Ea
FFDB5F62-1797-4E2A-B2C0-088B8E74005A,C47EC9F7-8BED-4D03-8F51-3C46F69492B0,F7AFC18C-77EF-482C-98D3-3A4455E8A49C,00499343,Ea,1,14,NULL,14.5400000,NULL,NULL,NULL,Ea
B7CE7004-4E2A-480F-8C17-088C14170C9C,E7EC15CE-2892-4DF3-89B1-62D00FD31F26,C4E43194-0616-464E-8726-85B7C7A49B38,TS-0205-2002,Ea,0,14,NULL,5.8100000,NULL,NULL,NULL,Ea
2C900A67-029A-42EF-9477-0896ADE1A795,C031F53E-6C46-419E-9FB9-0859E90FA64D,14D4F9E5-384C-49AB-B1FA-30E117E027AE,262536900969,Ea,0,14,NULL,15.9000000,NULL,NULL,NULL,Ea
8D23E842-0CDE-48B6-B43C-0896B6A34A36,9BFDE53D-7C29-4F47-99AB-3A0229C9FCD0,8D06AA0F-E18E-4A8D-854A-B36FA641F317,0411235330,Ea,0,14,NULL,89.0300000,NULL,NULL,,NULL
F1516766-E0D3-4F3D-91C6-08A27FA2871F,3EB20562-9158-439F-8C97-C0D1F7D49763,1EA040DF-553E-4F8C-9E1B-D1874BD7CBC0,825-916x212x7,Ea,1,14,NULL,10.0500000,NULL,NULL,NULL,Ea
989EDCEB-BFE9-4062-9F14-08A2A0B8D646,3B90AD98-A65A-4AE6-A6F7-D3F85B49DB9D,C77D5086-B2A4-451D-89AB-27639DE772B7,mag11225,Ea,0,NULL,NULL,90.2300000,NULL,NULL,,NULL
DB77ABE9-7425-4C92-9A2C-08A4C0DEE5BA,5743DDAD-F706-4AC6-98B8-10A51763F9ED,7C91567D-EB42-4DA4-8F05-EFAB871DF672,111356-1-KIT,Ea,1,14,NULL,2093.0800781,NULL,NULL,NULL,Ea
22102325-547F-4A2A-B0FA-08A64CF9AB2E,3172BB7D-B122-4EBD-8412-9500618424D8,79A0357E-1069-4CE4-9B0F-431264AFE93C,PP-8011550,Ea,1,14,NULL,1.8800000,NULL,NULL,NULL,Ea
87493A30-DEDC-4E81-9405-08A8FEE89150,2180006E-3C59-4F46-9C4C-25FBA360FABD,A29ABB64-93BC-400C-A871-E48D86D344F0,516 114 Lobe Center,Ea,1,14,334.7500000,334.7500000,2024-12-20 00:00:00.000,3.0000000,NULL,Ea
4570CD11-DCA9-4708-B533-08A9FC7131E6,5BDE7B50-1F62-4265-8DAE-D153EBE98BDC,72A4F6BF-FDCD-4DC8-9A19-A26988DD3C70,5180-3XL  Black,Ea,1,14,14.5500000,14.5500000,2023-05-09 00:00:00.000,6.0000000,,Ea
76383FF0-6AFD-4B61-9FD5-08AB2F08CE44,4AA9E3D8-A09E-4D49-A070-73DF5E481FA6,D52F1F4A-A2A8-4BFD-B26C-30E5F8BF28A1,NULL,Ea,0,14,NULL,NULL,NULL,NULL,NULL,Ea
24822F5B-272F-41A8-8A4A-08ABCA0DE6C8,8DE557B7-5ABC-4B7D-AFC0-C1B281AC3EFD,7C91567D-EB42-4DA4-8F05-EFAB871DF672,130281-1,Ea,1,14,NULL,344.8599854,NULL,NULL,NULL,Ea
DF5A50CB-CA9D-4D43-8DF7-08B27CB510B8,363ADC84-5925-4906-8478-C56EE318AA23,AA0F3D51-3906-450A-AD9E-68C5FBE8D4AD,SP570-4,Ea,1,14,88.7600000,88.7600000,2025-03-26 00:00:00.000,1.0000000,,Ea
A49F37D6-DA59-4501-ADD3-08BB12D5EC1A,58D09DA9-2ECC-47B4-AB87-E5B502177900,AA0F3D51-3906-450A-AD9E-68C5FBE8D4AD,SPRM544DR/L +.020,Ea,1,6,133.8600000,133.8600000,2025-02-21 00:00:00.000,1.0000000,NULL,Ea
57ABC08F-47E2-4E50-907E-08BF1FAD2FD6,80CA93C4-3332-4E26-B69C-0141F7CA5F6C,C77D5086-B2A4-451D-89AB-27639DE772B7,turTS-0502-3002,Ea,1,6,NULL,15.1300000,NULL,NULL,,Ea
F1A6EA34-FF54-405B-984C-08BF29188689,7B9D1CCB-569D-4B7F-B99D-BA5EB9CD9824,7C91567D-EB42-4DA4-8F05-EFAB871DF672,140288-1-KIT,Ea,1,14,NULL,1070.4499512,NULL,NULL,NULL,Ea
EC2D917A-5AD4-4721-98E4-08C30D7CBBFC,B5716563-E9E3-4649-8CA0-708786EA6A94,7C91567D-EB42-4DA4-8F05-EFAB871DF672,180303-1-KIT,Ea,1,7,441.9500000,508.2399902,2023-04-04 00:00:00.000,1.0000000,NULL,Ea
783474F4-B477-4909-87C5-08C50F4B8B8F,8EAC71FD-81EE-4266-A462-864DCD8703F7,12DADE6F-2D23-4720-A331-D4794D4087A8,8900,Ea,0,14,NULL,11.1200000,NULL,NULL,NULL,Ea
0D5609C5-44AC-463F-8614-08CC367A222E,683DA75B-0CD3-4F56-8C97-D68F2BE728B9,DCB43726-B566-42C5-BD4C-9028F8894E6A,57-1766-BLK,Ea,1,14,NULL,91.0000000,NULL,NULL,NULL,Ea
DCC22196-7A4F-4295-8956-08D079F87E5A,08B005C7-8763-4060-B6A3-76534D496999,AE0B3663-3DA2-4BA6-B68A-022055E4A336,,NULL,0,NULL,221.7800000,221.7800000,2023-07-20 00:00:00.000,18.0000000,NULL,Ea
5652C050-F066-4D28-BDB5-08EB5702C88A,E659AB4B-272E-49FA-8FBC-D24EC2FF7447,4689A645-9981-499A-98AA-AC816875A31C,1014094C,Ea,1,14,NULL,459.0000000,NULL,NULL,NULL,Ea
BF2C6661-7D47-457F-A26F-08F2A9CE4A56,CD6349BB-E694-4BB3-B623-0A0EAE1D43AD,FC61A6ED-48EC-46A4-9BDB-194D9C567694,181,Ea,1,14,25.8800000,25.8800000,2024-07-01 00:00:00.000,2.0000000,,Ea
4E9B0D2A-FE30-4FAF-B057-08F33803D17D,C9AA72B4-6C77-476F-8A55-A44A44ED61CF,D52F1F4A-A2A8-4BFD-B26C-30E5F8BF28A1,09-41511,Ea,0,14,NULL,13.0800000,NULL,NULL,NULL,Ea
E6327F3A-3C16-41B7-A8EC-08F645F04247,D7B1785A-8A9D-47C6-8DB6-C51DBEDE95ED,ACE4210B-59D6-4855-A219-08CD158EDE44,40-9003,Ea,1,14,NULL,367.8000000,NULL,NULL,NULL,Ea
713DCE9E-760A-4F2F-B300-08FB895940B1,C130A4F0-7B96-462C-AC5E-D77A398AACD4,835FB8B3-624C-4D18-BE83-6C50762C244B,73401 SIZE 1.95,Ea,1,6,NULL,3.4100000,NULL,NULL,NULL,Ea
3D487C15-31F5-4901-BBC8-08FE74BFAD84,5105EB14-5428-478A-9889-AE4F9850A0F4,DCB43726-B566-42C5-BD4C-9028F8894E6A,57-1430-BLK,Ea,1,14,NULL,90.3499985,NULL,NULL,NULL,Ea
F830E5CE-D4D3-4D72-A2EB-09077CDC57AB,98A7FC5E-9CF5-4333-BC67-CA5A63A8DD2C,F1C98F45-91C7-4B0D-A69A-AF3189F1E5A9,12-804,Ea,1,21,40.9500000,40.9500000,2025-04-10 00:00:00.000,20.0000000,,Ea
345FDF3A-34BF-4204-A59C-090A98F9A6AE,FE097B78-8DFE-485C-93DA-03FFB9BBE438,79A0357E-1069-4CE4-9B0F-431264AFE93C,LCE-105-5133,Ea,1,14,106.1200000,106.1200000,2025-04-04 00:00:00.000,2.0000000,NULL,Ea
4D43D1F7-76FD-4B4A-B0F6-092A7B886DB0,0EEDCE67-C9CB-424A-BD83-8100348EC0B3,7C91567D-EB42-4DA4-8F05-EFAB871DF672,AP-310173,,1,NULL,NULL,678.1699829,NULL,NULL,,NULL
A04D4162-6E81-4FF4-832B-0934F9D4601A,CB086843-A8C0-4675-AE0D-41CBFE16A0B5,DCE73E57-59A9-4BFB-8163-F2C0B0B7A688,9010051,Ea,1,14,NULL,3.9500000,NULL,NULL,NULL,Ea
03BBB456-A12F-44DD-BD13-093B2E27065E,5A529798-CF06-43C7-97C9-ECE215C91183,18781939-C1AF-47D0-A7CB-7FDA2ADA8309,NULL,Ea,0,14,NULL,33.0032993,NULL,NULL,NULL,Ea
51A0AB9C-8B0E-4521-B5DE-0949FBCFAE4C,68F0CB8E-8A4B-4CB8-8D09-DF5F38EC3426,75E066E8-966A-4881-AE1D-8B25AE5EC77E,68602,Ea,0,14,NULL,28.9200000,NULL,NULL,NULL,Ea
FADED748-69A5-4482-AD22-094A2B6B3226,3DD180E5-BAB9-40D3-AB19-C56892B25922,D01D4974-663E-4A16-9B20-E25EF667FC16,0515TCMACTCHC0515TCMACTCH,Ea,1,14,NULL,305.1000000,NULL,NULL,NULL,Ea
C8BB1506-6FE5-41DF-844E-09513210558D,1E11D8D9-2596-4267-A715-FE892FE8F2C4,AA0F3D51-3906-450A-AD9E-68C5FBE8D4AD,BM15-066-S,Ea,1,14,38.4300000,38.4300000,2025-04-17 00:00:00.000,5.0000000,,Ea
04F63FBE-BBCB-420F-AD98-09517050AFB8,2CA2132F-26DD-4427-BD20-318DC1BCD133,AA0F3D51-3906-450A-AD9E-68C5FBE8D4AD,SPRG526-2,Ea,0,14,NULL,92.0460000,NULL,NULL,,Ea
E5B01E88-CF2C-48C3-9F6E-095C9ED0B0AB,6E0282F3-0790-4678-A8B3-D0AF7EA21880,42014BDD-9678-4776-BA8F-A8ACB699179A,"90-117 +4""",Ea,1,14,NULL,741.0000000,NULL,NULL,NULL,Ea
9494CC47-579E-4E80-834D-095D69F7CC38,3092A08B-DF38-4851-BF2E-39E21219B368,F7AFC18C-77EF-482C-98D3-3A4455E8A49C,01722065,Ea,1,14,NULL,74.9200000,NULL,NULL,NULL,Ea
98577DC7-B26B-4574-9336-095E2041A185,56BB11C8-6E7C-4D7A-B747-743D2CFE6BC2,7C91567D-EB42-4DA4-8F05-EFAB871DF672,186026-KIT,Ea,1,14,NULL,71.7300034,NULL,NULL,NULL,Ea
4781499A-348D-43ED-8AD7-095EC1DAF663,B88E937A-D89F-4D18-AA9D-53E1337C07B3,070F8B68-60B2-4F5D-9BDA-D617B40789F4,66-5001,Ea,0,14,NULL,107.7100000,NULL,NULL,NULL,Ea
1A4079C8-4685-46DF-A281-09620E1F9737,833EC295-CCD1-4EA3-91E6-67B8B7B81D07,2F3A9077-5FE1-43E1-959B-D5F402A50D42,60072 x 2,Ea,1,NULL,NULL,95.2500000,NULL,NULL,,NULL
C525F679-760C-4CE9-8022-0968B980B7AF,7C1EA722-E698-4E7B-A5AC-CE0D36C681D2,B2A0E072-EE8A-4B72-9B06-8A9A2A7D071A,VS-TS6E,Ea,1,7,0.6419400,0.7100000,2025-04-09 00:00:00.000,72.0000000,NULL,Ea
E0B77F79-65EE-4466-B968-096979F8FD23,48C2BC6D-3D12-4598-8F0E-1E8FB5FF3F6C,58F65BA9-6115-4C83-AF00-0A0A03A176FD,75105,Ea,1,2,22.2500000,18.4900000,2025-04-03 00:00:00.000,12.0000000,,Ea
FBD41294-5B1E-4750-B792-097C4B658A6C,4895D968-1A2E-458C-9E41-C34AC4E1F80B,59D4D413-6860-43A9-9105-7558343F7E18,4R-lights (YELLOW),Ea,1,14,NULL,41.6700000,NULL,NULL,NULL,Ea
263CBADC-D117-44C5-A753-09851B22439E,E5B25D74-D585-45C6-96BD-DA3D8DA73E76,437CE1EB-8E26-44EC-9EFD-D66F12B38B14,16571-35180,Ea,1,14,30.1800000,30.1800000,2025-03-24 00:00:00.000,1.0000000,NULL,Ea
50BB9825-49B6-43FE-A303-09853CF195A8,091D9B07-E799-44D7-AED5-EDCDC08DF1A7,7C91567D-EB42-4DA4-8F05-EFAB871DF672,140050-1-KIT,Ea,1,7,NULL,38.4000015,NULL,NULL,NULL,Ea
484C57D4-CC07-48FC-8EFA-0987882D5534,5E8C056C-3558-45BE-A52A-DF79126A5220,82FE7ED7-3F4E-477E-AFCF-B7B4EA36F327,,NULL,0,NULL,NULL,NULL,NULL,NULL,NULL,NULL
EF8115B0-1581-4205-8C19-098CD1C6E7A3,11784F40-B14B-4553-8085-A450EE282EC4,835FB8B3-624C-4D18-BE83-6C50762C244B,73401 SIZE 1.45,Ea,1,6,3.4100000,3.4100000,2024-07-26 00:00:00.000,4.0000000,NULL,Ea
5276224F-6A8A-4E8E-9CD4-0999D0FF5361,03ABA3C0-460A-42D1-9FE4-AD430DC134F3,5E25B22B-1C77-4B98-814B-2245575D9353,8.5102G,Ea,1,14,13.9940000,13.9930000,2025-03-28 00:00:00.000,5.0000000,NULL,Ea
B73D6ED3-C9EA-470D-AED4-099F61605845,8B4F69B9-2E72-4F70-8EDC-FB1B28A208CB,AA0F3D51-3906-450A-AD9E-68C5FBE8D4AD,PO15-M572,Ea,1,6,62.1100000,62.1100000,2025-03-24 00:00:00.000,3.0000000,,Ea
45D98164-F429-408D-8515-099FC2009D7F,E73E3869-E71B-41A9-9694-44F51A7B3CB3,78490A0D-DA09-40AF-8C4A-CC8F103B178B,AR680030,Ea,1,14,NULL,256.5000000,NULL,NULL,,NULL
0FD09414-2A1B-4505-B5F3-09A1567CA0E0,BC0DBB35-C9CF-4A4F-8D96-61A3BD07C58C,D16D9316-E1FA-4FD1-BCAF-C6F975C04F9B,GX-R 1017K,Ea,1,14,NULL,199.0000000,NULL,NULL,NULL,Ea
E3AF2D6F-F34F-4BC0-B49F-09A2E620662F,580B12BD-138E-4F99-B51A-5BF50646A331,437CE1EB-8E26-44EC-9EFD-D66F12B38B14,90080-50392,Ea,1,14,NULL,4.6100000,NULL,NULL,NULL,Ea
2B3A8614-F92F-4F2E-AC68-09A34C3D5BBE,79167F37-156C-4A88-8B2C-70C4639A56E4,7C91567D-EB42-4DA4-8F05-EFAB871DF672,301006-1-KIT,Ea,1,7,NULL,6934.4101563,NULL,NULL,NULL,Ea
5BF02582-59D4-4D6F-B064-09A562696B16,991B5604-6D2C-4FC6-A259-09D97AB3B42A,BCBB2D72-7007-4092-8976-A427AD10F2B6,NULL,Ea,0,14,NULL,NULL,NULL,NULL,NULL,Ea
EDEFEADC-C77F-4B0B-938B-09AF9ED7953B,BA038580-B125-4632-ABBF-55407157D8DF,7C91567D-EB42-4DA4-8F05-EFAB871DF672,300814-1-KIT,Ea,1,7,31.3500000,36.0499992,2023-06-28 00:00:00.000,1.0000000,NULL,Ea
826AB1A2-D4AB-435E-ACDE-09BA6FB270A2,FAE77A33-4FFC-42C7-95AB-07BBA0B633B4,437CE1EB-8E26-44EC-9EFD-D66F12B38B14,23280-62030,Ea,1,14,NULL,105.9800000,NULL,NULL,NULL,Ea
C5C94B6D-CE21-449F-B37E-09C745715863,C689421C-51FA-435B-B074-92802A5796DA,C98400E4-C1E2-4E30-A1D1-A3BCA3BE3623,PICO 5163A,Ea,0,14,1.5998000,1.7214000,2023-06-12 00:00:00.000,50.0000000,NULL,Ea
692BA32E-91CF-4726-B701-09C981CD249B,0B2D589B-507D-438C-8884-1D4B7A819D29,7C91567D-EB42-4DA4-8F05-EFAB871DF672,130516-1,Ea,1,7,NULL,107.5899963,NULL,NULL,NULL,Ea
AD016C86-FFC8-4113-AB49-09E03CE2F13C,1A1478A0-AE2C-4FA9-B3EF-0441DC49E308,9BCF0B50-AC6D-44A5-9296-F24D1B04F564,03-90-40-045,Ea,1,NULL,NULL,850.0000000,NULL,NULL,,NULL
37EF53F3-F066-470A-A58C-09E24457D162,DC90E4C4-584C-4DDE-9ED5-4687E97CBE13,D1BDA443-BD84-4B9D-8D48-7DFFF0CB56EA,CUSTLC158,Ea,1,14,NULL,1.9200000,NULL,NULL,NULL,Ea
1365AEC6-5A7B-42A5-9F3D-09EB0F458871,2953595A-0746-4B31-94A3-37E352E7F5CA,25F39D8C-1704-45D4-B640-24D0E8090E5F,4110,Ea,1,14,NULL,29.1000000,NULL,NULL,NULL,Ea
B2D08544-020F-47C5-831E-09F1738D75C4,A3F1AE5A-205F-418D-A8DC-BE65C3DC0554,C77D5086-B2A4-451D-89AB-27639DE772B7,knnHP-1002,Ea,1,6,9.1300000,9.9900000,2024-06-19 00:00:00.000,3.0000000,NULL,Ea
08A0847F-D34F-48D5-A69F-09F243BD7715,22B89B6E-4F15-432B-BEBA-61C1DDF00DD3,7C91567D-EB42-4DA4-8F05-EFAB871DF672,120014-1-KIT,Ea,1,7,NULL,389.3699951,NULL,NULL,NULL,Ea
626FAD6C-4260-4CAA-9AC6-09F7402DA510,F68817C1-BA43-43B5-940F-BAE41FB3B980,835FB8B3-624C-4D18-BE83-6C50762C244B,77201 SIZE 1.35,Ea,1,6,NULL,3.4100000,NULL,NULL,NULL,Ea
2309FAE9-48B6-4AAC-8E5C-0A008C0D1C3A,CD0A4116-B06B-48C9-B675-93498F9E9C85,FF7211A3-33C2-4F26-81CA-990E1F87AC5A,S-3224P,Ea,1,14,NULL,22.0000000,NULL,NULL,NULL,Ea
608C7B65-4203-436D-BD3B-0A0112D51348,4DB8B51E-A543-4BB8-AA97-5E35CBAE3990,DE909A20-D0BA-4EA5-96BF-BB726E314A2D,897346002023,Ea,1,14,NULL,169.9900000,NULL,NULL,NULL,Ea
0A122BE9-741C-4418-9DA2-0A036E0CF22D,1E74ACFF-3EFD-4A9C-B5C6-69DF60D18DA4,461A1278-2076-4BC9-BDC8-0BE1215900B9,180-1326,Ea,0,NULL,22.7900000,22.7900000,2025-01-06 00:00:00.000,16.0000000,,Ea
B5801BDA-78F9-4975-AC8B-0A06A140A180,2EE22459-49D7-4980-A4F2-B85EF49D8B9B,E75C05B6-0E14-4E40-9DC9-D3FFDE37D3DA,234-1051,Ea,1,6,NULL,25.7400000,NULL,NULL,NULL,Ea
88CEC7C4-909E-4052-B7E6-0A0DDE1D93CC,43D00BCA-7424-4656-9A09-FCAF9856FCDA,461A1278-2076-4BC9-BDC8-0BE1215900B9,20967,Ea,0,14,NULL,21.7900000,NULL,NULL,,NULL
8FBC6E1B-B368-4F5B-B682-0A0FBCCC9C03,B3A47DB2-6A2E-40F3-A448-45D20F6CB34B,7C91567D-EB42-4DA4-8F05-EFAB871DF672,TSP-CSK,Ea,1,14,183.3700000,210.8800000,2023-07-18 00:00:00.000,1.0000000,,Ea
6998B945-6CEE-4BE5-81AC-0A10E9AB9DA2,06C8BEFB-BD04-4D7A-8603-AA1807999EE1,908DB00E-8689-4FAC-A6D1-ECC462197558,NEED!!,Ea,1,14,NULL,100.0000000,NULL,NULL,NULL,Ea
84649856-E6A7-4FBA-8A9A-0A1676602650,94444082-3454-44BF-9AD9-40C000BE83C0,421E2116-C20F-4CBB-8002-01D045427424,EXPK5059B,Ea,1,14,NULL,534.0400000,NULL,NULL,NULL,Ea
244553C0-DC4E-465C-AE4D-0A16F41752A1,8B322266-3484-4A08-88F5-3F9502548024,79A0357E-1069-4CE4-9B0F-431264AFE93C,LCE-107-2055,Ea,1,14,NULL,20.8700000,NULL,NULL,NULL,Ea
45D1E7A6-95F5-4D7B-87C9-0A23B9100A82,A2BB0038-584F-4FB6-8C79-48822EAC61DF,59724EAC-27BF-464D-A837-226E69AF095C,NULL,Ea,1,14,NULL,252.7800000,NULL,NULL,NULL,Ea
0ABB4765-7507-4025-9DB3-0A294C874FDB,296734EA-E313-46AE-AEAB-41952F4E8388,C77D5086-B2A4-451D-89AB-27639DE772B7,exe16090,Ea,1,6,126.5500000,126.5500000,2025-03-13 00:00:00.000,1.0000000,,Ea
CE147D82-9907-4FE5-87AA-0A2D88711886,1EEE5FBD-E379-466B-AE92-AEC787D51251,14D4F9E5-384C-49AB-B1FA-30E117E027AE,NULL,Ea,0,14,NULL,NULL,NULL,NULL,NULL,Ea
B652AF30-1A7B-43B4-BFFF-0A2EF96589C6,0FB23924-FD8B-4A84-8F99-2B0F58778425,437CE1EB-8E26-44EC-9EFD-D66F12B38B14,16264-35030,Ea,1,NULL,47.9900000,42.6100000,2025-04-08 00:00:00.000,1.0000000,NULL,Ea
1CC2ECA4-60A7-46C5-AFA6-0A30FCD9532C,35FDA691-7B0C-4E8C-8A4C-370DA8A4EA2B,D8E53D79-45CD-47B8-B478-E97AE1888113,1259506001,Ea,1,14,NULL,0.0543000,NULL,NULL,NULL,Ea
6DAD1983-D412-4C51-A3B1-0A3819E5700A,A003A3B1-158C-4A74-8252-51A4488372B7,119C42C6-7493-45B2-A683-2EFD76885005,"#939, 8 X 55 D.E. STUD",Ea,0,14,0.6500000,0.6500000,2023-11-03 00:00:00.000,500.0000000,NULL,Ea
FCCB4380-6787-485F-B421-0A3A418B671E,1D53F8FD-C4F5-4120-AB3F-7C2A119C0EB5,F7AFC18C-77EF-482C-98D3-3A4455E8A49C,85703601,Ea,1,14,NULL,10.4200000,NULL,NULL,NULL,Ea
45D8E6E3-4C4C-4BFF-A7F6-0A3D723EB9BA,A924E1E8-C5DF-40E4-A420-C3AA2AD3051F,D8E53D79-45CD-47B8-B478-E97AE1888113,1181112125,Ea,1,14,NULL,0.1600000,NULL,NULL,NULL,Ea
1B5CF576-D1ED-44C8-8296-0A3E4A6DE09C,7569AAF4-F683-4C88-B278-AFE65787C9C9,A78FFEE7-6780-4B19-AEFF-50EE078254EA,133GENV6EMK-A-Black,Ea,1,NULL,98.5000000,400.0000000,2025-03-10 00:00:00.000,1.0000000,,Ea
CFC2D725-54EA-45F1-A0BC-0A3E8425943D,E0C4DCCD-F7CE-4454-8FB0-C4583C2E91AA,C77D5086-B2A4-451D-89AB-27639DE772B7,TS-0502-2003,Ea,1,6,NULL,25.9600000,NULL,NULL,NULL,Ea
FD515180-3B20-430E-9870-0A61E2083628,33119FC5-7C9C-4DFF-8B3A-B25EE6B1D044,F120E7D9-2198-402A-B297-06A9F53F37F7,31410-35142,Ea,0,10,NULL,43.6000000,NULL,NULL,,NULL
49D62B13-F262-4E38-979F-0A6BCFB5C4F5,3241F3BF-6D29-4AEB-BF1A-71208297E90F,7C91567D-EB42-4DA4-8F05-EFAB871DF672,182503-KIT,Ea,1,7,7.9700000,7.9699998,2025-01-06 00:00:00.000,2.0000000,NULL,Ea
38173445-4CAF-4955-B9E1-0A811CC6BC78,7A002A15-F11A-4E5D-8ECC-0C5677AFABE9,8D06AA0F-E18E-4A8D-854A-B36FA641F317,8946220040,Ea,0,14,103.0900000,103.0900000,2024-09-10 00:00:00.000,2.0000000,,Ea
4B4D1DAC-34B4-48F3-B2B0-0A830BE041E4,CDDA6384-692F-4DD3-9C23-247E6C406A91,437CE1EB-8E26-44EC-9EFD-D66F12B38B14,22250-35020,Ea,1,14,NULL,667.7400000,NULL,NULL,NULL,Ea
FF9EE53F-EF94-46A1-8B9B-0A8430B9C06C,5A785DD7-C04A-426E-AFB7-D1716EC7EE52,15BC0DC4-8150-4FD1-8AB2-599CD8E5051F,REBTLCF-488ARB,Ea,1,14,NULL,1795.0000000,NULL,NULL,NULL,Ea
909F8633-5685-40C0-BECF-0A871CC04B30,11157656-8046-4098-9167-FBDC8C6B1321,4689A645-9981-499A-98AA-AC816875A31C,NULL,Ea,1,14,NULL,1078.5000000,NULL,NULL,NULL,Ea
BCFCCCF5-5ADE-4E9A-99AD-0A8B5D9CDC31,CB5AF9A9-62DC-4D11-85CE-6A3EA87CD48A,85DB292C-CAE5-402F-BB8F-E9A829B6D3F5,NULL,Ea,1,14,NULL,NULL,NULL,NULL,NULL,Ea
D502D827-BAD8-41EF-8D12-0A9261F8A4DB,CC55642B-5E85-4CD2-9CF9-36A213887BDF,7C91567D-EB42-4DA4-8F05-EFAB871DF672,AP-305636,Ea,1,NULL,NULL,495.6700000,NULL,NULL,,NULL
63E8C834-8E24-4EA1-BEAF-0A99C5EC1510,5ACCBBF7-84BB-45AF-B770-54116F9C8FA4,7C91567D-EB42-4DA4-8F05-EFAB871DF672,130252-1,Ea,1,14,NULL,17.0300007,NULL,NULL,NULL,Ea
D22343C6-E4A2-4CC6-BD3D-0A9C4010D050,2B8EBE31-0A06-4A1B-B0B1-D6F85D05CED2,F7AFC18C-77EF-482C-98D3-3A4455E8A49C,06298715,Ea,1,14,NULL,13.0200000,NULL,NULL,NULL,Ea
E1A26938-C07C-4B70-936B-0A9DAC60840E,06EA6AB1-CE38-4F21-BEF4-A6ACACA20E12,82E39241-23EE-47A9-9469-6D98ACF5C0C9,113250/200AMP,Ea,1,NULL,NULL,275.0000000,NULL,NULL,,NULL
17CAC1D2-5E53-4F03-808C-0A9E9F18B48D,7C80C09D-CB1C-4AA5-A2D4-EF4B2CFD6B9A,D1BDA443-BD84-4B9D-8D48-7DFFF0CB56EA,NULL,Ea,1,14,NULL,NULL,NULL,NULL,NULL,Ea
B6EB1E94-CCBB-4DBC-BB50-0AA16C8DAE43,543F47CB-E0DE-4570-B41C-74C9DE3B55B3,75E066E8-966A-4881-AE1D-8B25AE5EC77E,ABH 10831,Ea,0,7,0.2700000,0.3700000,2024-09-16 00:00:00.000,100.0000000,NULL,Ea
2570170C-BF1D-48CB-A371-0AA2C046C76D,E7B8EA52-F35E-4710-BAAF-CEB5026482F7,B44F749D-0619-4344-A081-BCFFFB1226E7,NULL,Ea,1,14,NULL,100.0000000,NULL,NULL,NULL,Ea
E129E1DA-CF11-401E-B4A9-0AA388A5DC33,EB09B831-839D-4D5B-AB97-97303BED6CEE,59D4D413-6860-43A9-9105-7558343F7E18,NULL,Ea,1,14,NULL,15.3000000,NULL,NULL,NULL,Ea
1BA589B2-D21F-40A7-B1FC-0AA6626B9E5D,671974E7-3A91-460F-9112-15C8EB1999E6,C77D5086-B2A4-451D-89AB-27639DE772B7,dei010141,Ea,1,6,NULL,180.3900000,NULL,NULL,,Ea
D7183CFF-DD22-46F5-9FAB-0AA9C8532FCF,D7DC8AC0-D87B-4BFB-88A4-4CE557F9BEA4,6171E136-0B47-4D45-B620-ECE6DA1C89E1,TR.PS2.TA5,Ea,1,14,NULL,976.8000000,NULL,NULL,NULL,Ea
C107FAE6-E995-458B-8B87-0ABAC39966A2,B738F860-F980-4FE9-85B8-858E4A60B58A,D1BDA443-BD84-4B9D-8D48-7DFFF0CB56EA,NULL,Ea,1,14,NULL,13.1500000,NULL,NULL,NULL,Ea
192946BC-7DF8-4465-8B85-0AD2A868C7D6,266AAD1D-C6D9-4D3A-BAC0-7FAF65B01762,DCB43726-B566-42C5-BD4C-9028F8894E6A,57-1746-BLK,Ea,1,NULL,NULL,179.3999939,NULL,NULL,NULL,NULL
0E7313BA-36A7-443E-B352-0AE6C8EFCF85,86131064-BA8B-4F1F-92A7-5E17FAC0C753,B7E61317-D37C-44C0-89CE-85681EA5B121,63-1043,Ea,0,14,NULL,243.0800000,NULL,NULL,NULL,Ea
BDFB0DA3-0F35-44EB-BBEB-0AE7DBDB6862,BF05907D-503E-4F68-A99B-5CF4821A501E,1FD4FE88-9E6A-4EF8-B062-B09AC0D77CAB,,NULL,0,NULL,NULL,NULL,NULL,NULL,NULL,NULL
8B24A391-E160-4FC6-9C8B-0AF1AA92519B,607E7B2B-6032-4062-A1F6-3E5435617FC1,B41421A9-FFCF-44A7-BA34-DBBC60138035,4B8376A,Ea,1,25,39.7000000,39.7000000,2025-03-10 00:00:00.000,3.0000000,,Ea
F06F47A0-5D52-4F5D-8D5B-0AF3508EACB2,33A4AFB9-A156-4F4D-9900-BAED419E944B,D8E53D79-45CD-47B8-B478-E97AE1888113,9129210040,Ea,1,14,NULL,1.4700000,NULL,NULL,NULL,Ea
AB2F7F93-EF4F-4390-9CAD-0B0DED0B2785,D2DFEC0B-7237-492A-A821-E3190B28189F,461A1278-2076-4BC9-BDC8-0BE1215900B9,613010,Ea,1,NULL,NULL,30.7900000,NULL,NULL,,NULL
E8D90768-C0CF-4D65-8667-0B0FA97C0384,D0B73255-596E-4494-A70A-49FDB785ECBF,78490A0D-DA09-40AF-8C4A-CC8F103B178B,LF703,Ea,1,14,NULL,540.0000000,NULL,NULL,,NULL
ECE46F24-9BCA-4C30-BD83-0B272E058D1E,7470D2C5-8ACD-4AB3-8BDC-4F1339EC3924,07C1FA8E-90C7-47A9-A7AB-66B2E5B305F3,502210,Ea,0,14,56.6400000,56.6400000,2024-10-31 00:00:00.000,4.0000000,NULL,Ea
44A1867D-58B3-4165-AFBA-0B3347EF9250,737D1B2C-DA61-41C6-B0F6-D303B29D79B1,D1BDA443-BD84-4B9D-8D48-7DFFF0CB56EA,"Tubing(2 1/4"")-304 SS.065",Ea,1,14,NULL,NULL,NULL,NULL,NULL,Ea
8337988A-F2CA-42A1-B806-0B41E7B6F0AF,7D2DEE4A-14E8-4C33-AE6B-18BB86D8550E,7C91567D-EB42-4DA4-8F05-EFAB871DF672,120001-1-KIT,Ea,1,14,NULL,270.2000122,NULL,NULL,NULL,Ea
7015A937-CE0C-4F65-B86B-0B4D80690B17,00D89F45-2335-4B11-880B-1E70D774EECC,669EFA04-8F95-4099-8A49-2F250A9B4564,,NULL,0,NULL,14.3500000,NULL,2024-02-08 00:00:00.000,20.0000000,NULL,Ea
077A953C-9E69-4570-A4A6-0B53ECD26E33,2EDC6E90-18A0-4862-BE53-C73C6A44A093,D4FF9884-395A-42E8-998D-31BDAAA6C175,NULL,Ea,0,14,NULL,NULL,NULL,NULL,NULL,Ea
3FEE748B-0614-4E47-8022-0B55002C8855,6EDBCCAA-A4E0-4C36-9B90-446BAA0DA2D9,437CE1EB-8E26-44EC-9EFD-D66F12B38B14,13516-75020,Ea,1,14,NULL,4.2100000,NULL,NULL,NULL,Ea
5AA90389-4B5E-4119-9949-0B5510BAEFEA,F61C2DB6-5F2D-4435-B0AD-7CCAB3B8E81B,D2DB2E90-B9B6-4492-971C-FAE9C1F1F181,TO10B,Ea,0,NULL,NULL,189.3800000,NULL,NULL,,NULL
9F78DF47-BDC1-4638-9F94-0B581D7E8579,9DBAE0B8-3D35-492C-8151-557277D7E5C1,AA0F3D51-3906-450A-AD9E-68C5FBE8D4AD,SPRC15-106-3,Ea,0,14,198.8200000,198.8200000,2024-02-26 00:00:00.000,1.0000000,NULL,Ea
90A08048-F070-4464-8773-0B5B18942060,F5D14A83-8581-42B6-960C-EC697729F9F8,F3B4DD0D-2BB7-4FDD-9089-37D25552615A,22R/RE CNC,Ea,1,14,NULL,575.0000000,NULL,NULL,NULL,Ea
99E2AC67-7528-4B5F-9329-0B5C44554D81,48ABF6CD-0237-44F4-8708-674B8C63A916,835FB8B3-624C-4D18-BE83-6C50762C244B,31470-26020,Ea,1,6,19.0000000,19.0000000,2025-04-14 00:00:00.000,2.0000000,NULL,Ea
D3B26A14-E8EE-441A-A3A3-0B67F3C33391,1BC106B0-2FE1-439D-8454-36BE46A46D4E,C0FECECF-203D-42E4-9E1D-E938064B5A7C,EVTO31,Ea,0,6,8.7500000,8.7500000,2023-07-28 00:00:00.000,20.0000000,,Ea
C064C90A-B788-4800-B1F3-0B69D13263A7,76652935-6DBF-4CE0-9106-5C2C64F1F489,B163CC72-759D-4C7F-B33B-3B6C79C000D7,THY-508-C,Ea,1,14,NULL,439.0000000,NULL,NULL,NULL,Ea
F8405871-A1CE-4617-AF98-0B6F8D240B38,5014CD3F-7819-466C-B2AF-7CFDFBA246D0,437CE1EB-8E26-44EC-9EFD-D66F12B38B14,12135-62070,Ea,1,NULL,78.4100000,78.4100000,2025-02-13 00:00:00.000,2.0000000,,Ea
19C8EBC1-5E4E-4818-9687-0B707A3AA49F,A3D999A4-2484-4A85-8FA4-063485749E31,7C91567D-EB42-4DA4-8F05-EFAB871DF672,140321-1-KIT,Ea,1,14,NULL,1070.4499512,NULL,NULL,NULL,Ea
91DAF327-1AB6-4A46-8EF8-0B736932454A,000E392F-B6C9-43EA-9360-BBF5D166FDE1,C77D5086-B2A4-451D-89AB-27639DE772B7,PDLPC38-BT,Ea,1,6,NULL,213.4100000,NULL,NULL,NULL,Ea
23CE2D15-3C13-4274-AE33-0B7B23A7B3BE,AC3D4C39-0BB3-4D98-B61B-F1FA31BAD012,3079AD24-883B-4F80-B297-19EA2AD554F6,7010060R,Ea,0,14,129.5200000,129.5200000,2023-09-20 00:00:00.000,59.0000000,,Ea
23897192-FEB6-4624-A006-0B806FA13A5B,7FA8AC04-9114-4488-8E57-C036A2A4A72A,8888D6F9-75E4-4B07-9E4B-700B06FE9043,16058,Ea,0,14,110.8900000,110.8900000,2024-09-25 00:00:00.000,2.0000000,,Ea
BB049A38-2373-4086-87E9-0B82BE145AD5,D797B587-DFF6-4A21-9664-491FE9C9888B,2BE140FD-AFFF-45E5-B9F1-3BFBD6E21BE5,SPE-LCENG-NC493,Ea,1,14,NULL,1.0800000,NULL,NULL,NULL,Ea
6AFB386A-3AD0-4976-99F2-0B8A13BE21B3,8FADD922-58B3-4226-8550-7BCEDBA19B8E,437CE1EB-8E26-44EC-9EFD-D66F12B38B14,NULL,Ea,0,14,NULL,NULL,NULL,NULL,NULL,Ea
3650D290-081C-4E5F-A4D4-0B9394132ABA,90AF6953-24DC-40E0-992E-B04AF4D0FF75,B8ADF8E0-8A6A-460F-AA9D-30BB6B717861,17173-35120,Ea,0,NULL,6.7900000,6.7900000,2024-07-18 00:00:00.000,50.0000000,,Ea
0406EC32-451C-4FBA-BBC2-0B95E7E97129,1EEE5FBD-E379-466B-AE92-AEC787D51251,DC1AAC1B-9781-4090-AF41-A2F4218A8C3B,NULL,Ea,0,14,NULL,NULL,NULL,NULL,NULL,Ea
9DE03E74-E104-42B7-9450-0B97BF0BAAA2,7BF25070-7370-4BDA-9DC3-4E3BCB4AAA5E,461A1278-2076-4BC9-BDC8-0BE1215900B9,CB-1781A-.25mm (4),Ea,0,14,NULL,27.7900000,NULL,NULL,NULL,Ea
68C07CB3-2DD2-4F79-B3FE-0B9B2098E8F5,59C156C0-D3C1-4808-87FF-933445E65D6E,E38F88D1-E515-42BF-AD4F-17F97CE8DF70,Lc2tundra10.5r-5.29,Ea,1,14,NULL,475.5000000,NULL,NULL,NULL,Ea
3CE2A0F3-993A-493D-BDB0-0B9D3D2015B2,293DE06B-C791-411D-9D82-01730549AE6D,78490A0D-DA09-40AF-8C4A-CC8F103B178B,680010,Ea,1,14,NULL,274.5000000,NULL,NULL,,NULL
63FAE353-3144-462B-AC05-0BA52DF67CA2,6DC26A66-B0A9-426D-B8C1-5ACA4F1E69BB,908DB00E-8689-4FAC-A6D1-ECC462197558,NULL,Ea,0,14,NULL,0.0950000,NULL,NULL,NULL,Ea
296019EF-5376-4B25-AA76-0BA76E3979F4,DD7DE45E-1AF4-452F-BEFC-D83FB6603123,F7AFC18C-77EF-482C-98D3-3A4455E8A49C,03363280,Ea,1,14,NULL,5.6300000,NULL,NULL,,Ea
2D68E1F1-0C32-424C-84A5-0BAE3E3278EE,7155CCCD-96DE-4B40-970F-2BA527059325,908DB00E-8689-4FAC-A6D1-ECC462197558,NULL,Ea,1,14,NULL,NULL,NULL,NULL,NULL,Ea
0345BDFE-B957-4218-A71D-0BB21889A63D,27DEB25E-02AB-45F8-A3E1-712441EA11BA,5AFE201E-61C0-43EB-AA88-4A8B3C8909C6,NULL,Ea,1,14,NULL,NULL,NULL,NULL,NULL,Ea
09858060-E7B0-4987-BE94-0BBAED5C0E6B,5C8A4324-2030-40AF-A86E-B83A4F5A99FB,15BC0DC4-8150-4FD1-8AB2-599CD8E5051F,REBTLCF-529ARB,Ea,1,14,NULL,1795.0000000,NULL,NULL,NULL,Ea
92720814-89CF-41FE-82FA-0BBDDC249980,A9047737-F347-4A74-9EA9-06EC26FE227E,D52F1F4A-A2A8-4BFD-B26C-30E5F8BF28A1,MS1428P-030,Ea,0,14,NULL,32.2600000,NULL,NULL,NULL,Ea
3A1DBBBD-5B9F-4774-A022-0BC37ABF9CC2,4027201C-E7A8-4BA4-9B3D-606F35BFB1E4,FEE52324-C3B3-4631-BA1A-0449E871F44B,,NULL,0,NULL,NULL,NULL,NULL,NULL,NULL,NULL
B1F12CA1-4D81-449C-B26F-0BC45DB5EC67,D7BA1229-99CF-46ED-A19C-1AF5CED51E65,25F39D8C-1704-45D4-B640-24D0E8090E5F,107188,Ea,1,14,NULL,145.2100067,NULL,NULL,NULL,Ea
012C06EF-D0B9-4CC7-9429-0BC82C65E047,33ABA6B0-29E2-4DD8-9AC3-83ED2D917F16,C77D5086-B2A4-451D-89AB-27639DE772B7,hawkHB315Y.669,Ea,1,6,98.2700000,98.2700000,2025-02-06 00:00:00.000,2.0000000,,Ea
42399781-EAC5-4B3E-AE2A-0BDBAA7E43D4,ABB2B5D6-E631-4981-8D4E-FB0541D01CFC,8888D6F9-75E4-4B07-9E4B-700B06FE9043,P2200T 100,Ea,0,NULL,NULL,104.3200000,NULL,NULL,,NULL
B905880B-5D70-487F-B8DC-0BE84D3E0754,16E0F6DE-B967-4A49-992D-B2792BAF775D,7C91567D-EB42-4DA4-8F05-EFAB871DF672,300587-KIT,Ea,1,14,NULL,5.8000002,NULL,NULL,NULL,Ea
8590358D-D4AE-4F5B-85DF-0BE96168BB5E,3106731E-C28F-4F54-883D-B83B381CBF26,E75C05B6-0E14-4E40-9DC9-D3FFDE37D3DA,234-2058,Ea,1,6,NULL,57.4500000,NULL,NULL,,Ea
31938566-922F-4B6C-8769-0BFEF0F57622,E5A97198-C967-498D-9098-C3BA3D61552F,461A1278-2076-4BC9-BDC8-0BE1215900B9,MS1590P,Ea,0,14,45.7900000,45.7900000,2025-03-27 00:00:00.000,1.0000000,,Ea
3EB6EC5E-7C1A-4F5B-8809-0C09EB269B85,B737CD13-6425-4BC9-BC76-DF3AD68C12A4,F84EAA5F-A818-4A3A-A9A7-A9C84D1C9118,,Ea,1,14,47.2400000,47.2400000,2025-02-18 00:00:00.000,4.0000000,,Ea
1E071137-F3C7-498C-A207-0C1CABEA1962,88D88F27-19E6-4879-B01F-B4A9613714F9,DCE73E57-59A9-4BFB-8163-F2C0B0B7A688,9010039R,Ea,1,14,NULL,6.9500000,NULL,NULL,NULL,Ea
D59E6D0A-306D-446E-A229-0C1D1E733763,AA947224-106E-425F-835A-2CFEDB32734C,A4CBC26B-F5E2-4E99-A57C-E4E2C818D4CF,NULL,NULL,0,NULL,NULL,NULL,NULL,NULL,NULL,NULL
C9BAA77E-C256-445A-9EAC-0C22AFAEF514,5241CA96-03B5-4281-8367-332CBB4B0C97,D8E53D79-45CD-47B8-B478-E97AE1888113,1258104001,Ea,1,14,0.0250000,0.0250000,2025-04-03 00:00:00.000,250.0000000,NULL,Ea
15C515BF-22CE-4129-A3A6-0C24EB9EC51A,EC72A833-F679-4BB5-870A-A1659D6A4044,7C91567D-EB42-4DA4-8F05-EFAB871DF672,300998-1-KIT,Ea,1,7,NULL,6934.4101563,NULL,NULL,NULL,Ea
EEC5D914-CDEE-4656-80C2-0C2C6BC23A10,380AB62B-AA44-474B-BE10-19BDC7A37DC9,835FB8B3-624C-4D18-BE83-6C50762C244B,90080-36067,Ea,1,6,9.4500000,9.4500000,2025-04-15 00:00:00.000,16.0000000,NULL,Ea
6EFEEFAD-1747-47D2-9A50-0C3905EFA694,06458A90-6A10-48DB-965F-5A22886ACB6D,D52F1F4A-A2A8-4BFD-B26C-30E5F8BF28A1,CS8807,Ea,0,14,44.9400000,44.9400000,2025-03-05 00:00:00.000,2.0000000,,Ea
F1D360B1-C2AC-4A2B-BD13-0C395C470415,3EF0760E-473F-4A00-8B1C-98F6F54305C9,461A1278-2076-4BC9-BDC8-0BE1215900B9,03111,Ea,0,NULL,NULL,6.3600000,NULL,NULL,,NULL
2A31A97C-3141-4C03-94EA-0C4D08F05B02,C1B56562-8937-4C09-83AC-9BFA5E0A8373,C77D5086-B2A4-451D-89AB-27639DE772B7,BUS31907-11,Ea,1,14,NULL,381.4200000,NULL,NULL,NULL,Ea
3E728ED7-3420-4CDD-9FDB-0C4FD819DF0A,AC574773-F244-46D1-A404-5B453E4F6E17,8888D6F9-75E4-4B07-9E4B-700B06FE9043,TK1544,Ea,0,14,NULL,0.0000000,NULL,NULL,,Ea
94BDE7AF-6C34-4904-B3E6-0C593ADDABA9,E0116C61-8BEB-4B46-A4C1-2E149EF9A6F7,880F6828-145D-44CF-9A84-15CB6BBDC4EC,sds 4 cyl coil pack,Ea,1,14,NULL,255.9400000,NULL,NULL,NULL,Ea
8B6CD786-B64C-444F-99BE-0C65C09D742B,476B2A90-2CFD-43C4-B8BE-44887E03C1DA,835FB8B3-624C-4D18-BE83-6C50762C244B,77401 SIZE 1.60,Ea,1,6,3.5400000,3.5400000,2024-02-23 00:00:00.000,4.0000000,NULL,Ea
A0EB6CA6-F19C-42AC-8FB6-0C66C52CDC0A,5F0A364C-8C41-409F-82FE-669B9E9EB744,4440C73C-81A7-415F-8A30-21B827BC41D5,140 X 02 X 102,Ea,1,14,NULL,313.9500000,NULL,NULL,NULL,Ea
28D43E29-19CF-4E8A-812B-0C6B447549D3,C2863CD3-C56A-4987-87BC-01E1534610AA,7C91567D-EB42-4DA4-8F05-EFAB871DF672,140116-1-KIT,Ea,1,7,2.5400000,2.5400000,2025-02-19 00:00:00.000,16.0000000,NULL,Ea
456AAAD1-5108-4909-91BF-0C7B8DB5D90A,660F89C9-D7F0-46A1-8219-6C762772D82E,4689A645-9981-499A-98AA-AC816875A31C,JOB #88687,Ea,1,14,719.0000000,731.0000000,2024-04-29 00:00:00.000,1.0000000,NULL,Ea
84079170-79CA-4A63-8161-0C7EE2A762D2,FE424AD9-8DB5-4CB0-82EA-F8D3E3AB8D71,7C91567D-EB42-4DA4-8F05-EFAB871DF672,120166-1-KIT,Ea,1,7,NULL,126.4300003,NULL,NULL,NULL,Ea
AAE2E6E2-BB47-45C3-8A0D-0C84807612BB,D30D7512-0290-4A02-9A23-9146CFA07772,D8E53D79-45CD-47B8-B478-E97AE1888113,9129006025,Ea,1,14,0.0957200,0.0957000,2025-04-03 00:00:00.000,250.0000000,NULL,Ea
3D3200DE-4EDB-481A-BF52-0C87709212CC,18B9BB9D-CFB2-4444-BAD3-DC3574D2F978,325D4967-0FF7-4E49-B31C-EFB861C89751,SB4LK,Ea,1,14,67.6600000,67.6600000,2024-08-16 00:00:00.000,1.0000000,NULL,Ea
36AABAB0-ECC2-45FF-ADD3-0C9C0105BD49,2EB52522-93D4-4B65-A1BF-E4B29B0C385A,59D4D413-6860-43A9-9105-7558343F7E18,MC-EB (TRD PRO),Ea,1,14,NULL,30.5500000,NULL,NULL,NULL,Ea
1FFBB36E-314F-405A-A39C-0CA3E36CE52D,6CDFCE41-E934-4775-B7A9-08E968552377,461A1278-2076-4BC9-BDC8-0BE1215900B9,6B9516,Ea,0,14,NULL,34.3829989,NULL,NULL,NULL,Ea
4C20A644-3800-45FB-89FF-0CB12CFAFADE,2EA80AE0-948F-4FEA-8C77-4AF5CCDB1E8F,5D8B1CD3-8F5A-460A-B3FA-E399242AD18F,1522427,Ea,0,14,48.9900000,49.3100000,2024-11-06 00:00:00.000,5.0000000,,Ea
2E77DA09-BC11-447D-93A7-0CB3E57E0585,4027201C-E7A8-4BA4-9B3D-606F35BFB1E4,4E7FEB53-859A-49CE-9B03-6967DD8D377B,,NULL,0,NULL,NULL,NULL,NULL,NULL,NULL,NULL
AF3AFFFE-E9EF-4EB8-9916-0CBFCBCFE6EC,32ED18A6-FD1D-4CA8-AB7F-BCA161748B07,437CE1EB-8E26-44EC-9EFD-D66F12B38B14,74451-89103,Ea,1,14,12.3700000,11.5600000,2025-01-09 00:00:00.000,4.0000000,NULL,Ea
A1491F73-759C-4646-967A-0CC34BC1F97B,D3E0684A-976D-417E-91B0-0AC3B8D9C5A4,72A4F6BF-FDCD-4DC8-9A19-A26988DD3C70,6210 NEW FLAG 3XL Char,Ea,1,14,NULL,11.0500000,NULL,NULL,NULL,Ea
86AD7C9B-9E68-4397-8805-0CDC90054030,85D77B28-FF6B-4D27-8088-DC269D9367A3,D01D4974-663E-4A16-9B20-E25EF667FC16,TCP35-6-1,Ea,1,NULL,246.6000000,246.6000000,2023-12-04 00:00:00.000,1.0000000,NULL,Ea
EAC11B31-1F45-4D06-9E2E-0CEE1CA08F98,366F4EE8-5D3D-4786-A3F6-A2E7A00068E9,2AFB4CF6-3648-48C7-A4AA-FD66770160B2,WS01R,Ea,1,21,0.9500000,0.9500000,2025-02-27 00:00:00.000,67.0000000,NULL,Ea
851FF392-B0FA-47CB-8531-0CF880349C02,2EDC6E90-18A0-4862-BE53-C73C6A44A093,57177BC6-6997-4DFD-8E98-D7012941E5F6,NULL,Ea,0,14,NULL,NULL,NULL,NULL,NULL,Ea
C2F3CE2D-6B89-48FF-A01D-0D01A7418D48,B2E5C5E1-6855-4814-A4DD-E9DB64B2C3F9,FF7211A3-33C2-4F26-81CA-990E1F87AC5A,S-4179,Ea,1,14,NULL,1.2800000,NULL,NULL,NULL,Ea
695197D7-D9F3-45BF-A2A3-0D03C3CD0DA4,9493F9CE-9B19-4A33-876F-3807F38C5CE1,8EA28F39-22DC-4E02-A727-B84B3950F086,CAM-99150-17-W,Ea,1,14,NULL,2900.0000000,NULL,NULL,,Ea
1202A308-58E8-4AAB-A14D-0D0C3DAA1742,F4C3BA87-716D-4A79-8781-D880ED24E916,5D8B1CD3-8F5A-460A-B3FA-E399242AD18F,1592903,Ea,0,14,5.3900000,5.3900000,2024-11-26 00:00:00.000,3.0000000,NULL,Ea
4A2A6826-2582-46AC-A081-0D15F507FEC9,0582BFA3-C5DB-4EC8-8D8A-16A918A547F3,437CE1EB-8E26-44EC-9EFD-D66F12B38B14,16331-35020,Ea,1,14,NULL,25.6300000,NULL,NULL,NULL,Ea
9FAF4FB7-5867-4CBB-B835-0D19EACFC6CD,27D8EC37-5D1D-4486-AD84-D55E9C38D6A4,E38F88D1-E515-42BF-AD4F-17F97CE8DF70,Lc2tundra10.5r-4.88,Ea,1,14,NULL,475.5000000,NULL,NULL,NULL,Ea
4FF8D625-B64C-4959-B826-0D1B21F0FED6,C3D6B47D-9AA0-44FC-887B-26AD12AA4D53,78490A0D-DA09-40AF-8C4A-CC8F103B178B,690020,Ea,1,14,NULL,445.5000000,NULL,NULL,,NULL
170B3E72-D966-4D92-9804-0D1BE5DDC070,9A0F50A9-0199-492D-B384-CE9AE97C3BF0,C77D5086-B2A4-451D-89AB-27639DE772B7,BUS31911-11,Ea,1,14,NULL,381.4200000,NULL,NULL,NULL,Ea
AD7F5AA9-8B0F-441F-833F-0D1CBD791CC9,9EC35EC9-1A7A-4845-A104-29A87BCE3233,F7AFC18C-77EF-482C-98D3-3A4455E8A49C,44857548,Ea,0,14,NULL,91.5500000,NULL,NULL,NULL,Ea
8020EE99-240B-445C-92B0-0D3731E7E8E6,9A61FB81-6426-4527-8FBD-B36CDE41FB14,461A1278-2076-4BC9-BDC8-0BE1215900B9,4R1114,Ea,0,14,2.4800000,2.3900000,2024-04-11 00:00:00.000,1.0000000,,Ea
6C7AAF36-1B05-448B-95EC-0D39A1D09D15,8CF71703-C585-4A82-BD1A-61953975448B,8888D6F9-75E4-4B07-9E4B-700B06FE9043,FS1504,Ea,0,14,NULL,0.0000000,NULL,NULL,,Ea
EDAB864A-29B1-4AB9-BF2F-0D415FF18680,7395F2C3-6CC1-4817-9DC4-FFD3C532A9F8,437CE1EB-8E26-44EC-9EFD-D66F12B38B14,90381-30006,Ea,1,5,22.2100000,18.2500000,2025-03-31 00:00:00.000,8.0000000,NULL,Ea
675748DC-0E20-49DC-8CFE-0D4808143C9C,D06BCC51-DCA7-4AC3-BCE6-60AEE9777B04,4689A645-9981-499A-98AA-AC816875A31C,1014152/53A,Ea,0,14,NULL,703.0000000,NULL,NULL,NULL,Ea
BA86E6EC-9A35-4833-B101-0D51C181A0CD,45502FE0-E3AD-4853-9FFD-A3362271D89B,05041D79-C38F-479A-9DD6-108EC0FE9A94,NULL,Ea,0,NULL,NULL,NULL,NULL,NULL,NULL,NULL
075EAB1E-BF09-4CBE-817D-0D5C28C2620C,A7AD2880-65E7-494C-BEA7-19AE5E4C246C,D1BDA443-BD84-4B9D-8D48-7DFFF0CB56EA,14PL61,Ea,1,14,5.4500000,5.4500000,2024-11-18 00:00:00.000,50.0000000,NULL,Ea
E8359B03-8152-4C08-B01E-0D6440F06E9D,097A85A2-89B5-4287-BCCD-B94FF145C2FC,7C91567D-EB42-4DA4-8F05-EFAB871DF672,110775-KIT,Ea,1,14,NULL,56.9300003,NULL,NULL,NULL,Ea
6D65AE42-E740-457F-B724-0D6575946F5D,DCC2B75B-162A-4B10-8E23-AE41CDEDA1FF,1FD4FE88-9E6A-4EF8-B062-B09AC0D77CAB,6210 Next Level Tee,Ea,1,30,10.6000000,10.6000000,2025-02-17 00:00:00.000,24.0000000,,Ea
39461EBA-A774-4E6D-81B8-0D6CCA1F4613,584EA3AC-DEE2-4421-8BF8-E48E6D2EE9D4,AA0F3D51-3906-450A-AD9E-68C5FBE8D4AD,SPRC578-2,Ea,1,14,NULL,274.9565125,NULL,NULL,NULL,Ea
CBD2659B-357F-424C-8F0A-0D6F00F1250D,5BCD806A-8414-45A9-B305-9DB83F7C93BE,F84EAA5F-A818-4A3A-A9A7-A9C84D1C9118,,Ea,1,14,NULL,47.2400000,NULL,NULL,NULL,Ea
FEAFD0A8-FA65-455B-9D17-0D7BCE25AC9B,9106A10E-4E67-46B0-A5D8-E47F6013CEEB,7C91567D-EB42-4DA4-8F05-EFAB871DF672,110031-1-KIT,Ea,1,14,NULL,45.5400009,NULL,NULL,NULL,Ea
80B11204-DC76-416F-952B-0D980E4181AB,F9D45A03-BC8D-4825-BE87-C4565C6CE130,B3284961-BF3F-473C-9378-693EEB31B41A,FLX-2018,Ea,0,14,60.5000000,60.5000000,2023-09-14 00:00:00.000,3.0000000,,Ea
042218B1-9F92-40B4-9598-0D9C0A357309,4B152B15-5342-49D1-8A4A-8608132BE14C,437CE1EB-8E26-44EC-9EFD-D66F12B38B14,90467-15006,Ea,1,5,1.0400000,0.9500000,2025-03-07 00:00:00.000,5.0000000,NULL,Ea
451327CB-7EE4-4149-BAA4-0DA3B7E63E0A,EDC25635-900A-4825-963A-56DD4427DEA0,E75C05B6-0E14-4E40-9DC9-D3FFDE37D3DA,673-1201,Ea,1,4,50.9700000,50.9700000,2025-04-09 00:00:00.000,3.0000000,,Ea
5091928B-79E0-48EC-BF8F-0DB61EC21C21,CD1D493B-3D82-4DA2-9935-88414F08A1F3,7C91567D-EB42-4DA4-8F05-EFAB871DF672,TAC-AX-RBKU-ABS (2),Ea,1,14,NULL,273.0000000,NULL,NULL,,Ea
0D7A0692-45B3-4467-AC38-0DC9113F5EB5,8A987324-7D46-4E91-9CAE-2DCB37D0AC7B,7C91567D-EB42-4DA4-8F05-EFAB871DF672,110039-1-KIT,Ea,1,14,NULL,1512.7600098,NULL,NULL,NULL,Ea
330BC227-3DCD-4E47-9654-0DCBFEAE3B1F,B65D6A7A-A730-46D7-B1A6-72AA75933640,EDB6C728-B729-473C-994A-266FA5136637,D2880,Ea,1,14,NULL,186.7500000,NULL,NULL,NULL,Ea
2F517C3B-00FD-41BF-838D-0DCFA03384C9,38367E38-8DE9-4C1C-BE40-742F1DFD52EA,DE909A20-D0BA-4EA5-96BF-BB726E314A2D,897346002726,Ea,1,14,NULL,149.5900000,NULL,NULL,NULL,Ea
0F554AD2-3300-4330-9D00-0DD4D22F8D7D,F6F60BBA-6FE8-41B2-B608-C0D1FD9709A4,D52F1F4A-A2A8-4BFD-B26C-30E5F8BF28A1,MS2011P,Ea,0,14,NULL,24.6447988,NULL,NULL,NULL,Ea
8A62A883-C8B6-443C-8BA3-0DD71B49E024,C0FAFE1E-EFED-43EE-961A-559039501B9D,D8E53D79-45CD-47B8-B478-E97AE1888113,1181108001,Ea,1,14,0.1014000,0.0200000,2025-04-16 00:00:00.000,150.0000000,NULL,Ea
B7D26BBA-1D91-448A-90C6-0DD7335CEBFD,C153C7C8-9D64-4DCF-BB63-25B18828FA4C,421E2116-C20F-4CBB-8002-01D045427424,ARBASK001,Ea,0,14,NULL,24.0200000,NULL,NULL,NULL,Ea
3E0F774D-C033-42E4-AAE9-0DD9FC4F4335,08494C27-0630-428A-BC3C-96FF79BF7CA5,D52F1F4A-A2A8-4BFD-B26C-30E5F8BF28A1,6886.020,Ea,0,14,NULL,38.6096996,NULL,NULL,NULL,Ea
7B7E688F-3BC2-4BBD-AE5D-0DDF7E2DC581,F7BE175A-6EDA-41FF-AE50-60A9BF14B9A1,7C91567D-EB42-4DA4-8F05-EFAB871DF672,130508-1-KIT,Ea,1,14,NULL,16.6599998,NULL,NULL,NULL,Ea
7F682A8B-9C57-49F7-9279-0DE06D0F7020,95C83008-A122-4E1F-8A22-EBB535E46872,B163CC72-759D-4C7F-B33B-3B6C79C000D7,THY-560Y-C,Ea,1,14,NULL,612.0000000,NULL,NULL,NULL,Ea
9B4E0C45-751C-4EE0-B157-0DE475919D00,543E61E1-156A-42E3-88AD-F48D741B1CDC,FEE52324-C3B3-4631-BA1A-0449E871F44B,TFY034-03,Ea,1,NULL,NULL,36.6400000,NULL,NULL,,NULL
E00BC734-CA29-4721-8CD0-0DE93E0228A5,54D91B03-6CA6-437E-9ED8-ADD106A535C3,82E39241-23EE-47A9-9469-6D98ACF5C0C9,1080018 & POWER CABLE,Ea,1,14,NULL,269.0000000,NULL,NULL,NULL,Ea
A0CBC148-C684-4372-8863-0DF0FB9EF01D,437CAFB8-73D8-4438-8054-29D63374769F,34D42E80-B0D8-4E09-AD92-B3DD80D1807D,KT3037,Ea,1,14,30.8200000,30.8200000,2025-03-07 00:00:00.000,1.0000000,,Ea
C5DDBF20-BAF5-4006-B3CD-0DFED42A5D65,0C4A4BBC-C66B-45E6-B54A-5838BF772E1A,75E066E8-966A-4881-AE1D-8B25AE5EC77E,NULL,Ea,0,14,NULL,NULL,NULL,NULL,NULL,Ea
B5237085-D18E-4874-A9F3-0E0347247E10,EDB216EE-B126-413E-95B5-61DAB57BF922,437CE1EB-8E26-44EC-9EFD-D66F12B38B14,90916-03078,Ea,1,5,21.1400000,20.7300000,2025-04-08 00:00:00.000,8.0000000,NULL,Ea
3B3D9DED-DF21-4EF9-9F59-0E084EA443E7,B5B42331-C682-488F-9230-82A64BD034FA,C77D5086-B2A4-451D-89AB-27639DE772B7,mag14325,Ea,0,NULL,NULL,120.2600000,NULL,NULL,,NULL
112A178B-71E8-4927-8C15-0E0A26F43DA3,4F1CF16B-BFD9-4D53-97D8-2502884C1155,FF7211A3-33C2-4F26-81CA-990E1F87AC5A,s-19840,Ea,1,14,NULL,1.1200000,NULL,NULL,NULL,Ea
429B6685-D405-4066-9E6E-0E0D209D4B09,A7C38BAF-E42B-417B-9B8D-C912F18BDB01,461A1278-2076-4BC9-BDC8-0BE1215900B9,NULL,Ea,0,14,NULL,76.1609013,NULL,NULL,NULL,Ea
A371FF3C-8B20-44AA-BB13-0E0F094E581C,D4294F8C-5E01-4F3F-A0C3-10D50D5360EC,D8E53D79-45CD-47B8-B478-E97AE1888113,7999010026,Ea,1,14,NULL,3.6000000,NULL,NULL,NULL,Ea
6A987E14-0325-4B49-9396-0E12764D4469,A5A41D66-3B46-4EA4-818A-1FDAA7DD76B8,F0507E55-25F0-43E0-99AE-EAFBB5133752,CBLEDB6S,Ea,1,14,NULL,137.0000000,NULL,NULL,NULL,Ea
45D14645-DB4A-4EAE-AAC4-0E16E7920A71,D1741D79-DF2D-4A82-B3A8-DF82AAEB776A,E0D892B0-9F3A-4374-9862-6C2925FB8C9F,NULL,Ea,1,14,NULL,0.1500000,NULL,NULL,NULL,Ea
3E54B048-25C4-4407-BB3A-0E1D20B70ACA,52CC9A01-6E71-4C5E-8A70-091F7DE648CA,908DB00E-8689-4FAC-A6D1-ECC462197558,NULL,Ea,1,14,NULL,459.0000000,NULL,NULL,NULL,Ea
6B796AA0-F31E-4654-BA66-0E23140A398C,72C0FFD3-35FD-49C7-8625-C665412F7EF7,AA0F3D51-3906-450A-AD9E-68C5FBE8D4AD,TC15-428,Ea,0,NULL,5.3000000,5.3000000,2024-06-18 00:00:00.000,2.0000000,,Ea
007DA555-C51F-4FBE-8E09-0E356936779A,CDC00F4D-FB2D-4C5A-9B3B-1CB8CEB36E46,4689A645-9981-499A-98AA-AC816875A31C,428518 w/Mods,Ea,1,45,1078.5000000,1078.5000000,2024-10-23 00:00:00.000,1.0000000,NULL,Ea
BFF87459-5701-4F7D-80A3-0E36A34B5433,D234C222-45D7-43EF-9274-315F609556A4,8888D6F9-75E4-4B07-9E4B-700B06FE9043,9059H.1.0MM,Ea,0,14,167.7200000,167.7200000,2023-03-07 00:00:00.000,1.0000000,,Ea
23000BA9-DE3A-4DF0-A224-0E3C3979E609,56E4AFAC-FBD9-4D4B-ABAE-28340338BDDD,8888D6F9-75E4-4B07-9E4B-700B06FE9043,2C5151,Ea,0,14,NULL,42.9600000,NULL,NULL,NULL,Ea
B0BB9B91-8628-4B38-9D69-0E4367086928,58715ED1-F789-4C0E-BADB-DD5B50386ECB,BC974AE8-6072-4B84-93AD-18EE6B0F63E5,TS-0203-3020,Ea,1,14,NULL,28.2900000,NULL,NULL,NULL,Ea
EACA4FB3-C548-4293-B3C4-0E4F3D7F04BD,38C830F9-E9AA-42D9-8086-C77C751351C5,AA0F3D51-3906-450A-AD9E-68C5FBE8D4AD,SP15-106-4,Ea,1,14,149.3400000,149.3400000,2023-05-25 00:00:00.000,1.0000000,NULL,Ea
62468156-9313-4E04-8145-0E52A350DAA9,75E00A7E-3250-4461-A015-328AC749CB67,F7AFC18C-77EF-482C-98D3-3A4455E8A49C,38584017,Ea,1,NULL,NULL,132.7500000,NULL,NULL,,NULL
072F988C-A1C3-45D6-B56D-0E5773DA5F97,174B1E09-0796-4152-A20E-176A7D9F5DE4,CCB2A8AD-77BF-4F90-9AB5-213C49148A5F,743347-1,Ea,1,14,NULL,1103.1600000,NULL,NULL,NULL,Ea
F2D37DD8-FC97-4552-AE84-0E695247F431,152C0716-D397-44F8-88C6-442FD13842B6,7C91567D-EB42-4DA4-8F05-EFAB871DF672,TGI-308901,Ea,1,14,NULL,1234.9399414,NULL,NULL,NULL,Ea
05FFB05F-4BC1-4A46-953F-0E705B86B0E5,603A9C9B-84FE-4509-A496-C3C4E5D0753B,7C91567D-EB42-4DA4-8F05-EFAB871DF672,100064-1-KIT,Ea,1,7,NULL,24.2800007,NULL,NULL,NULL,Ea
0143F6C1-1A12-4810-AC1A-0E73460793CA,4F2A1678-3FA0-45B1-9389-96A158EC02D2,77A58A29-72F0-43DF-BBAA-5A3ABA788BF9,KU09007BK,Ea,1,14,NULL,6.2800000,NULL,NULL,NULL,Ea
332231F6-2CAC-42EC-816F-0E7C1FCD7015,3DDB3EC7-E09C-4C1C-824D-732AF4678A20,421E2116-C20F-4CBB-8002-01D045427424,BAJ523003DC,Ea,1,14,NULL,1147.4600000,NULL,NULL,,Ea
CB6A2091-6731-40DB-8C69-0E82C096E8A6,FDD270D3-7D5C-423E-B7FC-470139550D56,FF7211A3-33C2-4F26-81CA-990E1F87AC5A,S-4335,Ea,1,14,NULL,0.9900000,NULL,NULL,NULL,Ea
6437EAA3-9E29-44D2-B02E-0E99A0264D27,829FFF02-949F-4B4F-A880-846D36808ABB,E38F88D1-E515-42BF-AD4F-17F97CE8DF70,LC4FIF GK 4.56,Ea,1,14,NULL,356.4900000,NULL,NULL,NULL,Ea
2A3138C0-A37A-46AD-B07C-0E9A31DC1E35,720F5239-8986-4FA8-A74F-B59E47FF4E7C,7C91567D-EB42-4DA4-8F05-EFAB871DF672,110029-1-KIT,Ea,1,14,NULL,45.5400009,NULL,NULL,NULL,Ea
20A517DB-A89D-4645-98F1-0E9AA185FD45,6C8E5654-EC53-4081-BDA1-0C57A43FA60D,461A1278-2076-4BC9-BDC8-0BE1215900B9,FCT009,Ea,0,NULL,NULL,108.7900000,NULL,NULL,,NULL
98F89025-02C2-4D1F-9332-0E9CAD5DD638,55D7D418-0985-4228-88CE-392E07E9185B,437CE1EB-8E26-44EC-9EFD-D66F12B38B14,22202-35271,Ea,1,14,NULL,63.9800000,NULL,NULL,NULL,Ea
55BA7655-6E9F-4539-85CC-0EA6372E2F5A,7D8F56BF-B62F-4DDA-A214-F50C6E9A790E,437CE1EB-8E26-44EC-9EFD-D66F12B38B14,15103-75020,Ea,0,4,63.4100000,63.4100000,2023-04-04 00:00:00.000,1.0000000,NULL,Ea
9F612574-4D47-4F90-847E-0EAA7172D6D5,9D7081E4-1DFB-4974-B73F-2325D3336005,D78A6A99-84F9-4D8C-9CCC-241638ADD841,1018FL0.500X5.000,Ea,0,14,NULL,169.0000000,NULL,NULL,NULL,Ea
E0B8102F-285F-4D12-B617-0EB27D100D4E,19B9247A-C9B6-45BC-8563-EEA8984EA242,CEE30466-9655-4FD6-A125-7C818CA82A80,INT000223,Ea,1,14,44.9900000,44.9900000,2023-10-16 00:00:00.000,1.0000000,NULL,Ea
5A73B01B-1AB0-4C66-9420-0EB395763F3A,DCCF7A55-5D2A-4EAC-8E90-1E29B16CE1BD,5E25B22B-1C77-4B98-814B-2245575D9353,8.2104G,Ea,1,14,8.5600000,8.5610000,2025-04-04 00:00:00.000,2.0000000,NULL,Ea
4B7AC344-5194-458C-A6BC-0EB4BAC45C2D,DE99EDB8-AE54-4B2D-BDAD-160C682207AD,FA2859B4-2560-4413-9462-C39B77E87496,"6"" New LCE Flag",Ea,0,14,NULL,0.1784000,NULL,NULL,NULL,Ea
8A34B2E3-5EAA-4D40-BA86-0EB7112E74D7,B01039D1-4328-4332-A882-FE96C41A7568,AA0F3D51-3906-450A-AD9E-68C5FBE8D4AD,BT15-099,Ea,1,8,7.8700000,7.8700000,2025-04-11 00:00:00.000,2.0000000,,Ea
361A3F34-AF19-4237-88C9-0EB87B2B0F51,C5C7AC5C-EE19-428D-8328-971615B32FCA,DC1AAC1B-9781-4090-AF41-A2F4218A8C3B,F87EUS450,Ea,1,14,NULL,60.0000000,NULL,NULL,NULL,Ea
D66CECF7-53A4-41AD-9988-0EB99566842C,2F2C2571-149C-4D35-95D9-CF77FF0856FB,328EEFAD-E32F-424F-A896-08215AB07A3B,CC-21,Ea,1,14,18.3300000,18.3300000,2024-06-25 00:00:00.000,4.0000000,NULL,Ea
D7BB8591-755B-41EA-B0D1-0EC4B653EBB9,A4FB77B5-4E1E-4179-AE15-8CFCE84C7CD4,FF7211A3-33C2-4F26-81CA-990E1F87AC5A,S-7456,Ea,1,14,NULL,159.0000000,NULL,NULL,NULL,Ea
43907E37-99D8-41D7-8C71-0EC520829A86,B16FA6C7-DE96-4537-922F-7622DDF6386C,B2A0E072-EE8A-4B72-9B06-8A9A2A7D071A,TIVN-2047,Ea,1,7,15.5700000,18.2399998,2024-10-09 00:00:00.000,8.0000000,,Ea
15D36F07-81C7-46FF-90BD-0EC60022A2A7,E3C2043B-150F-4A8C-A27C-AA4350A2EC0C,B3284961-BF3F-473C-9378-693EEB31B41A,EC53001,Ea,1,5,44.7000000,44.7000000,2025-02-20 00:00:00.000,3.0000000,,Ea
794AA3FB-EB2A-4CC6-8494-0ECAB27B5065,C9AA72B4-6C77-476F-8A55-A44A44ED61CF,BFE83421-3940-4C15-A6EA-E91A713C8FD4,HG2000,Ea,0,14,NULL,5.0000000,NULL,NULL,NULL,Ea
8B928279-F5D2-4335-8255-0ED0034DDB05,2A00A8F5-9396-4BAD-81CD-66E52042164D,82FE7ED7-3F4E-477E-AFCF-B7B4EA36F327,49009,Ea,1,14,NULL,18.8700000,NULL,NULL,NULL,Ea
20EB9A97-3FF8-426B-ADF8-0ED38839605C,F26CAF7E-88E2-4FF3-BE9F-8D4AA815E69E,C98400E4-C1E2-4E30-A1D1-A3BCA3BE3623,FEY66000,Ea,1,14,202.2900000,202.2900000,2023-10-30 00:00:00.000,1.0000000,,Ea
74F894E3-384C-4EFD-97FD-0ED469EC7392,C4C77515-6B85-4B3F-B6B8-9E36BF64BBEE,437CE1EB-8E26-44EC-9EFD-D66F12B38B14,90480-15028,Ea,0,3,2.6500000,2.6500000,2025-01-14 00:00:00.000,5.0000000,NULL,Ea
B09117D3-8E2A-4EDD-BEFC-0ED99FC82723,633CB627-2FB0-49CF-89B7-7F77C40E9D74,461A1278-2076-4BC9-BDC8-0BE1215900B9,9227PT1,Ea,0,14,29.7900000,30.9900000,2024-02-16 00:00:00.000,1.0000000,,Ea
1636CDFE-F02C-42DD-A19A-0EDD5E407B66,1EB906D7-379B-4276-B251-55BCDD4D9FC5,BFE83421-3940-4C15-A6EA-E91A713C8FD4,,Ea,0,14,NULL,5.4900000,NULL,NULL,,Ea
45CEEA1C-F88D-4CE9-A462-0EDD8E641F74,84FE4EB3-2DCA-4C13-911E-3DCA2B3FE00C,F7AFC18C-77EF-482C-98D3-3A4455E8A49C,58541871,Ea,1,14,NULL,17.7900000,NULL,NULL,NULL,Ea
D029C7E1-6725-4A5C-AB2F-0EDF92FAEB55,468E0798-8900-4D87-B55D-6A1695A9B2CE,F7AFC18C-77EF-482C-98D3-3A4455E8A49C,88244959,Ea,1,14,NULL,32.0500000,NULL,NULL,NULL,Ea
DFF20B76-6127-48CF-A66A-0EE30900A8D4,2C298C40-6DD0-49E1-A34D-BCD3022554D1,59D7D386-B3A6-4230-A30A-D789A279B2C9,PP16059HD,Ea,1,14,NULL,125.0000000,NULL,NULL,NULL,Ea
410B0B92-2D81-40DD-BBE7-0EE3260FB8F4,C8CFB6DD-0FE4-4F9E-89F5-A4F3CCB9D19B,77A58A29-72F0-43DF-BBAA-5A3ABA788BF9,KT04004BK,Ea,1,14,NULL,124.7000000,NULL,NULL,NULL,Ea
E9728EB1-4EF5-4DDD-B1AC-0EF165D4F96B,93E0016A-36A2-4AF1-AC50-BF69946704F8,7C91567D-EB42-4DA4-8F05-EFAB871DF672,300993-1-KIT,Ea,1,7,NULL,6934.4101563,NULL,NULL,NULL,Ea
1D62BCC3-190E-4E56-908A-0EF63EE77BFE,8276B641-D274-4F57-85FE-4B357BACD205,908DB00E-8689-4FAC-A6D1-ECC462197558,NULL,NULL,1,14,NULL,NULL,NULL,NULL,NULL,Ea
44E7F54F-E1E9-498F-966F-0EF8F3855CEB,9252CA75-E3FD-4A96-AEE9-DA8AF70A1F1D,461A1278-2076-4BC9-BDC8-0BE1215900B9,31470-35041,Ea,1,14,15.2400000,14.7300000,2024-12-30 00:00:00.000,1.0000000,NULL,Ea
0BBD14A9-7007-4E53-A58D-0EFA82B39DDB,29AA5ABE-620D-436E-B7FD-DCB6481F396C,461A1278-2076-4BC9-BDC8-0BE1215900B9,67010,Ea,1,NULL,1.8000000,3.2500000,2025-04-10 00:00:00.000,4.0000000,,Ea
E7B6DEA4-FB46-47DC-8D2F-0F145BE6FCEF,D0D6996E-1DD5-4F38-AD6C-B7AE60DC19AF,835FB8B3-624C-4D18-BE83-6C50762C244B,280-0110,Ea,0,6,209.0000000,209.0000000,2023-03-15 00:00:00.000,1.0000000,NULL,Ea
847F933A-7E68-4E16-A8F9-0F1D49F69949,43C38188-6703-4D06-817D-07730463BFE6,AA0F3D51-3906-450A-AD9E-68C5FBE8D4AD,BR15-099/.25MM,Ea,1,14,NULL,19.0300000,NULL,NULL,NULL,Ea
163D2D26-A13F-4188-92D6-0F1E282ACE2A,FAC7C659-18BD-4C89-8D97-F4EC5A525598,8888D6F9-75E4-4B07-9E4B-700B06FE9043,PO15-M544,Ea,0,14,NULL,84.8332993,NULL,NULL,NULL,Ea
69131308-87E9-4BD8-B2E8-0F41033A7B1D,83BEBD04-38A0-4E98-BA4F-09B23E03F1B0,325D4967-0FF7-4E49-B31C-EFB861C89751,RK2808-5,Ea,1,14,NULL,271.6100000,NULL,NULL,NULL,Ea
29F90FDC-109D-47E9-9F87-0F426C3B5D73,3C2374AE-EC48-479D-AD4E-CA368CBD5884,ACE4210B-59D6-4855-A219-08CD158EDE44,H7671,Ea,1,14,NULL,39.9500008,NULL,NULL,NULL,Ea
42D68E38-37F4-4707-A4EB-0F4443B0578C,FCC1BDBE-B64B-421C-8CA4-03BA1BC21A5E,C77D5086-B2A4-451D-89AB-27639DE772B7,WAL 400-939,Ea,1,6,18.3900000,18.3900000,2024-04-10 00:00:00.000,9.0000000,,Ea
2CC839E5-4933-49CF-8BF9-0F4A0CB19C6A,ECF10810-71BC-4CCB-A895-172A7B6382E6,7C91567D-EB42-4DA4-8F05-EFAB871DF672,100504-1-KIT,Ea,1,14,NULL,905.2800293,NULL,NULL,NULL,Ea
C6C88BCC-5404-4F54-BA89-0F55247A3009,C7643CE9-E012-4878-BFCC-E280342A9835,E38F88D1-E515-42BF-AD4F-17F97CE8DF70,YA-TNOBIRF-A,Ea,1,14,NULL,426.6300000,NULL,NULL,NULL,Ea
9A7FD633-BE26-4703-BC92-0F5859D07D4D,4D5CCCFB-6A33-46C9-85BF-ACF27D968A0A,880F6828-145D-44CF-9A84-15CB6BBDC4EC,3BARMAP,Ea,1,14,NULL,78.7500000,NULL,NULL,NULL,Ea
20408AC3-40F2-4187-8334-0F59F2D39C1D,5E9AE3AC-7570-4E67-8682-B0D54D49C745,58F65BA9-6115-4C83-AF00-0A0A03A176FD,NBH259440,Ea,1,5,5.4900000,15.3500000,2025-04-11 00:00:00.000,3.0000000,,Ea
7623AB9B-0A2F-41E2-9898-0F65E30BB855,F2A71544-AF8B-41B6-A2D7-F05B897BED83,FF7211A3-33C2-4F26-81CA-990E1F87AC5A,S-12608,Ea,1,14,NULL,1.1600000,NULL,NULL,NULL,Ea
FE5F9B1B-78B9-479D-A70A-0F6F10A532D7,829D087D-F81A-44D3-A39E-823BF15D310C,119C42C6-7493-45B2-A683-2EFD76885005,NULL,Ea,0,14,NULL,NULL,NULL,NULL,NULL,Ea
D8A3F31F-9481-4073-98C0-0F6F985018A8,07B4A1E9-0581-4684-B596-1E4B728F412B,437CE1EB-8E26-44EC-9EFD-D66F12B38B14,13753-6B110,Ea,1,14,12.8700000,11.9800000,2024-07-12 00:00:00.000,3.0000000,,Ea
BCDFABAD-3402-4E37-A4DA-0F7374C1EA6B,75E58B73-D9D1-4A42-9853-15973B4A6918,8D06AA0F-E18E-4A8D-854A-B36FA641F317,1140975020,Ea,0,14,10.3200000,10.3200000,2024-08-28 00:00:00.000,6.0000000,,Ea
9D96CEA9-B68A-40E7-A3D5-0F791A094238,BA424CB0-93B1-40F0-8EF4-BFE2EB57FD6F,8888D6F9-75E4-4B07-9E4B-700B06FE9043,SPRM544DR/L-3,Ea,0,14,NULL,150.3362018,NULL,NULL,NULL,Ea
1509EF61-20CE-4F1F-8C63-0F7B2D484807,2218C2A8-87AF-4BD4-B185-5F080D328E40,C77D5086-B2A4-451D-89AB-27639DE772B7,knnRU-1500,Ea,1,6,56.4700000,60.2800000,2024-09-05 00:00:00.000,1.0000000,NULL,Ea
708C66ED-C8C0-4AB1-9F01-0F7DDA75700D,C4FDDED9-71B5-44A2-9122-7576AC340891,8D06AA0F-E18E-4A8D-854A-B36FA641F317,3112620060,Ea,0,14,10.8000000,10.8000000,2025-01-13 00:00:00.000,10.0000000,,Ea
DBA1A105-B982-4DBF-A0EC-0F844A282CE9,A2BA15C8-1B6C-4EF6-8604-D60DF1E195C1,7C91567D-EB42-4DA4-8F05-EFAB871DF672,302525-1-KIT,Ea,1,14,NULL,680.8200073,NULL,NULL,NULL,Ea
8C35E9C6-8CBE-4075-AE96-0F8A57036F02,A6204971-571C-4A0C-B16E-8231D8E0F275,ED81E940-8A2C-49F0-9B60-5455840F5CEA,NULL,Ea,0,14,NULL,NULL,NULL,NULL,NULL,Ea
858C71F5-B6B6-41DF-94B9-0F8D7D9E2084,C37F9B89-B167-43E3-A482-88D638A829E0,75E066E8-966A-4881-AE1D-8B25AE5EC77E,NULL,Ea,1,5,NULL,NULL,NULL,NULL,NULL,Ea
CEACA056-58C3-4881-B790-0F90944ED093,FC9776BF-82EF-45B4-AFFA-2BBEA56AE3C9,E0D892B0-9F3A-4374-9862-6C2925FB8C9F,13N09,Ea,1,14,NULL,1.3900000,NULL,NULL,NULL,Ea
1D127873-B911-469F-80E6-0F92B3BBA569,34FC1C76-B94C-4050-8E69-7A1DA48DE1DD,B2A0E072-EE8A-4B72-9B06-8A9A2A7D071A,NULL,Ea,1,14,NULL,NULL,NULL,NULL,NULL,Ea
64413CB2-0ABD-4983-92C9-0F9B30A05A09,7141D4ED-B360-408F-8DBA-9E0E2028784D,77A58A29-72F0-43DF-BBAA-5A3ABA788BF9,KT60004,Ea,1,14,NULL,47.3400000,NULL,NULL,NULL,Ea
E83189F4-FA9F-4637-B193-0FA098E8F41F,9B05B285-D695-437A-8AC0-541D8C12CCF4,B2A0E072-EE8A-4B72-9B06-8A9A2A7D071A,CF-SHIM-SIZE,Ea,1,7,NULL,3.0600000,NULL,NULL,,Ea
6E9496A8-281F-4AF3-A6DD-0FA0A922D792,C7414768-B7AD-4BBB-B617-4F9C945B01B5,ED81E940-8A2C-49F0-9B60-5455840F5CEA,NULL,Ea,0,14,NULL,NULL,NULL,NULL,NULL,Ea
86850160-82FD-4D97-A0B6-0FA47CD4166D,4CD551D7-2DAE-44C0-AE68-CEDBEBC324AE,7C91567D-EB42-4DA4-8F05-EFAB871DF672,302524-1-KIT,Ea,1,14,NULL,545.3400269,NULL,NULL,NULL,Ea
AAF65891-1226-4B07-88A4-0FA7A57AF672,91100C53-3D67-4ED5-8730-B20DEFA26F3D,59D7D386-B3A6-4230-A30A-D789A279B2C9,NULL,Ea,0,14,NULL,NULL,NULL,NULL,NULL,Ea
B30C046A-1C9F-44B3-A203-0FA8E47C4421,1D002DA1-9954-451F-85AB-444F62CDDF77,31621A9E-E490-41E7-95D5-9BC8974F52F3,NULL,Ea,1,14,NULL,111.3200000,NULL,NULL,NULL,Ea
1844B87A-812E-41D6-A220-0FA8E5A00BC4,4FF4EF83-B136-4F81-8180-75748356ED98,7C91567D-EB42-4DA4-8F05-EFAB871DF672,111311-1-KIT,Ea,1,14,NULL,9.8699999,NULL,NULL,NULL,Ea
A4DA13B8-49A2-4980-8DCD-0FA8FD268EAB,95011555-37F5-4043-B8D7-9832B7844A13,8D06AA0F-E18E-4A8D-854A-B36FA641F317,1226135011,Ea,0,14,10.5200000,10.3200000,2025-01-09 00:00:00.000,5.0000000,NULL,Ea
F9ED8C1D-9119-4B8D-B51B-0FAD788FD6CC,C4240AF5-C4F5-46EB-9A53-2E758038CA42,B8ADF8E0-8A6A-460F-AA9D-30BB6B717861,13912-35010,Ea,0,180,NULL,17.8300000,NULL,NULL,NULL,Ea
3B6055EE-DFA2-44B5-8CFD-0FB4176E2140,40F7E3DB-E7EE-4722-8742-8C55714B2473,6AC980C4-6CD7-46C0-B8E3-0F8EC945D787,THY-517-C,Ea,1,14,NULL,398.0000000,NULL,NULL,NULL,Ea
03F615A0-3494-4380-A838-0FC1B27C79B2,EFB3ED12-8EBB-4C2D-A232-BFB87F62CDF3,8D06AA0F-E18E-4A8D-854A-B36FA641F317,1514775020,Ea,0,NULL,1.1500000,1.1500000,2024-11-08 00:00:00.000,6.0000000,,Ea
8038E385-DA85-45D9-8F5B-0FC8B07ADAC1,0676EBA4-9F58-4ECE-9CCC-7D7CEE5E1C1D,B2A0E072-EE8A-4B72-9B06-8A9A2A7D071A,NULL,Ea,0,14,NULL,NULL,NULL,NULL,NULL,Ea
0056B35C-9733-4001-A94B-0FC913E9D6FA,72C0FFD3-35FD-49C7-8625-C665412F7EF7,5D8B1CD3-8F5A-460A-B3FA-E399242AD18F,TCS45568,Ea,0,4,14.4900000,14.4900000,2023-09-29 00:00:00.000,6.0000000,,Ea
B9E6651A-5C02-4307-B6DD-0FCEBD73D266,A6EA4596-7FDB-4016-B1FD-399614F585AE,7C91567D-EB42-4DA4-8F05-EFAB871DF672,111261-1-KIT,Ea,1,14,NULL,180.7700043,NULL,NULL,NULL,Ea
A6E0FF9A-6205-4561-957A-0FE6BA181D1E,93AFCEDA-C88C-40A5-9112-FC04FA73C3C8,7C91567D-EB42-4DA4-8F05-EFAB871DF672,186013-KIT,Ea,1,14,NULL,23.9099998,NULL,NULL,NULL,Ea
345C486A-4F48-43D7-A929-0FE810E44D62,311E4ACB-5803-40B8-9D87-4752942E4901,AEF0E85C-F75C-4C04-89A7-D068EDC9F6CD,OME-901,Ea,0,14,NULL,192.6000000,NULL,NULL,NULL,Ea
356E3874-DC0E-47C5-9116-0FE9137673C0,0E4C8C26-39C9-4E0C-A87E-93ED16986045,77A58A29-72F0-43DF-BBAA-5A3ABA788BF9,KT61004BK,Ea,1,14,NULL,67.0700000,NULL,NULL,NULL,Ea
95A1D408-DFA7-426B-88DA-0FF44C80E004,62B856C7-8F39-4BF9-ABB6-68C7D2113A21,421E2116-C20F-4CBB-8002-01D045427424,BAJ451001,Ea,1,14,NULL,365.4600000,NULL,NULL,,Ea
BE7082BA-E29A-48BD-8C42-1008EF964361,E78A156A-9171-4BD1-BB47-B76A36814B81,59D4D413-6860-43A9-9105-7558343F7E18,4R FM,Ea,1,14,NULL,100.9300000,NULL,NULL,NULL,Ea
51429FE3-1223-47CE-A33B-100C05853FB6,75A00FEB-AEE6-4A59-B244-EF02B978229A,82E39241-23EE-47A9-9469-6D98ACF5C0C9,13885 & POWER CABLE,Ea,1,14,269.0000000,269.0000000,2025-03-19 00:00:00.000,1.0000000,NULL,Ea
D4BCCE33-B0B8-4333-B65B-101230B82DBB,7935539A-5334-4319-BC6E-F3C5F19063B8,A78FFEE7-6780-4B19-AEFF-50EE078254EA,3GENTACV6EMK-A-Black,Ea,1,NULL,NULL,350.0000000,NULL,NULL,,NULL
04A4A568-59F0-4184-93AA-101A0757F96D,E0B722F3-CF47-4DFF-953A-AB6EB069DF84,AA0F3D51-3906-450A-AD9E-68C5FBE8D4AD,15-7026,Ea,1,6,11.1600000,11.1600000,2025-03-05 00:00:00.000,100.0000000,,Ea
09A76100-8803-41FF-A7EF-101A0BFDF291,EF152E20-DB78-41E7-A5E2-8A706D12CE28,6184DA58-BA64-4C9D-A7B0-5A3947924EAC,NULL,Ea,0,14,NULL,NULL,NULL,NULL,NULL,Ea
56415A6E-4A0A-4618-AA9D-101B85B6DAB0,A3370FC7-5625-4A9E-8BC1-A23156CDED17,461A1278-2076-4BC9-BDC8-0BE1215900B9,FHT002,Ea,0,14,NULL,133.7900000,NULL,NULL,NULL,Ea
D5B7255F-6270-4EA3-95FF-101D0AFCB658,3EF0760E-473F-4A00-8B1C-98F6F54305C9,B8ADF8E0-8A6A-460F-AA9D-30BB6B717861,19101-25070,Ea,1,120,1.3900000,1.3900000,2024-07-18 00:00:00.000,50.0000000,,Ea
E89B30F1-CB6C-4338-9821-1021C29B2EC3,BD97CCE9-4D3E-4418-869A-AA952E49EB2B,8888D6F9-75E4-4B07-9E4B-700B06FE9043,11-745-2,Ea,0,14,80.0000000,80.0000000,2023-07-31 00:00:00.000,1.0000000,,Ea
261F3790-76E9-4E48-8670-10312F46C6A5,DF5961C3-EEFA-49C0-A0EC-2BF2B3C1BF06,78490A0D-DA09-40AF-8C4A-CC8F103B178B,880723,Ea,1,14,NULL,1228.5000000,NULL,NULL,NULL,Ea
05D5A8B7-3D62-41ED-B6F6-103C31E8B7F2,3EE23784-7688-4515-ADE1-72A55A34DBBA,C0FECECF-203D-42E4-9E1D-E938064B5A7C,IVTO31,Ea,0,6,7.0200000,7.0200000,2023-07-28 00:00:00.000,12.0000000,,Ea
4E7EB78E-5248-40EA-A36B-103CFFCB3BAB,5F342F63-FD13-435F-980A-1E2FCE5EBCA3,AA0F3D51-3906-450A-AD9E-68C5FBE8D4AD,SPRC572-3,Ea,1,14,152.0600000,152.0610046,2024-11-18 00:00:00.000,2.0000000,NULL,Ea
96FA5454-1CAF-4083-9A3D-103D3AE84A7C,563A6DC7-7EF4-4809-A0C5-923BC956A1F6,8D06AA0F-E18E-4A8D-854A-B36FA641F317,9043018023,Ea,0,14,0.8100000,0.8100000,2024-05-15 00:00:00.000,10.0000000,,Ea
DFDAB732-96BC-4B74-8A5E-104DA1CD2797,EB7AC33F-A61A-481D-A559-5D54146CD060,EAB3D033-3B77-42EE-AA7E-E149CA540D10,5346K61,Pk,1,3,13.3700000,13.3700000,2025-03-03 00:00:00.000,1.0000000,,Pk
C1D58EA4-1819-4661-85C8-10501896BC75,2EDC6E90-18A0-4862-BE53-C73C6A44A093,E0D892B0-9F3A-4374-9862-6C2925FB8C9F,NULL,Ea,0,14,NULL,NULL,NULL,NULL,NULL,Ea
F0905B1E-63F3-4F14-9ACA-1051BCF0A0F7,3A09AA74-5C24-4DCD-A682-F58F69EF7A6F,461A1278-2076-4BC9-BDC8-0BE1215900B9,THP101,Ea,0,NULL,2.3800000,2.3800000,2025-03-12 00:00:00.000,10.0000000,,Ea
D2B2D52D-4298-44DC-8B6C-1054F0B85BC3,D91FBA6B-DA98-4DC8-BB9A-07BE3681B41F,421E2116-C20F-4CBB-8002-01D045427424,NULL,Ea,1,14,NULL,NULL,NULL,NULL,NULL,Ea
D0857997-745C-4E18-A610-1067899CCF22,5B90D5DB-B1BB-43AF-98EA-11FC9A07BA4E,A4CBC26B-F5E2-4E99-A57C-E4E2C818D4CF,,Ea,1,NULL,NULL,56.7900000,NULL,NULL,,NULL
B3AB59EC-9171-4F48-A91F-107D20A3E1C8,AF865AB6-6BBD-45DE-BD8D-5F02CF4C928B,FAEA0CC8-F177-46F0-B3F4-8976731029F6,Inv #176207 Blank F1943P,Ea,1,14,NULL,40.0400000,NULL,NULL,NULL,Ea
59F2BBBF-5262-44E2-9D98-109013511403,C351AAF7-F67A-4EA1-A32C-899B30E494A0,E38F88D1-E515-42BF-AD4F-17F97CE8DF70,LC4FIF GK 4.88,Ea,1,14,NULL,356.4900000,NULL,NULL,NULL,Ea
A1ECE58B-F43E-48F0-89A5-10964A2E65AD,4BC10298-82B7-474D-9904-21EC9FA6D6F4,FEE52324-C3B3-4631-BA1A-0449E871F44B,SMB2747,Ea,0,NULL,NULL,363.2000000,NULL,NULL,,NULL
4D121A09-6A03-4319-B48A-10A9735BD98C,C92B54D2-715A-48EA-A5D2-685A082C8209,FF7211A3-33C2-4F26-81CA-990E1F87AC5A,S-3478,Ea,1,14,NULL,55.0000000,NULL,NULL,NULL,Ea
13FAE1D0-8FD9-46DA-B46C-10B320F6FE7E,09E65428-4F54-401F-87B2-F09451A704C7,8888D6F9-75E4-4B07-9E4B-700B06FE9043,SPR507-4,Ea,0,14,NULL,114.4493991,NULL,NULL,NULL,Ea
C7EC34A5-D564-497F-97A0-10B53FA2B0D5,0E05E57F-6D85-487D-9936-372AE0171C6A,8888D6F9-75E4-4B07-9E4B-700B06FE9043,38-909,Ea,1,7,19.6900000,19.6900000,2025-01-17 00:00:00.000,6.0000000,NULL,Ea
6BA68114-C4F3-4172-AAEC-10BC1735FC21,1C828B1E-2831-491A-91C2-B802312D3D13,7C91567D-EB42-4DA4-8F05-EFAB871DF672,180114-KIT,Ea,1,14,NULL,35.2900009,NULL,NULL,NULL,Ea
17E8DDF0-E065-497D-AAEC-10BC8932A4D2,518795B3-A68A-4CFF-BDF4-053EA3A95B3B,8D06AA0F-E18E-4A8D-854A-B36FA641F317,9031660004,Ea,0,14,20.8500000,20.8500000,2025-01-21 00:00:00.000,10.0000000,,Ea
4B9D8E70-A60F-4C33-BE26-10BCDDEDCD7D,76EF2109-30B1-4DA9-9132-CE04D1E618D1,AEF0E85C-F75C-4C04-89A7-D068EDC9F6CD,OME-906,Ea,1,14,NULL,0.0000000,NULL,NULL,NULL,Ea
5CD59883-1DDE-448C-9CBF-10C26A3C9A0E,2A407545-F489-4891-964E-C588289F5A8D,437CE1EB-8E26-44EC-9EFD-D66F12B38B14,22250-35040,Ea,1,14,NULL,NULL,NULL,NULL,NULL,Ea
4AC85588-7617-4A48-ABB0-10CE635EDE34,F5D1FBC0-FA3B-4B60-9F53-AF85D44B6592,FF7211A3-33C2-4F26-81CA-990E1F87AC5A,S-4146,Ea,1,14,NULL,1.3500000,NULL,NULL,NULL,Ea
F1D63573-839F-41C9-9F28-10E0001F31F5,CB57DB1A-6C73-4B95-B7F0-81A4E8B22F16,CA7E8C98-FCF7-4300-8FF9-206AD2787427,90-135,Ea,1,14,NULL,134.5200000,NULL,NULL,,Ea
CE1CF80A-2698-4ED5-964C-10E95B18078D,36355E62-6F9B-4E41-AFAC-23454B0A8420,75E066E8-966A-4881-AE1D-8B25AE5EC77E,48608,Ea,0,14,NULL,22.0300000,NULL,NULL,NULL,Ea
78B1C957-BCD8-4018-902F-10F07663AB8E,BDA6AAD0-C543-4656-93F2-81B00EE6C4E8,1165ED90-7B30-4C36-8BD1-9631E22F9C72,,Ea,0,NULL,48.0000000,48.0000000,2024-03-07 00:00:00.000,300.0000000,NULL,Ea
9955C962-C637-4421-BB25-10F7C0F5B26D,2AFB7BC3-024F-4780-9E98-8F98626F7460,7C91567D-EB42-4DA4-8F05-EFAB871DF672,140210-1-KIT,Ea,1,14,NULL,648.7999878,NULL,NULL,NULL,Ea
361D1B82-300F-4364-9CE7-11002AE43462,C8115975-39EF-48EA-8670-0158C707B383,20CC9E25-767E-43E1-836A-2BAADFD8DBBF,200-8500,Ea,1,14,0.7600000,0.7100000,2025-03-05 00:00:00.000,54.0000000,NULL,Ea
36816C0E-98F3-4B47-89A7-1100A1BA0DA6,95C006CF-7368-4432-B8A5-153A40BB7B7D,B44F749D-0619-4344-A081-BCFFFB1226E7,1826-1200-0910,Ea,1,30,405.0000000,405.0000000,2025-03-12 00:00:00.000,1.0000000,NULL,Ea
5BFAA9F6-90A8-4F95-96DE-1113AFFDD6F9,CF1972F7-22D7-4230-B988-4E30A61A6392,226A4EE0-FA4C-4335-925D-B6993CE5E1CB,1636,Ea,1,NULL,249.6900000,249.6900000,2025-03-19 00:00:00.000,1.0000000,,Ea
2AA0CD1D-E49B-47AC-8E9B-111422E53090,1EEE5FBD-E379-466B-AE92-AEC787D51251,E4E65E32-204E-4AC1-8291-DF6F4441FA00,NULL,Ea,0,14,NULL,NULL,NULL,NULL,NULL,Ea
A6BC80C4-C3E0-4873-AB79-1117A9BD8A0D,72262F87-F6A4-42E0-BAE0-90BB709AF0FC,75E066E8-966A-4881-AE1D-8B25AE5EC77E,55101,Ea,0,5,10.9700000,10.9700000,2024-09-25 00:00:00.000,4.0000000,NULL,Ea
9B3C3F71-B81F-4625-8D97-111EDADB01E0,00CF6EB9-9785-4F93-94ED-80273F71C043,7C91567D-EB42-4DA4-8F05-EFAB871DF672,301179-1-KIT,Ea,1,14,NULL,1512.7600098,NULL,NULL,NULL,Ea
A12822D9-5A50-4CD4-AFED-111F8B3BDA87,528CC6B1-3EEA-4630-8C7E-863E478605AC,8888D6F9-75E4-4B07-9E4B-700B06FE9043,CB1781A(4),Ea,0,14,19.1500000,19.1500000,2024-07-11 00:00:00.000,1.0000000,,Ea
D6891997-303E-46AB-8179-112053BBBD16,6A4B4FB6-D7EA-4411-956B-A3BC4E5E7F6E,D8E53D79-45CD-47B8-B478-E97AE1888113,9618112031,Ea,1,14,NULL,0.2600000,NULL,NULL,NULL,Ea
15498320-23CB-48E4-9FD6-1121840E861B,559C1907-4333-49BA-A857-B5567A0FDD85,8D06AA0F-E18E-4A8D-854A-B36FA641F317,1510375010,Ea,0,14,35.1500000,35.1500000,2024-03-04 00:00:00.000,1.0000000,,Ea
71598615-C727-409B-8D0D-113183BC0620,5DC1A11E-CDD2-46DF-8E66-17BC09AEE8B7,7C91567D-EB42-4DA4-8F05-EFAB871DF672,180110-KIT,Ea,1,14,NULL,35.2900009,NULL,NULL,NULL,Ea
E20A8F84-34C1-495E-A49C-1133BE9B20A0,94A061A1-200D-4CED-A767-5D823D9B6C62,B3284961-BF3F-473C-9378-693EEB31B41A,DEI010112,Ea,0,14,NULL,99.2500000,NULL,NULL,NULL,Ea
9C4C5A9C-9EA1-4F15-BEED-113567FE43DB,CDEDC3E5-28C3-4CCD-A64A-00E134ABE64A,FF7211A3-33C2-4F26-81CA-990E1F87AC5A,S-4492,Ea,1,14,NULL,1.3000000,NULL,NULL,NULL,Ea
817C5320-85E0-41DF-8BE1-1136A889E68C,ABB2B5D6-E631-4981-8D4E-FB0541D01CFC,8888D6F9-75E4-4B07-9E4B-700B06FE9043,9049.1.0MM,Ea,1,6,180.6400000,180.6400000,2024-06-19 00:00:00.000,1.0000000,,Ea
2BCA655C-7C7A-40FC-A3D2-113F7D9CF966,8FFF3A2A-EBE7-4751-8519-A9A62BC838E4,835FB8B3-624C-4D18-BE83-6C50762C244B,73801 SIZE 1.50,Ea,1,6,3.4100000,3.4100000,2024-12-30 00:00:00.000,6.0000000,NULL,Ea
16009405-0F44-4E9D-908B-114016F50F8F,772C4CF8-3AA3-4BD9-A99B-E7E1E3C5EFCC,C2F2885C-3BBF-4641-B905-059DCC7B71C8,S/B2783,Ea,1,14,NULL,1234.9500000,NULL,NULL,NULL,Ea
49F23956-1059-475A-A803-11505D5A3FC4,0FAA0C43-F90C-4BAD-A4DE-95DEA1D4F5FF,99DF82E6-4A76-41F7-917C-FCBBCDECC9DA,NULL,Ea,1,14,NULL,21.8000000,NULL,NULL,NULL,Ea
938C4309-B6A5-4708-9AC5-11562147907B,DC336D08-6913-4CB0-A4C6-A91AC3997326,5CE18026-B617-4061-A550-B95DE17344EE,NULL,Ea,0,14,NULL,NULL,NULL,NULL,NULL,Ea
1CBD3620-2F1F-40F4-BE34-1156E896116B,7A4B670D-BD24-4DBF-8DBD-DB01696165FF,C5D8758D-C90B-4D84-9D3E-4C3A10BEC5AA,1008-1597,Ea,1,14,NULL,0.2500000,NULL,NULL,NULL,Ea
A6125630-F18A-4061-BF0D-11612E814DF0,B8CED18D-5ADD-489D-AE5E-4C77576F51FC,E75C05B6-0E14-4E40-9DC9-D3FFDE37D3DA,234-9009,Ea,1,6,NULL,129.9100000,NULL,NULL,,Ea
983697EC-B511-4DFB-8D7C-1172F143ABB9,16525634-C428-4548-9167-788BC92C1316,835FB8B3-624C-4D18-BE83-6C50762C244B,138.44103,Ea,0,7,NULL,11.7200000,NULL,NULL,NULL,Ea
7C5CC9D9-28AD-42FE-91B9-1185B669B543,ACA90502-4178-4B54-95B1-83030E6CA0DD,C77D5086-B2A4-451D-89AB-27639DE772B7,knnE-2820,Ea,1,6,NULL,45.8200000,NULL,NULL,NULL,Ea
D03E9B36-989F-42A2-9ED5-1189DFE8BC29,2CCF52A8-803E-4310-B0DC-38B1F9275917,07C1FA8E-90C7-47A9-A7AB-66B2E5B305F3,502964,Ea,0,NULL,270.0000000,270.0000000,2023-11-27 00:00:00.000,4.0000000,NULL,Ea
643E61ED-D9F8-42B9-8BAB-1190ADC79D33,37520D45-EFE2-4355-99A8-08A0500A40A0,DCB43726-B566-42C5-BD4C-9028F8894E6A,57-1323H-BLK,Ea,1,14,NULL,76.6999969,NULL,NULL,NULL,Ea
231A819C-87F8-4092-80AD-1191C36CB5F7,C9CCEC08-A297-4052-A7FC-B8A326EAABA5,F7AFC18C-77EF-482C-98D3-3A4455E8A49C,00066241,Ea,1,14,NULL,52.6200000,NULL,NULL,NULL,Ea
2DB53F08-359B-49FD-8CF5-1199CE90CC6B,24D8395E-F1AF-43AD-A06E-BB112C1C0CC8,461A1278-2076-4BC9-BDC8-0BE1215900B9,2C4911,Ea,0,14,NULL,54.7900000,NULL,NULL,NULL,Ea
9A601944-6AA6-4D0D-90FB-11A5CC17BB73,BF901785-8C73-4AB8-BE83-DE4E34C6B31C,C77D5086-B2A4-451D-89AB-27639DE772B7,WES61001,Ea,0,6,NULL,160.8800000,NULL,NULL,NULL,Ea
9DEEEF32-219C-4C5D-819D-11AC61F36272,5B4EB7CB-FEE6-4C3B-AC41-BC987C01EFE2,437CE1EB-8E26-44EC-9EFD-D66F12B38B14,22202-35271,Ea,1,14,63.9900000,63.9900000,2023-05-08 00:00:00.000,2.0000000,NULL,Ea
AC01DEDD-63D7-460F-A66B-11AE5D42C5A7,5B9A14DC-66CA-410D-B0EF-C176B10B266A,5E25B22B-1C77-4B98-814B-2245575D9353,NULL,Ea,0,14,NULL,138.7900000,NULL,NULL,NULL,Ea
2E062AB6-3E0C-46F1-A10F-11B63DDB5CC1,61062026-AECC-4A9A-A6DD-115A8B841C69,BFE83421-3940-4C15-A6EA-E91A713C8FD4,FS22030-MLS,Ea,1,14,72.0000000,72.0000000,2024-09-06 00:00:00.000,3.0000000,NULL,Ea
5194E1EB-936D-4804-A34E-11B9B969F603,3453BE45-60D1-4CD1-9155-61A9A1AF4E71,437CE1EB-8E26-44EC-9EFD-D66F12B38B14,96711-24017,Ea,1,5,4.2100000,3.8300000,2024-12-03 00:00:00.000,50.0000000,NULL,Ea
8C48A329-5FDC-401C-83C5-11BD648F9A7C,73C931E3-49A1-4376-A24D-FBE0FC7AB65E,7C91567D-EB42-4DA4-8F05-EFAB871DF672,300135-KIT,Ea,1,14,NULL,566.2000122,NULL,NULL,NULL,Ea
AD5E2CC4-9191-4170-A5E4-11BE36FE2D2C,24E7D8BE-69BC-4E26-9AD3-01C1992D0DA1,7C91567D-EB42-4DA4-8F05-EFAB871DF672,110037-1-KIT,Ea,1,14,NULL,998.7300000,NULL,NULL,,Ea
3C8C8D9F-2F50-4B5E-B36C-11C13F219C9A,508594D9-50E8-48B7-84C7-0043C7340E41,7C91567D-EB42-4DA4-8F05-EFAB871DF672,303798-KIT,Ea,1,14,NULL,47.6100006,NULL,NULL,NULL,Ea
1C300B66-F9CC-4DE7-9D61-11C55D160D9E,43D7882A-DCAC-48DC-8F31-709DEDBA1BF5,5E25B22B-1C77-4B98-814B-2245575D9353,8.5117G,Ea,1,14,13.9950000,13.9930000,2024-10-09 00:00:00.000,2.0000000,NULL,Ea
A2230AA2-DEC5-42FB-8F41-11C980DD0C24,941EAFA5-F24A-4EB0-A242-06F5160BC75A,79A0357E-1069-4CE4-9B0F-431264AFE93C,BLK SILICONE HOSE(10FEET),Ea,1,14,NULL,11.0000000,NULL,NULL,NULL,Ea
410798BC-BD91-4736-BED0-11CF3D0B6636,A3F59652-6B81-4159-8648-F96CEE5C6700,DCB43726-B566-42C5-BD4C-9028F8894E6A,57-1477-BLK,Ea,1,14,NULL,118.3000031,NULL,NULL,NULL,Ea
36BDC38B-9666-4904-AD66-11D0236CD8CD,56556759-323B-4F11-9016-26D06CB4E0C9,EAB3D033-3B77-42EE-AA7E-E149CA540D10,9263K273,Pk,1,3,10.6000000,10.6000000,2024-08-08 00:00:00.000,1.0000000,,Pk
4C8C3408-5BA5-45E8-8CF5-11D0BF2C07BE,AEE17785-F9E1-40B2-B62A-2D5E03861EBA,DDDBC990-EB4D-41A3-8E80-83F44251A579,842-12306,Ea,1,14,NULL,118.9200000,NULL,NULL,NULL,Ea
B1EE18D4-969D-47C3-AC97-11D3D83EE025,ECD7ADB9-50F4-4CB9-AE56-0B21922A6D8F,C77D5086-B2A4-451D-89AB-27639DE772B7,WES76000,Ea,0,14,NULL,307.1700000,NULL,NULL,NULL,Ea
61DD460B-D5EB-4383-B1E7-11DA2E88DBC8,F9E6CF5B-3194-4C1E-9021-113124E7C621,77A58A29-72F0-43DF-BBAA-5A3ABA788BF9,KT60003,Ea,1,14,NULL,55.2300000,NULL,NULL,NULL,Ea
39D14695-E5A3-414F-828E-11FC4AE17E4B,96419382-06AB-4DBA-9273-A8D150ACFA24,5A90633E-FD70-49EA-A507-F106593C83FC,PC38,Ea,1,NULL,259.9900000,299.9900000,2025-02-28 00:00:00.000,1.0000000,,Ea
47C7469F-3A75-4AA7-817A-11FE7316B576,7FE69BDB-9177-4344-9C0B-EC1E96D2375F,1B814E60-7558-4EA7-B810-996D77754B9E,,Ea,1,NULL,NULL,77.5600000,NULL,NULL,,NULL
3918724A-F897-4934-A36C-120FA58D89D8,B44CD13A-329D-47CA-BDF0-E2CA3EC5CA88,D52F1F4A-A2A8-4BFD-B26C-30E5F8BF28A1,2M4216-40,Ea,0,14,NULL,27.7100000,NULL,NULL,NULL,Ea
8504DCED-E410-4640-A150-12178EBF6AA8,6A6717D1-4189-48B2-8DB6-F18AAA4120DC,050255AD-57C7-4949-BC97-8673C1D4D148,1020552,Ea,1,14,305.0000000,305.0000000,2023-06-29 00:00:00.000,5.0000000,NULL,Ea
14E722DB-8881-4B73-BF03-1226B7FA0EDF,06458A90-6A10-48DB-965F-5A22886ACB6D,8888D6F9-75E4-4B07-9E4B-700B06FE9043,CS8807,Ea,1,6,39.6300000,39.6300000,2025-02-26 00:00:00.000,1.0000000,,Ea
D7D54F94-C15B-4DB6-B48C-1238B6798341,631F8135-1CD3-4CF5-BDDA-5AE870D3CE4D,1FD4FE88-9E6A-4EF8-B062-B09AC0D77CAB,,NULL,0,NULL,22.1000000,NULL,2024-12-12 00:00:00.000,-6.0000000,NULL,Ea
A589CF45-9596-45F9-BC4F-123A2248E674,C0C3C6CE-EEA6-43F4-9C63-45B07103D2FD,77A58A29-72F0-43DF-BBAA-5A3ABA788BF9,KT09100BK,Ea,1,14,NULL,29.9600000,NULL,NULL,NULL,Ea
6C06E86E-7C05-4B83-9993-123C7A7E03A1,4D41870D-077F-4453-8878-D1443C75D4E3,835FB8B3-624C-4D18-BE83-6C50762C244B,45046-39385,Ea,1,6,9.9600000,9.9600000,2025-03-25 00:00:00.000,8.0000000,NULL,Ea
31069A8F-0993-42F0-82F0-123CAF2A1E98,72C87DA9-F2BE-4191-B995-B25D1607FD7D,DCE73E57-59A9-4BFB-8163-F2C0B0B7A688,NULL,Ea,1,14,NULL,22.5000000,NULL,NULL,NULL,Ea
C69C48F6-77F3-4BBE-A553-124003122E4A,93C10BE6-9F26-4589-B010-8DA690B4EBAB,1FD4FE88-9E6A-4EF8-B062-B09AC0D77CAB,,Ea,1,NULL,NULL,12.0000000,NULL,NULL,,NULL
3D64531B-F3A3-4622-A482-1243B2D2FDB5,66CAAE03-400D-434B-AE25-50DFA705BFAB,421E2116-C20F-4CBB-8002-01D045427424,EXP917514x2 / EXP12127x1,Ea,1,14,NULL,78.2700000,NULL,NULL,NULL,Ea
37C5A922-2E44-4619-8A0B-12443A595376,64539655-F3E4-41D3-9A57-B6288EF8F51B,D258A5D9-FBCF-4BD7-92FD-086A22E28BDF,C56010-275-4-E,Ea,1,14,NULL,108.0000000,NULL,NULL,NULL,Ea
B3FE65DF-62FC-4D42-9D8B-125A72B5F212,79A4C3F1-83AA-4525-8D78-1131A5642C92,833943B8-7916-442F-A1CB-702E83FBC2F2,"M9400C (1.5, 2.0, 4.0)",Ea,1,14,NULL,139.7600000,NULL,NULL,,Ea
B1BDA7D3-C033-452E-8556-126B5B15D041,B9A560B9-781F-494D-B87D-DCD406063447,7C91567D-EB42-4DA4-8F05-EFAB871DF672,104102-1-KIT,Ea,1,14,NULL,1391.0400391,NULL,NULL,NULL,Ea
4A17E732-E41D-4D81-9281-126FF4A4B60B,E8E95B3F-43FB-4E44-BDA8-A007BADCCE69,98B2D628-AA44-4875-8492-1149032E785E,702439,Ea,1,14,NULL,16.1200000,NULL,NULL,NULL,Ea
5DA5FE13-CE68-48B2-9A64-1272782548FB,5FD32931-D005-46E1-9477-13C2A4EBF3EE,2F3A9077-5FE1-43E1-959B-D5F402A50D42,814409,Ea,1,14,NULL,301.5000000,NULL,NULL,NULL,Ea
2C5BB3DD-4499-43D4-8224-1272A0CC6AA4,AF8FB132-2D0B-4644-A07F-A80FCFDC19D7,59D4D413-6860-43A9-9105-7558343F7E18,TAC Letters,Ea,1,14,NULL,20.6600000,NULL,NULL,NULL,Ea
F981F507-174D-421D-99FC-12758ABFB513,A26F58E3-5085-43E5-A034-63D4D5612227,461A1278-2076-4BC9-BDC8-0BE1215900B9,0911652,Ea,1,14,50.7900000,45.8900000,2024-05-24 00:00:00.000,1.0000000,,Ea
9E277C63-4EC7-4A40-84C3-127788D5B07C,E1673346-1069-4356-85D3-537970AF8913,D46685DB-DE48-44FD-B08C-D107FD45960E,NULL,Ea,0,14,NULL,NULL,NULL,NULL,NULL,Ea
401D3209-E690-4970-AD05-127C52400F02,3EC52FC5-225F-4B50-B698-2F7E4B8F28F9,DCE73E57-59A9-4BFB-8163-F2C0B0B7A688,"DB1031R (1/4""-1018 PLATE)",Ea,1,14,NULL,29.0000000,NULL,NULL,NULL,Ea
770D8E7C-09BE-4795-9995-127E8A036068,778CFF92-37FB-4027-BEC2-0964BFC15F18,AA0F3D51-3906-450A-AD9E-68C5FBE8D4AD,BR15-099-2,Ea,1,14,24.9300000,24.9340000,2025-02-12 00:00:00.000,1.0000000,NULL,Ea
77355E10-1035-418F-BF83-128413F73146,A2F1F8E4-22DE-4261-8277-3BB42756CCE3,F7AFC18C-77EF-482C-98D3-3A4455E8A49C,85129088,Ea,1,14,NULL,14.2500000,NULL,NULL,,Ea
4813596A-6384-4EF4-AC02-128A61E2D379,93D7C6D0-484F-4880-83F8-BEC7B65B1843,4BDF24EA-8C6C-4953-ACAD-A02BD6973465,CH144N,Ea,0,14,NULL,179.0000000,NULL,NULL,NULL,Ea
4A430F7F-D9BD-439C-9C99-129B34EB86C6,4BF6CF9D-18A4-4B98-B3E2-FDF40B3C4344,D1BDA443-BD84-4B9D-8D48-7DFFF0CB56EA,NULL,Ea,1,14,NULL,4.8900000,NULL,NULL,NULL,Ea
C4DDECE7-E14C-4084-8E83-12A3B1670283,62852DF1-9F31-40DB-A7E8-F64D0BE4E9AA,835FB8B3-624C-4D18-BE83-6C50762C244B,74822 SIZE 0.55,Ea,1,6,NULL,4.1800000,NULL,NULL,NULL,Ea
441FA812-C2D0-47D7-8ACE-12AE10C212E8,5466320C-FC43-40CA-BB08-16559D93DEB1,4689A645-9981-499A-98AA-AC816875A31C,1014133A W/Mods,Ea,1,14,719.0000000,719.0000000,2024-10-02 00:00:00.000,1.0000000,NULL,Ea
CC7D29E1-F1A8-4431-99C3-12B000255E8E,843BAD96-C51A-4D2C-8A87-86B8BDF26C56,D8E53D79-45CD-47B8-B478-E97AE1888113,9858108125,Ea,1,14,0.2926000,0.2926000,2025-04-03 00:00:00.000,1000.0000000,NULL,Ea
662F6F2B-FBBA-4AF5-BE8F-12BA85C9618D,0E0245E1-733A-46B8-ABD6-2D4C96D6ED43,9927E931-773B-469A-97FA-BDA996AE959A,TKT025,Ea,1,21,174.4100000,174.4100000,2025-04-14 00:00:00.000,2.0000000,,Ea
DB98FEFC-09A1-4A92-A05D-12BB6192DB70,85F1AF7A-7F37-49FE-922D-2A089F98BB9E,AA0F3D51-3906-450A-AD9E-68C5FBE8D4AD,VN532,Ea,1,14,4.5300000,18.1219997,2023-07-11 00:00:00.000,48.0000000,NULL,Ea
2CD26609-8C7D-4116-81CB-12BBACFB599B,F2955232-E3B2-4B19-B4FE-CC48894F698F,070F8B68-60B2-4F5D-9BDA-D617B40789F4,66-5001,Ea,0,14,NULL,109.9500000,NULL,NULL,NULL,Ea
8ED85F81-7D77-4B2E-B104-12C2C49B5389,FAF6AC6B-3317-4E7D-9DDD-370569B181AE,D1BDA443-BD84-4B9D-8D48-7DFFF0CB56EA,NULL,Ea,1,14,NULL,NULL,NULL,NULL,NULL,Ea
26B6F71C-B94F-4B84-BBE7-12C9C1179208,1DBEAF18-06E2-478C-86FC-2BEB15C22C38,437CE1EB-8E26-44EC-9EFD-D66F12B38B14,23260-39065,Ea,1,14,NULL,129.2300000,NULL,NULL,NULL,Ea
A70CC5E0-1F88-4EA9-BE6D-12D4A14406F1,DBF2E0B4-C2FA-4762-B0AB-2086B5088DC5,F7AFC18C-77EF-482C-98D3-3A4455E8A49C,91206748,Ea,1,NULL,NULL,27.8000000,NULL,NULL,,NULL
A7E5DCC8-9A7D-42C9-B2EA-12DECF9483A9,373C7027-32D8-41BC-8386-0C9EC5C12AD4,8888D6F9-75E4-4B07-9E4B-700B06FE9043,5645-30,Ea,1,4,32.5800000,31.4400000,2024-10-04 00:00:00.000,1.0000000,,Ea
CBD1C56A-22CD-4F2E-9040-12E6F96ED036,097B9D34-EB18-47A3-9CA1-B334E75E92BB,908DB00E-8689-4FAC-A6D1-ECC462197558,NULL,Ea,1,14,NULL,5.0000000,NULL,NULL,NULL,Ea
1163D506-C761-4D82-AC6E-12E740269196,200A74BA-8D87-4FB4-8977-00C60F4D3A2A,4E7FEB53-859A-49CE-9B03-6967DD8D377B,69-00-20-001-K,Ea,1,14,NULL,80.7500000,NULL,NULL,NULL,Ea
A1390957-57B1-472D-9664-12F0AB306F5D,0A252A0D-3E54-4ABC-9071-57F1858F0891,119C42C6-7493-45B2-A683-2EFD76885005,NULL,Ea,0,14,NULL,NULL,NULL,NULL,NULL,Ea
6CAA071B-F58D-4DF9-A064-12F1CDF69BE3,906DE0C9-CF89-49B2-AE3D-85E427610130,C77D5086-B2A4-451D-89AB-27639DE772B7,BUS30002-07,Ea,1,14,NULL,253.5000000,NULL,NULL,NULL,Ea
CFE0761B-03E8-474B-BD31-12F2CECC508F,4027201C-E7A8-4BA4-9B3D-606F35BFB1E4,72A4F6BF-FDCD-4DC8-9A19-A26988DD3C70,,NULL,0,NULL,NULL,NULL,NULL,NULL,NULL,NULL
7D474AA7-8B87-479D-A751-12F4D7DB3A7C,C9583354-2166-45D5-AAEF-CE7E8EDC2791,CC573844-F309-44A7-B01B-1EA5B96029B5,NULL,Ea,1,14,NULL,0.7500000,NULL,NULL,NULL,Ea
11FC252D-6B17-44A3-BA11-12FA1F6DE465,462FF289-B1E5-46A8-9E1D-D745EDE289AB,E38F88D1-E515-42BF-AD4F-17F97CE8DF70,YGLTV6-30,Ea,0,14,NULL,456.5000000,NULL,NULL,NULL,Ea
8F0242B7-2FCE-4864-A970-12FCBB572E9B,C5B831BC-11A9-430E-BC5E-3DBA748672A3,DC1AAC1B-9781-4090-AF41-A2F4218A8C3B,13 OHM Fuel Injector(270-,Ea,1,14,NULL,74.0600000,NULL,NULL,NULL,Ea
6C57C4EB-DC0E-4438-AE4D-12FE61B86339,57D16165-315B-4A61-B816-8FA616B19B13,33C0AD8D-D07E-44D9-85F5-3CCBF379C7B8,NULL,Ea,1,14,NULL,NULL,NULL,NULL,NULL,Ea
5587152F-4071-48C7-9765-1302A6A72005,BA79A2AC-5F32-425A-9A7D-D78C365417FA,437CE1EB-8E26-44EC-9EFD-D66F12B38B14,90344-53015,Ea,1,14,NULL,6.1800000,NULL,NULL,NULL,Ea
1FB7A9BB-8DD8-4B55-9332-130471BEEA88,8DAF8F44-A7B5-444C-B796-1D6C83724CC6,A78FFEE7-6780-4B19-AEFF-50EE078254EA,,Ea,1,NULL,32.0000000,32.0000000,2025-03-10 00:00:00.000,1.0000000,,Ea
E5C727AB-D572-43B6-A7C7-130867C34B44,78884654-70C4-4BAA-8C68-284DC3694D8D,461A1278-2076-4BC9-BDC8-0BE1215900B9,AFS8050,Ea,0,14,NULL,69.9900000,NULL,NULL,,Ea
023F9207-5C36-4B2D-8CE9-130DC119FD75,D9BAFC4C-E757-4E1C-9D85-79CAD6C0BCD4,D22ED868-C906-458C-826D-5FA1E92CE057,03-0950,Ea,1,14,NULL,12.9500000,NULL,NULL,NULL,Ea
80A1B3B1-4EF4-4E1B-A992-130F0EE53860,46972DC6-AE43-4B7A-88A8-8A9CA7E636DC,D1BDA443-BD84-4B9D-8D48-7DFFF0CB56EA,NULL,Ea,1,14,NULL,NULL,NULL,NULL,NULL,Ea
CEDEB34F-D521-4266-B838-131A2F60DB12,6AC22D52-D67C-4A39-8090-0D194A74AAB5,75E066E8-966A-4881-AE1D-8B25AE5EC77E,VS50357R,Ea,0,14,22.6100000,22.6100000,2023-03-29 00:00:00.000,1.0000000,NULL,Ea
3DDACD3A-D178-4FF9-8381-13228CB34C46,93F7DB34-0470-40EB-A083-CF12778A73BA,8888D6F9-75E4-4B07-9E4B-700B06FE9043,VR15-944,NULL,0,NULL,NULL,NULL,NULL,NULL,NULL,NULL
98369A2F-F4F9-49F5-8276-13271FCCD548,C587466B-ED11-4287-8991-E642D628D2D5,35E1B34A-DBBB-46BC-B79B-550C86F087E1,66-5002,Ea,1,7,NULL,87.9600000,NULL,NULL,,NULL
9079F12A-6198-4D0C-88BE-1327E05FB22F,67ACDEC2-01F2-40EA-8E79-087EE91DA485,1C799F90-E348-4C66-A5E6-F89E61621EF4,96000BK-4H,Ea,1,14,NULL,3180.2800000,NULL,NULL,NULL,Ea
A5A41AED-7888-44AA-A939-13301ED81355,9E2FDBDA-3615-49BA-8ECB-492A6248B985,B52B9664-32BE-4F4D-BD84-0F7528249AAC,H15-89,Ea,1,14,NULL,7.5000000,NULL,NULL,NULL,Ea
A5C49236-7D6F-4175-80AB-1337177C5301,F1FBA977-BFCE-4CBD-BEC8-8F26211C0C20,7C91567D-EB42-4DA4-8F05-EFAB871DF672,300599-1-KIT,Ea,1,14,NULL,145.9900055,NULL,NULL,NULL,Ea
5235F468-E73F-4EFA-B3A0-133D077EEE79,DD2954AF-390F-4278-BC93-634D63FB4784,D8E53D79-45CD-47B8-B478-E97AE1888113,9399910041,Ea,1,14,NULL,NULL,NULL,NULL,NULL,Ea
96D0259A-24A3-45DD-8CA2-134845368148,C006169F-BB4F-4B02-A8F1-CE702E697DE8,F7AFC18C-77EF-482C-98D3-3A4455E8A49C,85300085,Ea,1,14,NULL,6.8000000,NULL,NULL,NULL,Ea
FC3E57A0-D218-44B3-B97A-1349EF3955B2,53126A80-B1FB-4560-B3D8-E7D6F293BBA6,F7AFC18C-77EF-482C-98D3-3A4455E8A49C,74456997,Ea,1,14,NULL,58.9800000,NULL,NULL,NULL,Ea
228E997E-970F-4E70-ACDA-134B2ECBC154,A36095C7-7F64-4F60-959E-A4CF025072B3,D8E53D79-45CD-47B8-B478-E97AE1888113,9338106020,Ea,1,14,NULL,0.0457000,NULL,NULL,NULL,Ea
AC612A85-7E1A-43C2-8A2B-135203EC2338,0B889D93-A36A-457D-8DD8-FAE754191485,9C464640-083C-4012-8C78-F44BDE5997B4,57-1784-BLUE,Ea,0,14,NULL,83.1600000,NULL,NULL,NULL,Ea
9DF5A2C5-760C-4AA8-B151-13562F22ED45,088C3D25-0ABA-4C1D-90E1-4893BB5B2DFC,F7AFC18C-77EF-482C-98D3-3A4455E8A49C,63266589,Ea,1,14,NULL,39.1500000,NULL,NULL,NULL,Ea
F8E88746-5F55-4CC3-9A8F-135A4FC9F915,0E1F9A71-1361-4EBC-8A61-2C71B3FF71AD,5E25B22B-1C77-4B98-814B-2245575D9353,8.18102G,Ea,1,14,128.2400000,128.2400000,2025-03-28 00:00:00.000,2.0000000,NULL,Ea
ADDC3196-515F-4B22-878C-136B2558FB57,8F01F62D-1829-4F0C-B712-D098790DABD9,7C91567D-EB42-4DA4-8F05-EFAB871DF672,302170-1-KIT,Ea,1,14,NULL,6934.4101563,NULL,NULL,NULL,Ea
1B4B7C39-7BDA-44F1-9009-13705B125E69,CEADE1D9-84C8-4A1D-BC69-FF986B14131D,F0507E55-25F0-43E0-99AE-EAFBB5133752,CBLEDB6C,Ea,1,14,NULL,137.0000000,NULL,NULL,NULL,Ea
17D1B911-A0DC-46F1-9071-137AE5119476,6BBFAD88-150C-4F3F-BE44-F372676007B3,7C91567D-EB42-4DA4-8F05-EFAB871DF672,120165-1-KIT,Ea,1,7,159.3900000,159.3899994,2025-03-19 00:00:00.000,1.0000000,NULL,Ea
8BD617ED-C644-4D33-BFA2-137C2D252072,E5A93BF9-039E-40B4-9737-6D1B3F29739B,437CE1EB-8E26-44EC-9EFD-D66F12B38B14,43310-39016,Ea,1,NULL,NULL,46.7100000,NULL,NULL,,NULL
20C95373-5EF9-415F-BB25-1392A15CC3FE,24886D1A-EE9D-449E-A3C3-D80C743CBE4C,EAB3D033-3B77-42EE-AA7E-E149CA540D10,91458A560,Ea,1,3,3.5300000,3.5300000,2025-03-19 00:00:00.000,50.0000000,,Ea
05B0087F-4A48-41E8-9A74-139E683F67A3,C651E243-D7DE-43BC-B1A0-C0786B5F2F01,437CE1EB-8E26-44EC-9EFD-D66F12B38B14,12302-35120,Ea,1,14,NULL,81.3500000,NULL,NULL,NULL,Ea
A1B6BF10-A657-4DDC-AA84-13A2C542D755,ECDA343B-1AB8-49EA-85B7-05408BA6F737,F7AFC18C-77EF-482C-98D3-3A4455E8A49C,65146359,Ea,1,NULL,NULL,9.2600000,NULL,NULL,,NULL
D2D2FC5E-C672-4720-8FB0-13A4B6C7A70E,5CDAB672-8F52-45C8-A0A0-B1B5E28856F9,4BC2D119-3C92-4B84-9745-2B89095A22AE,G92832,Ea,1,14,NULL,92.0000000,NULL,NULL,NULL,Ea
044E8921-D812-44B4-B32D-13AA49AE829E,D645E60D-70AB-4178-95E6-949E30FFA191,99DF82E6-4A76-41F7-917C-FCBBCDECC9DA,,NULL,0,NULL,NULL,NULL,NULL,NULL,NULL,NULL
C0C77CBF-D581-4953-836C-13CC26C9DF88,AB71436F-ED12-4003-BFAC-FBA037550D7C,A29ABB64-93BC-400C-A871-E48D86D344F0,NULL,Ea,1,14,NULL,633.6000000,NULL,NULL,NULL,Ea
6CAA4363-D623-46E1-BE2C-13CC2E79EA9B,BF3DE890-FB4C-4A36-865A-74FFB598CE0E,82E39241-23EE-47A9-9469-6D98ACF5C0C9,11514/200AMP,Ea,1,NULL,NULL,275.0000000,NULL,NULL,,NULL
E1FCD4FD-4046-402A-84E0-13CD3BEC1820,4486507A-0979-4E1B-9DF8-E180C4989390,07C1FA8E-90C7-47A9-A7AB-66B2E5B305F3,NULL,NULL,1,NULL,0.0000000,NULL,2024-03-28 00:00:00.000,1.0000000,NULL,Ea
9BEC7455-3B1D-4257-9380-13D278BC95D7,7A09A9A0-4FBB-4903-A81F-1286C28996C4,32AA8D0E-A0ED-4E4C-993A-AB566C347E88,,NULL,0,NULL,23.0000000,23.0000000,2024-02-15 00:00:00.000,1.0000000,NULL,Ea
ADC14F19-B0EF-4ED3-A39A-13D4D7771581,070C6396-65FE-4BD1-A35A-4D06259816CA,E0D892B0-9F3A-4374-9862-6C2925FB8C9F,770237,Ea,1,14,NULL,2.6350000,NULL,NULL,NULL,Ea
FEADEB2C-D581-4F02-A8EA-13D740324F2C,B44E5A0E-A8D3-491A-AAA7-B223F16AD643,A29ABB64-93BC-400C-A871-E48D86D344F0,149I 104 450,Ea,1,14,NULL,210.0000000,NULL,NULL,NULL,Ea
11BC7465-F1E0-4CED-802D-13E12500EB50,3C59BEB5-1BCE-4889-9819-88605E4B701E,DDB57916-6F40-41FD-86BA-CF1173F81C6C,11302-35010,Ea,1,14,45.0000000,45.0000000,2024-08-12 00:00:00.000,100.0000000,,Ea
44EF1662-175E-425D-80CA-13E610D4C77C,A5376FC1-FA99-4B90-8A0B-5BFCE037A0BC,E38F88D1-E515-42BF-AD4F-17F97CE8DF70,YZLTV6-30,Ea,1,14,NULL,656.5000000,NULL,NULL,NULL,Ea
57CA84C1-1E60-45EB-959D-13E954B4F5F5,2603872E-1830-40D0-9F8B-24190D4C26C7,C77D5086-B2A4-451D-89AB-27639DE772B7,knnE-1200,Ea,1,6,94.1300000,105.7600000,2023-05-19 00:00:00.000,2.0000000,,Ea
F09C99B8-6BE3-4CE4-8167-13ED1BC33BD8,726C536D-C7AE-4CB0-BC2C-550165070FB3,B2A0E072-EE8A-4B72-9B06-8A9A2A7D071A,CF-SHIM 3.00,Ea,1,7,3.5700000,3.5699999,2025-04-02 00:00:00.000,16.0000000,,Ea
DC1AE9F7-AC3D-4031-B761-13F7070CF448,FE6CE5AC-26C0-47A8-8020-B087CAB4C0D4,437CE1EB-8E26-44EC-9EFD-D66F12B38B14,44250-35042,Ea,1,NULL,554.4000000,525.6100000,2025-04-03 00:00:00.000,1.0000000,NULL,Ea
789B003E-4053-44CB-B19F-13FB8628C388,20C76EC7-710B-4885-9F9A-C599B75793FE,6171E136-0B47-4D45-B620-ECE6DA1C89E1,TR-380.4R.TU,Ea,1,14,NULL,1558.4000000,NULL,NULL,,Ea
6BD59D02-737B-4A29-9216-13FBFCF9439D,72999F78-E270-44AC-99BD-2EB1D789DA93,8888D6F9-75E4-4B07-9E4B-700B06FE9043,MS1590A-.75MM,Ea,0,14,NULL,47.7300000,NULL,NULL,,NULL
933F7BB3-A2DC-493E-8D42-13FC415C7CC9,9C707968-6904-4A5B-8E74-738B66EA1687,7C91567D-EB42-4DA4-8F05-EFAB871DF672,130282-1-KIT,Ea,1,14,NULL,475.5100098,NULL,NULL,NULL,Ea
34EA36E5-7FB5-4C0A-88DA-14037F983DCD,4CEB3138-6466-4C48-BD7C-4DD29330A548,437CE1EB-8E26-44EC-9EFD-D66F12B38B14,16321-62020,Ea,1,4,NULL,85.5600000,NULL,NULL,,NULL
A5134B61-EDBA-4C2A-935B-14039D92E728,516FB04B-BF79-4324-89D0-D8CE361D5B17,461A1278-2076-4BC9-BDC8-0BE1215900B9,HS26185PT-1,Ea,0,NULL,43.7900000,43.8900000,2024-10-07 00:00:00.000,2.0000000,NULL,Ea
8D16FF34-3A98-4FA1-8EBD-140953FEBC75,9BD74304-D7F4-43CB-82FE-CD352DEF25FA,461A1278-2076-4BC9-BDC8-0BE1215900B9,35244,Ea,0,14,2.2900000,3.1800000,2023-03-21 00:00:00.000,2.0000000,,Ea
D202D214-E95F-481A-BE53-140C2A4DB393,944D1120-C3D4-448C-8136-189305B7DF45,A3CF6102-0E6F-4C53-8498-7DAED116433D,NULL,Ea,1,14,NULL,NULL,NULL,NULL,NULL,Ea
C376E57A-3A95-4CB0-9D39-140E503CDD14,1166EFAA-D76C-46EC-B5CB-DBA1287DF000,F120E7D9-2198-402A-B297-06A9F53F37F7,15100-35020 OPT-054,Ea,0,14,NULL,34.8000000,NULL,NULL,NULL,Ea
10E522EF-79C7-4B48-B256-140F66B9A3BF,E277EC97-D810-4F1B-9027-41989AADA953,7C91567D-EB42-4DA4-8F05-EFAB871DF672,100517-1-KIT,Ea,1,14,NULL,2431.8100586,NULL,NULL,NULL,Ea
B20E1A83-A1AC-4DB9-95B2-140F7770B1E3,059CC467-8F7A-4201-BF09-2165283B88F7,6171E136-0B47-4D45-B620-ECE6DA1C89E1,TR.2037,Ea,1,14,NULL,438.4000000,NULL,NULL,NULL,Ea
E79DEE34-B0FB-4E69-AB07-1410ADC170CE,1C82066C-9EBA-4F5D-968C-51D50E6ED15A,E75C05B6-0E14-4E40-9DC9-D3FFDE37D3DA,234-4150,Ea,1,6,NULL,44.3500000,NULL,NULL,,Ea
68AA9C1E-F5AC-43B4-9C25-14139EFFE433,5FE31D27-5B33-4D41-BA79-A7619BA3D24E,B7E61317-D37C-44C0-89CE-85681EA5B121,63-9023,Ea,0,14,NULL,217.1500000,NULL,NULL,NULL,Ea
2A5F7061-20A8-46CD-8690-1428F436BEFA,7D8F56BF-B62F-4DDA-A214-F50C6E9A790E,AA0F3D51-3906-450A-AD9E-68C5FBE8D4AD,PO15-M570,Ea,1,6,49.3700000,49.3700000,2025-03-04 00:00:00.000,2.0000000,,Ea
2D30BBCA-ED9B-406C-B054-143974B0656D,C0B8CA9A-22DD-49AA-A9AE-A4A3B0DEF8CB,D1BDA443-BD84-4B9D-8D48-7DFFF0CB56EA,34HEX61,Ea,1,14,23.0000000,23.0000000,2023-06-05 00:00:00.000,3.0000000,NULL,Ea
0A377CC5-454A-4924-AA0C-143B67AF233E,3147C0E9-5475-443D-B4D2-11FC4D42D6A9,119C42C6-7493-45B2-A683-2EFD76885005,NULL,Ea,0,14,NULL,NULL,NULL,NULL,NULL,Ea
EEBD619F-3E57-4E41-A64D-143BEAB4B779,6B7C01E8-66DC-401E-9F50-FB2DD904368A,B2A0E072-EE8A-4B72-9B06-8A9A2A7D071A,CF-SHIM 2.60,Ea,1,7,3.0600000,3.5699999,2024-03-01 00:00:00.000,10.0000000,,Ea
8B75A7CD-8459-4389-8779-14438ECD385F,E3A66ED4-E863-434E-A6A9-F35E7809C905,32AA8D0E-A0ED-4E4C-993A-AB566C347E88,,Ea,1,14,NULL,30.0000000,NULL,NULL,,Ea
31A10D21-3BEE-4125-9FCD-1456D4E20654,E2F92F16-7464-45CC-97F5-4A4A52E66CF4,7C91567D-EB42-4DA4-8F05-EFAB871DF672,100071-1-KIT,Ea,1,14,NULL,163.3800049,NULL,NULL,NULL,Ea
18A152E1-F729-4F7A-B486-145CFD23F75E,7817530E-4732-4E74-B809-249878D80453,421E2116-C20F-4CBB-8002-01D045427424,NULL,Ea,1,14,NULL,NULL,NULL,NULL,NULL,Ea
DF697FB3-CD19-4E3D-8450-146ACF7CE471,FAA42C38-CE43-4265-B97A-E849A6AF5C3D,A29ABB64-93BC-400C-A871-E48D86D344F0,# 88A/1022018A,Ea,1,14,225.0000000,225.0000000,2024-11-18 00:00:00.000,4.0000000,NULL,Ea
7724AB07-F6C4-48E5-9E06-147D405F58A7,ED4557F6-47E7-4445-AEC3-A4BE92C06B25,C77D5086-B2A4-451D-89AB-27639DE772B7,knn60-1170,Ea,1,6,138.4500000,138.4500000,2025-04-15 00:00:00.000,3.0000000,NULL,Ea
A0766B70-9D60-41C5-BD3B-14826A7DF360,CC5C5727-7D53-4932-9CBB-C4583921525E,B7E61317-D37C-44C0-89CE-85681EA5B121,E-3461,Ea,1,14,NULL,28.8600000,NULL,NULL,NULL,Ea
76F51C26-F87E-4CC8-BC51-1490B57EFD05,10D74A3E-3BE7-4FB5-BB46-944FCCE7C930,B7E61317-D37C-44C0-89CE-85681EA5B121,63-9034,Ea,1,14,NULL,307.6800000,NULL,NULL,NULL,Ea
71AE64B4-6DB9-421A-B339-1491086AEA12,76D1EF2F-D098-4012-9280-3001F18F9E42,75E066E8-966A-4881-AE1D-8B25AE5EC77E,CQ1726,Ea,1,5,NULL,0.6700000,NULL,NULL,NULL,Ea
C49C8DB1-5B06-4EEB-9919-14A2D20B7C77,D6E545F1-78BD-4431-AB55-F34C8AFB85B7,F7AFC18C-77EF-482C-98D3-3A4455E8A49C,56940117,Ea,0,NULL,NULL,20.5000000,NULL,NULL,,NULL
788FA430-0C44-4E15-B09D-14A76678148C,3B90AD98-A65A-4AE6-A6F7-D3F85B49DB9D,40FC3740-80BA-4E8F-BBB8-7BD5DBCAD051,CAR11225P,Ea,0,14,NULL,56.0000000,NULL,NULL,NULL,Ea
388AA628-5243-4573-8AAC-14B74B6ED06A,0E84008E-C6BA-4C8D-92ED-1198A42F02F5,9C464640-083C-4012-8C78-F44BDE5997B4,57-1839-RED,Ea,0,14,NULL,87.5700000,NULL,NULL,NULL,Ea
9AA89A7C-8C9A-4B27-8899-14BCE8C53532,27926D0D-214E-4682-AB9C-5DEAD46A002F,D5B21FB2-353B-49CB-BAAB-D0CC2DC25A16,25-1710,Ea,1,14,NULL,380.0000000,NULL,NULL,NULL,Ea
65B83C12-8FCC-4213-8C46-14C3208A8723,A0665D8A-57EB-4AB7-A8C7-857C8DD361B0,2F3A9077-5FE1-43E1-959B-D5F402A50D42,PBH000253,Ea,1,14,NULL,98.2500000,NULL,NULL,NULL,Ea
E505F16E-5BD1-4CD1-AF71-14D16B77B2D9,45EF1F40-EE67-470F-9F13-17FB82596185,6171E136-0B47-4D45-B620-ECE6DA1C89E1,TR380.4R.TU,Ea,1,14,NULL,1558.4000000,NULL,NULL,,Ea
E3D187B1-EA39-4FC7-A927-14D7F4841750,CC679292-7455-4711-9905-03901E8080DF,1FD4FE88-9E6A-4EF8-B062-B09AC0D77CAB,,Ea,1,NULL,10.6000000,10.6000000,2024-10-17 00:00:00.000,12.0000000,,Ea
DEC9C85F-46FC-483B-B317-14E07C975F4D,CF280F46-B6C3-4689-ACE3-6AEF70215D47,C58221A1-5DC8-4552-B0E8-E046D993B56E,AS50-16-12,Ea,1,14,0.1900000,0.2000000,2024-11-04 00:00:00.000,500.0000000,NULL,Ea
6EDC101E-0EBE-44AB-8B0E-14E228BBD1B9,BB71D1B0-5400-405D-999C-A244F1849E5D,82FE7ED7-3F4E-477E-AFCF-B7B4EA36F327,19275,Ea,1,14,NULL,531.7100000,NULL,NULL,,Ea
AF71C778-D829-4E59-94FA-14F05DB51F88,4C52B5A3-CED5-4448-A44F-E22C9EC35853,8888D6F9-75E4-4B07-9E4B-700B06FE9043,2M4689-30,Ea,1,7,38.2000000,39.5900000,2023-04-18 00:00:00.000,2.0000000,,Ea
F86C026D-43D0-433D-9599-14F3761CAE85,ADF81C8F-FCF0-42E0-8BEA-4467C24EDED4,B3284961-BF3F-473C-9378-693EEB31B41A,SNG36310,Ea,1,14,NULL,24.3000000,NULL,NULL,,Ea
9D339C2E-A7C5-49C3-B4AE-14F4921A8DD1,1EEE5FBD-E379-466B-AE92-AEC787D51251,25A1257A-C88E-48D6-A30B-14FED280915F,NULL,Ea,0,14,NULL,NULL,NULL,NULL,NULL,Ea
E0611EE7-7008-4D9D-BE4A-14F6A17108E2,E26DF762-CBF1-4B2A-A134-B67B86CBB356,8888D6F9-75E4-4B07-9E4B-700B06FE9043,SPRC570-4,Ea,0,14,NULL,157.3400000,NULL,NULL,,Ea
CA5A5EDC-B797-4FB5-BAE9-14F83A2DEC09,477E26C8-0C02-4CBD-8359-4F1D84D002E9,DCB43726-B566-42C5-BD4C-9028F8894E6A,57-1468-RED,Ea,1,14,NULL,88.4000015,NULL,NULL,NULL,Ea
71DC2101-CD1A-4DAA-9E68-14FACCF93F3F,CA914D67-73BB-466D-8E7B-C6599CD9C0B1,835FB8B3-624C-4D18-BE83-6C50762C244B,90311-48014,Ea,0,6,7.8700000,7.8700000,2025-03-26 00:00:00.000,3.0000000,NULL,Ea
EA658DF4-69AF-48D5-955D-14FBF4841522,4E053D9A-59C6-4611-92B1-8445322DB7D3,77A58A29-72F0-43DF-BBAA-5A3ABA788BF9,KT09102BK,Ea,1,14,NULL,119.9600000,NULL,NULL,NULL,Ea
83D529F6-851E-45BB-8D52-14FE43BCC21D,AD5552C1-8E26-449C-B37C-9B0F73054B1A,B7E61317-D37C-44C0-89CE-85681EA5B121,77-9016KP,Ea,0,14,NULL,274.4400000,NULL,NULL,NULL,Ea
FB90C3AD-54AE-4053-91C7-1500178DB693,35583DE6-AC0F-46F8-9D91-78E2227D6B24,7C91567D-EB42-4DA4-8F05-EFAB871DF672,300978-KIT,Ea,1,14,NULL,153.2400055,NULL,NULL,NULL,Ea
5009090B-510C-4662-B1FB-15016385FE27,F0CCFF6D-697F-4988-98A3-0A2D7A5F61ED,911BB3AD-51A3-4716-A0D3-9462D2F4A41E,TUN078OPT1,Ea,1,14,NULL,2423.7200000,NULL,NULL,NULL,Ea
D197C5AE-956E-4A15-8D5A-150986CE8965,D987A87E-1616-41F9-B696-EA3DEFC37A12,C98400E4-C1E2-4E30-A1D1-A3BCA3BE3623,96030,Ea,0,3,9.9900000,9.9900000,2024-04-09 00:00:00.000,5.0000000,,Ea
EA07761B-90B2-4EE7-86D8-150ECAB5952E,7F313264-4C7A-4311-B67D-1CE4916797DE,835FB8B3-624C-4D18-BE83-6C50762C244B,90363-40010,Ea,0,6,NULL,10.7300000,NULL,NULL,NULL,Ea
B0AA503E-D67D-4ACB-BFA2-1513C6309A47,1EEE5FBD-E379-466B-AE92-AEC787D51251,31621A9E-E490-41E7-95D5-9BC8974F52F3,NULL,Ea,0,14,NULL,NULL,NULL,NULL,NULL,Ea
9506F77C-F7D2-4505-9DC5-1515EAA95AA3,77AC9303-4EE1-4CED-805C-29C1DA2905A0,6AC980C4-6CD7-46C0-B8E3-0F8EC945D787,THY-564Y-LS-C,Ea,1,14,NULL,513.0000000,NULL,NULL,NULL,Ea
B1804C97-3093-4FFE-9CC4-15175585085B,60EEB1B3-034C-4CD8-A450-E5CBEB8560F6,F0507E55-25F0-43E0-99AE-EAFBB5133752,CBROK40S,Ea,1,14,NULL,84.5000000,NULL,NULL,NULL,Ea
20234F8D-8519-4780-BC32-15344479D982,26193666-B0A9-4BDF-A388-E7CD0021A4B1,8888D6F9-75E4-4B07-9E4B-700B06FE9043,SB1812-53,Ea,1,7,NULL,4.4600000,NULL,NULL,NULL,Ea
389D50A7-D6A2-4382-AB31-1537E065E271,EEE27B65-88AD-4F97-A56A-43257D87F235,8D06AA0F-E18E-4A8D-854A-B36FA641F317,9043012031,Ea,0,14,0.6800000,0.6000000,2024-04-02 00:00:00.000,40.0000000,,Ea
15464E7F-DE39-4BED-8EBB-153DADC8F8D0,9DC3A515-BF91-4C80-BE77-9E6FA0706D97,407A51FB-AEF4-45A1-89DA-2AE9860CF7A0,NULL,Ea,0,14,NULL,7.5000000,NULL,NULL,NULL,Ea
79BA4644-0DB8-416E-8FDE-1542FC6B6A06,E915F639-7549-42BD-9184-69AC52D77271,835FB8B3-624C-4D18-BE83-6C50762C244B,19250-37080,Ea,1,6,NULL,46.2700000,NULL,NULL,NULL,Ea
AEF81AD9-4E20-46E7-B886-155523258F21,1BA14A70-61FE-44F7-9EEA-5816DAFBA4CE,79A0357E-1069-4CE4-9B0F-431264AFE93C,LCE-107-2444-Y,Ea,1,21,20.8000000,20.8000000,2025-03-03 00:00:00.000,1.0000000,NULL,Ea
5B33E148-4662-4A36-8FA4-155B838D8E55,F4BBF80E-025D-4411-9166-1340360C1AC4,AA0F3D51-3906-450A-AD9E-68C5FBE8D4AD,SP15-106-3,Ea,1,14,NULL,149.3309937,NULL,NULL,NULL,Ea
8F177F41-C95D-4481-9A30-156D9851015D,4C52B5A3-CED5-4448-A44F-E22C9EC35853,AA0F3D51-3906-450A-AD9E-68C5FBE8D4AD,2M4689 +.030,Ea,0,14,39.8300000,39.8300000,2024-04-15 00:00:00.000,1.0000000,,Ea
E9A778DA-9C32-4AE7-9331-15738E61EE95,25ECD4E1-EC16-497E-BB16-0FC568D8CB59,D8E53D79-45CD-47B8-B478-E97AE1888113,7991506020,Ea,1,14,NULL,0.1340000,NULL,NULL,NULL,Ea
7ECA4215-E615-416C-A0A4-15781BBA9F08,4027201C-E7A8-4BA4-9B3D-606F35BFB1E4,EAB3D033-3B77-42EE-AA7E-E149CA540D10,,NULL,0,NULL,NULL,NULL,NULL,NULL,NULL,NULL
F32A4EAB-4843-400D-A7E7-157904DC2FA3,4941A176-E721-4D46-8D6D-34AF26F3B8A6,7C91567D-EB42-4DA4-8F05-EFAB871DF672,140273-1-KIT,Ea,1,14,NULL,37.5699997,NULL,NULL,NULL,Ea
9436068B-4C07-49A5-B54F-157E38997F71,39E2A9FE-65AF-445E-93EB-B2980EFE40ED,C98400E4-C1E2-4E30-A1D1-A3BCA3BE3623,VST006,Ea,0,NULL,NULL,45.3700000,NULL,NULL,,NULL
A4AD3A32-8517-4D26-AD57-158025369D57,01D3824C-22B4-44FB-ADE4-69DB4284DD25,835FB8B3-624C-4D18-BE83-6C50762C244B,74409 SIZE 0.52,Ea,1,6,3.4100000,3.4100000,2024-08-26 00:00:00.000,5.0000000,NULL,Ea
035A33A8-895F-4714-A6AC-158DB7D07975,BD3E8248-81BC-4893-8F4D-CDFF477ABF0E,75E066E8-966A-4881-AE1D-8B25AE5EC77E,28412,Ea,0,5,2.2800000,3.2200000,2024-10-09 00:00:00.000,50.0000000,NULL,Ea
D530D39D-99A1-4030-BC08-1595B26F2343,885883E8-8996-47D1-A96E-51A76E5C49D2,E38F88D1-E515-42BF-AD4F-17F97CE8DF70,YDAT8-529YGL,Ea,1,14,NULL,1185.0000000,NULL,NULL,,Ea
B49BFB54-5040-4B3F-8679-1599B22A7E8F,D6833081-6D2C-4758-AB5D-FD434F69A0FE,7C91567D-EB42-4DA4-8F05-EFAB871DF672,TGI-308766,Ea,1,14,NULL,810.5700073,NULL,NULL,NULL,Ea
92FBAEC3-44BF-4A9C-A705-15AF153DF115,6A8AC207-6579-4193-918A-07EF00BAA43E,D8E53D79-45CD-47B8-B478-E97AE1888113,9338106065,Ea,1,14,NULL,0.1504000,NULL,NULL,NULL,Ea
66329EE3-28A9-400C-BEA4-15B14A57642C,561B02D6-DF2E-4C44-84E2-D12944987399,7C91567D-EB42-4DA4-8F05-EFAB871DF672,100131-1-KIT,Ea,1,14,NULL,346.0400085,NULL,NULL,NULL,Ea
1595690F-273C-4CC2-A61B-15D6B1B18620,E28D0641-AB17-4AD7-BEF7-ECEC44E88A70,7C91567D-EB42-4DA4-8F05-EFAB871DF672,140161-1,Ea,1,7,NULL,181.8200073,NULL,NULL,NULL,Ea
9584AAA8-3B3C-47B1-83B4-15DC0BD3226B,60DEAF4D-1663-40C6-B5C5-F80FA51964C3,437CE1EB-8E26-44EC-9EFD-D66F12B38B14,83520-34010,Ea,0,4,70.5200000,70.5200000,2023-09-22 00:00:00.000,1.0000000,NULL,Ea
2D59D0DB-EBF8-4AD1-BA72-15E4C2A511B3,43D66149-D413-41CC-9736-0ADF42ADD9F9,99DF82E6-4A76-41F7-917C-FCBBCDECC9DA,,NULL,0,NULL,NULL,NULL,NULL,NULL,NULL,NULL
127D72BC-4C16-48E8-99D7-15E6999D8D7D,A6204971-571C-4A0C-B16E-8231D8E0F275,6906C4A5-A31F-4591-BFCA-C2CC271331CF,NULL,Ea,0,14,NULL,NULL,NULL,NULL,NULL,Ea
11166B52-7E65-4E1F-9541-15F2703F1E36,5ACC19B7-D605-4927-8519-F6502EAB1E9C,C4E43194-0616-464E-8726-85B7C7A49B38,LFR6C-11,Ea,0,14,NULL,3.6600000,NULL,NULL,NULL,Ea
B998A93B-8480-4894-A207-15F6FF1E35A4,65233277-E022-441C-8A45-011E30761F09,6D74FBB2-3DDB-4222-8B04-BF3E3F51A85E,15SHC3-0310125,Ea,1,14,NULL,0.2700000,NULL,NULL,NULL,Ea
46A93737-F86F-400D-8F90-15FF67E1679F,1FA42E7F-50C0-4194-9BB8-F089D4732EE3,7C91567D-EB42-4DA4-8F05-EFAB871DF672,110023-1,Ea,1,14,NULL,16.3099995,NULL,NULL,NULL,Ea
3BC13AED-8776-4004-B43F-16014379A117,7318A872-2AC1-4946-8C46-672FF7B1491C,7C91567D-EB42-4DA4-8F05-EFAB871DF672,302123-1-KIT,Ea,1,14,NULL,1639.1900000,NULL,NULL,,Ea
9A21CC72-5C26-4418-9939-160530F85E84,D63D6210-3265-490C-8AA1-0FF7B68A2D69,AA0F3D51-3906-450A-AD9E-68C5FBE8D4AD,SPRM579R/L-4,Ea,1,14,242.5000000,242.4954987,2024-12-04 00:00:00.000,1.0000000,NULL,Ea
F3C49997-222C-47D3-A47E-16057CC55C02,5F47098F-1AD0-42C0-8F2A-8C582A1788C9,52B59B03-DB62-42BE-873B-0F7BF9918B31,CE-9114,Ea,1,14,NULL,60.0000000,NULL,NULL,NULL,Ea
4844A991-0EA5-4655-A464-16064A76757C,DF1FD7BE-9A9B-40B0-AC80-EEE36EFA6137,78490A0D-DA09-40AF-8C4A-CC8F103B178B,LF530H-2,Ea,1,14,NULL,42.9300000,NULL,NULL,NULL,Ea
2551F52A-78DD-4066-A726-160762289F44,5C154A9F-9528-4F57-9DC0-87DD62A96E92,835FB8B3-624C-4D18-BE83-6C50762C244B,74822 SIZE 0.60,Ea,1,6,NULL,4.1800000,NULL,NULL,NULL,Ea
00C213FF-4587-4C1B-81E6-16090B834569,26B390EE-89F5-4815-A15F-8684B68673DE,4BC2D119-3C92-4B84-9745-2B89095A22AE,UGMF68032,Ea,1,14,NULL,51.4000000,NULL,NULL,NULL,Ea
534032EB-2018-49D9-8FD7-16100071FCC9,02A3C487-F3E0-437F-B7E9-78CA09732A16,B2A0E072-EE8A-4B72-9B06-8A9A2A7D071A,CF-SHIM 2.80,Ea,1,7,3.0600000,3.5699999,2023-06-02 00:00:00.000,15.0000000,,Ea
044121FE-75BC-4F0F-8042-1615B3D6A0A4,51154998-95C4-4BCB-A10E-CCBBAEDAFF53,C2F2885C-3BBF-4641-B905-059DCC7B71C8,882213,Ea,1,14,NULL,923.9900000,NULL,NULL,,Ea
7711D2DD-83B3-4C1F-A7CF-161ACF24B4E1,C5636663-071E-4416-B5C4-9F2EC4AC52BC,F3766DE6-D618-4206-B8AC-135EDE0AE26C,EC42001,Ea,0,14,NULL,24.5000000,NULL,NULL,NULL,Ea
76CDB157-81C4-45E9-A03D-1622F8B3601B,32A28774-B8D8-431E-B1B4-D4AA7DDED76A,D8E53D79-45CD-47B8-B478-E97AE1888113,9338106025,Ea,1,14,0.0581000,0.0581000,2025-04-21 00:00:00.000,400.0000000,NULL,Ea
BAA84EFE-880D-495F-9636-162997E943D1,C4240AF5-C4F5-46EB-9A53-2E758038CA42,1165ED90-7B30-4C36-8BD1-9631E22F9C72,13912-35010,Ea,1,180,NULL,16.0000000,NULL,NULL,NULL,Ea
F6BEE6CE-4231-45CC-B5CD-1629AC0B04F2,DD8A3E50-B348-407B-AD86-E91521CE216A,437CE1EB-8E26-44EC-9EFD-D66F12B38B14,13405-31140,Ea,1,14,NULL,488.3900000,NULL,NULL,NULL,Ea
381A5668-9B8F-4ED5-BC1A-162E10E569EA,89BBD2C3-6447-484F-BE8A-2C3B352A21EA,FEE52324-C3B3-4631-BA1A-0449E871F44B,DAYKU20002BK,Ea,0,NULL,10.7800000,10.7800000,2023-11-29 00:00:00.000,10.0000000,,Ea
20696203-4F29-4469-A210-1634D4E81D46,C7414768-B7AD-4BBB-B617-4F9C945B01B5,B2A0E072-EE8A-4B72-9B06-8A9A2A7D071A,NULL,Ea,0,14,NULL,NULL,NULL,NULL,NULL,Ea
BA1B294A-1C47-4026-83B6-163638D1FD2E,1BE5318F-9D1A-46FF-9C8B-1618AAA1F312,328EEFAD-E32F-424F-A896-08215AB07A3B,NULL,Ea,0,14,NULL,NULL,NULL,NULL,NULL,Ea
0DC8EDFE-A732-4917-A51D-164151AB52F6,F9B64542-E4B1-4988-AE3F-F27ED6E4B3CF,B44F749D-0619-4344-A081-BCFFFB1226E7,HT-011310,Ea,1,NULL,NULL,130.0000000,NULL,NULL,,NULL
8EE8BF64-BA81-4421-AB8F-1657E5B0A47C,4027201C-E7A8-4BA4-9B3D-606F35BFB1E4,A0AB7251-1AB6-4C49-B830-99967E14F2BE,,NULL,0,NULL,NULL,NULL,NULL,NULL,NULL,NULL
FD0DE85D-DD0C-4716-9D4F-165EDD3A389F,742A6996-F2FE-4125-A7CD-B04C97B24017,2BE140FD-AFFF-45E5-B9F1-3BFBD6E21BE5,SPE-LCENG-NC581-1,Ea,1,14,5.9500000,5.9500000,2025-04-17 00:00:00.000,500.0000000,,Ea
AA78E391-30FA-4681-81BC-166059EBA7C3,1EEE5FBD-E379-466B-AE92-AEC787D51251,F1A47BCE-B4CD-48F1-BF7C-8B60DD4888C7,NULL,Ea,0,14,NULL,NULL,NULL,NULL,NULL,Ea
3B96A6B6-9E2C-42CC-B51C-16613B6B818F,0F3AB006-1FAE-41BE-928A-AEAF8C00A52C,D78A6A99-84F9-4D8C-9CCC-241638ADD841,1018FL0.625X3.500,Ea,1,14,NULL,157.0000000,NULL,NULL,NULL,Ea
35BE9815-8682-4E80-BEE8-1662CC7975A9,FC7D51EB-9E9B-467D-AFF3-0C5DD1F139AB,D0849D5C-F3B7-4408-95DF-97605BB8E9A6,02-AZ-TR07-PBC-RXV-A,Ea,1,14,NULL,223.0500000,NULL,NULL,NULL,Ea
6713CD3D-A87D-46D4-B8BE-16700BD1BC5A,08963262-9A80-4450-8943-F144B1DBC6EC,461A1278-2076-4BC9-BDC8-0BE1215900B9,10153,Ea,1,8,4.5800000,4.8300000,2025-04-04 00:00:00.000,10.0000000,NULL,Ea
24E1A859-C12A-441A-B277-16716A4CE247,9B210E57-2B45-4D86-A42E-C83F3545133E,D01D4974-663E-4A16-9B20-E25EF667FC16,10T4RCC0515TCMACTCH,Ea,1,14,NULL,269.1000000,NULL,NULL,NULL,Ea
BC60E8A6-0505-46A2-B125-16963F70061D,EFDA4577-A887-4AEA-92EC-8F10DA4008D6,421E2116-C20F-4CBB-8002-01D045427424,T/R51940,Ea,1,14,NULL,411.1000000,NULL,NULL,NULL,Ea
84B0B0CD-FEE6-41B1-8382-1698FBFA84DA,8797F48A-9ED0-40F5-A739-8B631445C000,78490A0D-DA09-40AF-8C4A-CC8F103B178B,H126.1,Ea,1,14,NULL,13.3600000,NULL,NULL,,NULL
3CB0A40C-0A20-45D9-B50C-169A135CBA52,1F9F7E48-35ED-463B-903D-64B282AD750A,DD4D466A-50D6-4BE3-A82E-FB311B84A08C,5VZMFLDK,Ea,1,14,NULL,247.9600000,NULL,NULL,NULL,Ea
3795E110-41A7-4EED-B915-169BF35FBE28,BAAE08FC-3652-4313-BC32-EE8F0F564AF0,B8ADF8E0-8A6A-460F-AA9D-30BB6B717861,11213-35010 KE1085 KP,Ea,0,NULL,3.4000000,3.4000000,2024-07-19 00:00:00.000,100.0000000,,Ea
BA64C16B-37C5-4653-AD7B-16A5134A912F,3E5DC6CA-B2EB-43C1-B641-6988C06AAF82,77A58A29-72F0-43DF-BBAA-5A3ABA788BF9,KT04003BK,Ea,1,14,NULL,137.3300000,NULL,NULL,NULL,Ea
E956A2C4-F7C4-4707-A1E7-16B1751FCB4E,D737C563-578A-4B89-A204-859F7DEE2E63,1DB556C5-F8BA-4274-8A25-A3F22B5D49E2,,NULL,0,NULL,NULL,NULL,NULL,NULL,NULL,NULL
E23B017C-1E2E-4FA8-85FF-16BE8511BAAF,F8314642-E116-4A1B-83FF-DD7B78CBEF8E,D52F1F4A-A2A8-4BFD-B26C-30E5F8BF28A1,2T1020,Ea,0,14,NULL,6.8900000,NULL,NULL,,Ea
2139450B-64E1-42CA-9115-16BF8D266803,46ADBB49-FD06-4D5A-B670-6FDB2D9F758A,7C91567D-EB42-4DA4-8F05-EFAB871DF672,180316-1-KIT,Ea,1,7,233.6700000,245.9700012,2023-11-30 00:00:00.000,1.0000000,NULL,Ea
FAC9888E-2ADD-4128-9A97-16C1511DCFBE,983CA1D1-A9C8-4CBA-A3BD-796FCCA68DBC,FEE52324-C3B3-4631-BA1A-0449E871F44B,TW-463S,Ea,0,14,NULL,14.7300000,NULL,NULL,,Ea
564BF7D4-8740-4938-8A9D-16C15269A3B9,2380C276-71C6-49AA-AC95-29E69C8395BC,437CE1EB-8E26-44EC-9EFD-D66F12B38B14,13753-65680,Ea,1,14,13.2100000,10.7000000,2025-04-02 00:00:00.000,2.0000000,NULL,Ea
62FB835A-3C7C-42C5-9391-16C65BED79CF,C4C3D71D-67EF-40AF-8677-9E6DF984382B,6E6F769A-69BE-4AB1-A742-05F7608A8E8F,CONN-86008,Ea,1,14,NULL,23.9900000,NULL,NULL,NULL,Ea
8C0C47AA-B3BE-4CA9-B77F-16C876E14E97,EF2EA030-31C5-492B-BA8E-EE0560EFC97B,063EE677-C350-4A19-AB51-0DD68072F084,T011K,Ea,0,10,79.6800000,82.7900000,2023-06-14 00:00:00.000,2.0000000,,Ea
199F8E2B-A2E5-4A92-811D-16CA56AA6ADA,6A75B282-7AF4-4721-95F8-F737EB359A3A,586C91B0-7686-4378-BBC4-3091AADBC578,XB40251,Ea,1,14,7.3600000,7.3600000,2025-01-24 00:00:00.000,100.0000000,NULL,Ea
8CEF55A3-3031-4452-997D-16CF8356A3C8,68973878-CE08-490D-B8B8-179DF5E27119,461A1278-2076-4BC9-BDC8-0BE1215900B9,K050705,Ea,0,14,NULL,14.1600000,NULL,NULL,NULL,Ea
7EBB221E-AC9D-46F0-976C-16D00F1CFCCC,1068B9F1-D1B6-4FBA-B172-3802C3C16B84,BD6FE53C-7836-4F39-AF65-F2C171D029C9,MS24694S58,Ea,1,14,NULL,0.1300000,NULL,NULL,NULL,Ea
9C5E094C-44C9-4B19-B5AF-16D91F00B8DA,68F3872D-56F7-453A-B88A-FBBB5C7ACE7E,461A1278-2076-4BC9-BDC8-0BE1215900B9,K9424,Ea,0,14,78.7900000,78.7900000,2023-12-11 00:00:00.000,2.0000000,NULL,Ea
E3A42E21-1FC2-4899-B589-16DEC4A9C734,9DF0AC64-9BF2-4365-88A9-F18FE3EF9D06,78490A0D-DA09-40AF-8C4A-CC8F103B178B,LF530.2-ASM,Ea,1,14,NULL,1287.9000000,NULL,NULL,NULL,Ea
06ABBAA6-5D35-48BC-97A7-16E9FF0E2ECB,CF402072-EC6D-4465-B2E4-24385C2DB021,7C91567D-EB42-4DA4-8F05-EFAB871DF672,111312-1-KIT,Ea,1,14,NULL,9.8699999,NULL,NULL,NULL,Ea
7E22A475-FDCF-480F-965B-16EAD86502A7,1B3D908B-F5E7-4FC8-91F5-9B2CE86E9A99,D8E53D79-45CD-47B8-B478-E97AE1888113,1180110016,Ea,1,14,0.3178000,0.3178000,2025-01-13 00:00:00.000,500.0000000,NULL,Ea
FB37439F-EA62-453A-B383-16F20F9E95A6,F4242663-395E-405D-AB82-F7A870E73302,F94DAB41-4653-4E86-89AA-AF5D35CB80CB,940-28761,Ea,0,14,NULL,242.9900000,NULL,NULL,NULL,Ea
6239F1FD-7E43-4BAC-B701-16F3B53252AA,8276B641-D274-4F57-85FE-4B357BACD205,437CE1EB-8E26-44EC-9EFD-D66F12B38B14,NULL,Ea,0,14,NULL,NULL,NULL,NULL,NULL,Ea
89659579-684A-4747-9C9B-16F4CDB14F2A,9AC21DD0-A29C-40C9-9302-1432DEBC6CBF,D78A6A99-84F9-4D8C-9CCC-241638ADD841,NULL,Ea,0,14,NULL,NULL,NULL,NULL,NULL,Ea
1EEE0974-73FD-4C68-8C04-16F65967081B,31478847-B414-49DE-80B6-2CD38680CB30,DCB43726-B566-42C5-BD4C-9028F8894E6A,57-1654-BLUE,Ea,1,14,NULL,164.4499969,NULL,NULL,NULL,Ea
6A4F61FE-5DB0-476F-989F-16F6F9FD556E,8A2A1B5E-8CAB-4457-9AE7-25EC3BF417CC,0DA45CD2-7AFC-48F0-9DA1-D3324DCFCB50,NULL,Ea,1,14,NULL,1467.8333000,NULL,NULL,NULL,Ea
66059C5B-6BA5-42B5-823B-16F7A46CB8CC,12EA883F-C1E0-4882-99E3-9DE17EDD3ABC,437CE1EB-8E26-44EC-9EFD-D66F12B38B14,13753-74110,Ea,1,5,10.7100000,10.3700000,2024-11-13 00:00:00.000,12.0000000,NULL,Ea
427923E1-948C-4106-A93D-16F8812E3E78,3EC5E0F0-6825-4C64-9CCA-4E6EDEEAC4CF,75E066E8-966A-4881-AE1D-8B25AE5EC77E,10227,Ea,0,6,8.0700000,7.1500000,2024-09-17 00:00:00.000,3.0000000,,Ea
493F6783-07C9-4DFE-9207-170C58EC095B,E4EFAA5C-AE3F-4BEB-B020-7FD5138F8AD3,E0D892B0-9F3A-4374-9862-6C2925FB8C9F,NULL,NULL,0,NULL,NULL,NULL,NULL,NULL,NULL,NULL
12CF6D0E-CB28-4F59-9C0E-171FC04A278B,C7414768-B7AD-4BBB-B617-4F9C945B01B5,4689A645-9981-499A-98AA-AC816875A31C,NULL,NULL,0,NULL,NULL,NULL,NULL,NULL,NULL,NULL
65A0893D-BC6C-473E-96B8-17462DC2EA30,61DDF3C9-EA02-4912-B8CA-04E795266D91,F1C98F45-91C7-4B0D-A69A-AF3189F1E5A9,1570,Ea,1,14,34.6100000,34.6100000,2024-01-29 00:00:00.000,3.0000000,,Ea
ED2A4772-279C-43D7-8B20-174A998C2A9A,A26F58E3-5085-43E5-A034-63D4D5612227,D52F1F4A-A2A8-4BFD-B26C-30E5F8BF28A1,09-11652,Ea,0,14,47.9300000,47.9300000,2023-11-27 00:00:00.000,3.0000000,NULL,Ea
9B69F5E2-9D50-4F9E-9766-174B81C58F7B,3083A02F-1D23-4DCB-BC47-5BB27C05BD9D,421E2116-C20F-4CBB-8002-01D045427424,NULL,Ea,1,14,NULL,NULL,NULL,NULL,NULL,Ea
385BD3CF-95DB-41DC-8B80-174C933549DA,C8F63FFB-398A-4C09-982E-D9584D93CB7D,EA3CBB9C-4434-40EA-B843-94865990F6C0,KTO01A99+UTO01A21SC,Ea,1,14,NULL,1850.7900000,NULL,NULL,NULL,Ea
C8060D4E-22AC-40C2-B892-174F66EB7B6B,736CF865-28EC-4917-AF1E-FA4FD06BF5AD,EAB3D033-3B77-42EE-AA7E-E149CA540D10,NULL,Ea,0,14,NULL,NULL,NULL,NULL,NULL,Ea
B86FD59B-9FE1-4255-BEA9-1753C1A2556C,9B5AEE26-582D-4E1C-A73B-9C3D374B3A1F,7C91567D-EB42-4DA4-8F05-EFAB871DF672,130004-1-KIT,Ea,1,7,63.0300000,72.4800034,2023-03-10 00:00:00.000,1.0000000,NULL,Ea
54195EED-384F-4250-941E-175760AF0D29,2C3AB470-A3D1-4868-A929-429B7777C676,7C91567D-EB42-4DA4-8F05-EFAB871DF672,130058-1-KIT,Ea,1,14,NULL,382.1600037,NULL,NULL,NULL,Ea
74581239-5F39-4B52-AF02-176116DBDFEC,C587466B-ED11-4287-8991-E642D628D2D5,070F8B68-60B2-4F5D-9BDA-D617B40789F4,66-5002,Ea,0,14,NULL,87.9600000,NULL,NULL,NULL,Ea
7FCBC214-4D2C-4342-8336-1763C17670C2,B80B7469-E554-4CFB-8CB0-FFD9A72BBB6D,DCB43726-B566-42C5-BD4C-9028F8894E6A,57-1080-BLACK,Ea,1,14,NULL,102.6500000,NULL,NULL,NULL,Ea
864ED0AE-D7C1-4811-ABCF-176AFDE58B90,6D6424F5-5939-47A3-A950-CFEEBF9BC2E1,8888D6F9-75E4-4B07-9E4B-700B06FE9043,RC1578,Ea,1,7,NULL,42.0625992,NULL,NULL,NULL,Ea
22A13266-EA2E-44A6-9115-177EE7627218,340B7EEE-343F-436F-AC01-397836A11F4C,79A0357E-1069-4CE4-9B0F-431264AFE93C,LCE-107-2460-RD,Ea,1,21,32.2500000,32.2500000,2025-04-07 00:00:00.000,3.0000000,NULL,Ea
6DE5F861-4DAB-471A-B8A2-177F08F2F012,DFA02CFC-CC22-410A-92A8-5A5F43C9666E,7C91567D-EB42-4DA4-8F05-EFAB871DF672,100512-1-KIT,Ea,1,14,NULL,1479.8199463,NULL,NULL,NULL,Ea
781194C4-30E9-410E-BB8E-179163C53770,930BA475-F3A9-45C8-91D3-427C352116D9,E75C05B6-0E14-4E40-9DC9-D3FFDE37D3DA,NKG 4644,Ea,1,6,1.9600000,1.9600000,2025-01-29 00:00:00.000,20.0000000,NULL,Ea
F263F2DD-15C8-4EA9-8A15-17950B79FE0A,2E9551E4-37AA-47DB-A0B1-4FBE0DD1E798,7C91567D-EB42-4DA4-8F05-EFAB871DF672,140082-1-KIT,Ea,1,7,NULL,9.4200001,NULL,NULL,NULL,Ea
8A7A75B5-37AE-43C8-8C81-17972D6FD3B2,2EDC6E90-18A0-4862-BE53-C73C6A44A093,FF7211A3-33C2-4F26-81CA-990E1F87AC5A,NULL,Ea,0,14,NULL,NULL,NULL,NULL,NULL,Ea
AF5BF7D6-81CE-41BD-9C12-17A0CD1BD5DB,D119FEF6-C69C-4357-8E1E-F1E034A9B57D,119C42C6-7493-45B2-A683-2EFD76885005,9129006065,Ea,1,14,NULL,NULL,NULL,NULL,NULL,Ea
F00B4834-1B8B-4C46-8DE1-17A55D82E5FD,2FD01838-414A-4877-B458-1975AC2C51D1,75E066E8-966A-4881-AE1D-8B25AE5EC77E,NULL,Ea,0,14,NULL,NULL,NULL,NULL,NULL,Ea
AE0410A9-FAFD-4C45-A1A7-17ABF0C1447E,20F3576A-5C8B-43E6-B83E-A0C57F0E5618,D52F1F4A-A2A8-4BFD-B26C-30E5F8BF28A1,SB1375-62,Ea,0,6,6.3900000,6.3900000,2024-12-16 00:00:00.000,2.0000000,,Ea
DC699DC2-5A6D-4AD9-B860-17AC3D65CD35,342DCD76-D302-479C-9CD1-A6058DF690D3,C77D5086-B2A4-451D-89AB-27639DE772B7,ram769901,Ea,1,6,NULL,6.2000000,NULL,NULL,,NULL
C167FD42-4D6B-4090-BEE9-17B008E7BC27,2590081C-6249-451D-B734-CEB5886365C5,AA0F3D51-3906-450A-AD9E-68C5FBE8D4AD,SP570-2,Ea,1,14,88.7600000,88.7600000,2025-04-11 00:00:00.000,1.0000000,,Ea
2C17F87F-DF07-422E-B97B-17CABAFB9CDD,ED7EF493-6095-49F9-B845-1F1E08FE220D,2249B44C-A1BC-4063-89C2-C7BF58AF0123,GS-U01D,Ea,1,14,9.9500000,9.9500000,2024-12-18 00:00:00.000,2.0000000,NULL,Ea
92EA3924-81AE-4070-9263-17CC55280309,FA0562D4-0FD9-4694-B297-9DBF551457DE,C98400E4-C1E2-4E30-A1D1-A3BCA3BE3623,2862,Pk,1,14,7.9800000,7.9800000,2023-09-25 00:00:00.000,3.0000000,,Pk
B570251C-73BE-48CA-9A27-17CE982428F0,8D1856EF-64C2-4967-9985-2ED87DD601E0,CEE30466-9655-4FD6-A125-7C818CA82A80,INT000200,Ea,1,14,NULL,149.9900000,NULL,NULL,NULL,Ea
6837AA7A-A57A-4357-8B54-17D59AA2DD1A,378847F7-DE05-455B-9C01-7BAE841CAAB5,7C91567D-EB42-4DA4-8F05-EFAB871DF672,TGI-308882,Ea,1,14,NULL,1234.9399414,NULL,NULL,NULL,Ea
BFCD4A4C-B555-497F-80E9-17D73B7E4C02,86AD9013-65BC-460B-AD1C-1C051D2CFB8B,78490A0D-DA09-40AF-8C4A-CC8F103B178B,672040,Ea,1,14,NULL,355.5000000,NULL,NULL,,NULL
38954C1C-B6AD-4DAF-9E85-17DC1A062D5E,E7786C68-2031-45CF-81AD-BF4500ECD9C7,7C91567D-EB42-4DA4-8F05-EFAB871DF672,130250-1-KIT,Ea,1,7,302.6100000,348.0000000,2023-04-18 00:00:00.000,1.0000000,NULL,Ea
C0F0CD53-DE4B-47AB-B53B-17DD678862AB,33119FC5-7C9C-4DFF-8B3A-B25EE6B1D044,835FB8B3-624C-4D18-BE83-6C50762C244B,31410-35142,Ea,0,6,28.0000000,28.0000000,2024-04-12 00:00:00.000,3.0000000,NULL,Ea
6A7204EB-1542-46A5-A476-17EAD0D2CA4A,A0002475-4D9F-4C5F-BCAE-2A81B768962E,7C91567D-EB42-4DA4-8F05-EFAB871DF672,302530-1-KIT,Ea,1,14,NULL,523.8400269,NULL,NULL,NULL,Ea
4A767397-67D9-40D8-B7E6-17EEAE63222F,1BC106B0-2FE1-439D-8454-36BE46A46D4E,461A1278-2076-4BC9-BDC8-0BE1215900B9,EM2509,Ea,0,14,NULL,4.5900000,NULL,NULL,,Ea
0C023BC4-2A05-4EA2-AD9F-17F686DB6905,2BD70D3C-FB71-4987-AA59-8386EBE1C761,34D42E80-B0D8-4E09-AD92-B3DD80D1807D,KT3038,Ea,1,14,33.7900000,33.7900000,2025-04-14 00:00:00.000,1.0000000,,Ea
5388A4C7-2BFF-425A-8698-17FC145A03C9,A547A990-8059-43A7-92F3-65BDFA754E5A,F7AFC18C-77EF-482C-98D3-3A4455E8A49C,08445702,Ea,1,14,NULL,13.9100000,NULL,NULL,NULL,Ea
BB2243D1-63D8-43B0-8D59-17FE0192EFC3,0AA75504-985D-4021-8E06-DBA709E2602D,75E066E8-966A-4881-AE1D-8B25AE5EC77E,NULL,Ea,0,14,NULL,NULL,NULL,NULL,NULL,Ea
E1F1D806-D2F0-4E44-9444-1812FFCF67C6,D425B24F-EC1D-4ED5-B302-9DEA92F6506D,C58221A1-5DC8-4552-B0E8-E046D993B56E,AS75-16-32,Ea,1,10,0.7000000,0.7000000,2023-10-16 00:00:00.000,250.0000000,,Ea
64B923B2-105B-4A91-A081-182AC65893FF,9A600283-7D8D-4A87-A247-AB0237829E4E,DCE73E57-59A9-4BFB-8163-F2C0B0B7A688,11 Ga. 304-2B SS,Ea,1,14,4.4500000,2.9500000,2024-08-22 00:00:00.000,25.0000000,NULL,Ea
3BF3BCF7-BB20-4C36-8738-18388A6B41C1,8BB892DC-7C8A-4B8E-8201-DBA7F762D6EF,835FB8B3-624C-4D18-BE83-6C50762C244B,74821 SIZE 0.50,Ea,1,6,4.1800000,4.1800000,2025-03-26 00:00:00.000,6.0000000,NULL,Ea
299CE3BB-CC0B-4B50-B143-183AF2203E2F,318B47F7-4C26-4B91-A072-EE7BC9721C6B,461A1278-2076-4BC9-BDC8-0BE1215900B9,387,Ea,1,14,13.1300000,13.2700000,2025-04-14 00:00:00.000,7.0000000,,Ea
C0B7EF85-1CF6-48A5-B864-183E9D7E4AA7,6CD3432A-A33B-44AF-9FD4-8F55A4ACBF32,FF7211A3-33C2-4F26-81CA-990E1F87AC5A,S-12849,Ea,1,14,NULL,45.0000000,NULL,NULL,NULL,Ea
485B3233-224A-40F5-9292-184281C251DC,6B4104C4-B05C-4A8F-97B6-7FC203BBF90C,D8E53D79-45CD-47B8-B478-E97AE1888113,7991008030,Ea,1,14,NULL,0.1156000,NULL,NULL,NULL,Ea
46C3E414-AF21-40C2-8C00-184B0D9E0D19,FE6AF363-207D-493B-A257-60AD5F8FCD77,C77D5086-B2A4-451D-89AB-27639DE772B7,ARBRD132,Ea,0,14,NULL,818.2500000,NULL,NULL,,Ea
8284E2D3-03E2-43B2-AC8F-1856F907D4C6,DD7D03F0-F6DE-47B7-B85B-F568C3448A17,437CE1EB-8E26-44EC-9EFD-D66F12B38B14,12302-35120,Ea,1,14,118.2300000,113.9900000,2025-04-18 00:00:00.000,2.0000000,NULL,Ea
032E6593-3D14-4D77-AED0-185C24836BB0,C632BF49-F981-40DB-98C9-A953D773009E,7C91567D-EB42-4DA4-8F05-EFAB871DF672,111309-1-KIT,Ea,1,7,NULL,2.2800000,NULL,NULL,NULL,Ea
B70133AD-EBE8-416F-8C18-18615A7FAF6E,EF2EA030-31C5-492B-BA8E-EE0560EFC97B,F9B059D7-7DA7-4977-A948-D182A1D9D9EE,TO11K,Ea,0,14,NULL,78.1700000,NULL,NULL,NULL,Ea
A2CBBE84-C2DB-42B3-BDD0-18716284EA6F,C5669EED-1AED-44FD-A699-167CF1FC056A,833943B8-7916-442F-A1CB-702E83FBC2F2,M5465-020,Ea,1,14,NULL,162.1500000,NULL,NULL,,Ea
9CDE89D4-37E2-4642-9740-18791071E8D9,1B47D2FB-93CC-4BE5-8581-D6DD406D2338,8888D6F9-75E4-4B07-9E4B-700B06FE9043,MS16241,Ea,0,6,NULL,16.6900000,NULL,NULL,,NULL
A078393F-9A21-4896-879F-187ABF400365,5C3ECECA-C522-4919-976E-3672EBB07D76,437CE1EB-8E26-44EC-9EFD-D66F12B38B14,,NULL,0,NULL,NULL,NULL,NULL,NULL,NULL,NULL
08F67345-8356-44C0-BE4D-187CD3BEA3CF,7FBEAADC-7859-44B4-966B-662338C63407,C2F2885C-3BBF-4641-B905-059DCC7B71C8,F688102100103,Ea,1,14,NULL,1439.8800000,NULL,NULL,,Ea
CFE9AA32-D4FB-4DEA-A921-188633A3837C,FD8AE4EC-89F6-4C92-9B3C-B47450A5E02E,6171E136-0B47-4D45-B620-ECE6DA1C89E1,TR.380 5 Lug,Ea,1,14,NULL,2038.4000000,NULL,NULL,,Ea
E3D1DE0C-F828-4EDA-AB5E-18A12F64E6DC,FD9B0A23-25FE-491E-A124-D1CF7A9CC20C,B44F749D-0619-4344-A081-BCFFFB1226E7,HT-060072,Ea,1,14,NULL,72.2500000,NULL,NULL,,Ea
3EB811E4-06CE-4FA8-8974-18B63180CF9B,1D31123D-DF9B-438A-AFCB-5396C625C46C,126A3122-4C0F-4CFC-851F-1608672FCEE8,,NULL,0,NULL,NULL,NULL,NULL,NULL,NULL,NULL
AAFF3FBB-4286-4851-B122-18B815D2819E,A34BC37F-6DAF-4112-AE3B-34F81B362CC0,461A1278-2076-4BC9-BDC8-0BE1215900B9,2C4911-2,Ea,0,14,NULL,51.7900000,NULL,NULL,NULL,Ea
27F2988F-A84F-41D7-B41F-18C4D774FCC6,FC7A3B59-84DA-440F-ACBE-4BDDC4E53ADF,880F6828-145D-44CF-9A84-15CB6BBDC4EC,EM-5F 6 Cylinder,Ea,1,14,NULL,1391.2500000,NULL,NULL,NULL,Ea
3D5A893B-CF1F-4A49-B1C9-18C9DC2EA819,C478DEC7-1DD3-4FA4-8C77-65040B8293AD,7C91567D-EB42-4DA4-8F05-EFAB871DF672,303501,Ea,1,14,NULL,NULL,NULL,NULL,NULL,Ea
09CCCE55-74EB-4EAC-AA3F-18CEFEB8838D,7190925D-9428-4089-AEEC-E94282AB96E2,4BDF24EA-8C6C-4953-ACAD-A02BD6973465,JPP001BLK,Ea,1,14,0.6500000,0.6500000,2025-03-20 00:00:00.000,500.0000000,NULL,Ea
6860DE96-BFD4-4286-8CD0-18D005ACD410,2FD01838-414A-4877-B458-1975AC2C51D1,271E7CFF-AD0B-4520-991C-89DBD87BB9F2,NULL,Ea,0,14,NULL,NULL,NULL,NULL,NULL,Ea
F3C1DA19-86A6-4DD4-BA0F-18D9BAC109DE,D6D29674-C90C-474B-A8DC-3FB88EA1D7AA,C61491E7-DB20-4B8B-8E7D-4970241B7A53,1044024,Ea,1,14,0.7300000,0.7300000,2025-01-20 00:00:00.000,569.0000000,NULL,Ea
70356604-5D88-41E1-838C-18DBA32C2D56,B293489B-D868-49F5-A1C4-712FE56C1CA6,DC1AAC1B-9781-4090-AF41-A2F4218A8C3B,54212181 X4,Ea,0,14,NULL,118.9500000,NULL,NULL,NULL,Ea
0DC6433D-D3CD-4015-B378-18DEF64F597F,B6014DEB-861C-495F-8C73-8165F4420E30,59D7D386-B3A6-4230-A30A-D789A279B2C9,PP16077HD,Ea,1,14,NULL,155.0000000,NULL,NULL,NULL,Ea
284B1C63-A6CC-460F-B17D-18E78ACEA3B7,7B98B60E-6820-470C-9D6D-64BD70FAC2F0,F1C98F45-91C7-4B0D-A69A-AF3189F1E5A9,0-4412BKX,Ea,1,14,652.9200000,652.9200000,2024-12-16 00:00:00.000,1.0000000,,Ea
4FC7AC5B-FACD-4705-BB79-190465B9A5AF,E1673346-1069-4356-85D3-537970AF8913,1E769EDF-1210-461F-AC3E-3ADA4B8F0E77,NULL,Ea,0,14,NULL,NULL,NULL,NULL,NULL,Ea
98E6AB2D-5382-4A23-9924-190B94DCCF30,53CAAD60-28D9-4DCF-8ECD-77036E32391A,78490A0D-DA09-40AF-8C4A-CC8F103B178B,LF531.2-ASM,Ea,1,14,NULL,1264.5000000,NULL,NULL,NULL,Ea
101AFD35-109B-45DA-9FFD-1916D8F80B46,E69EBE0A-F579-4BA1-95D5-24C4741AA6BB,79A0357E-1069-4CE4-9B0F-431264AFE93C,LCE-105-5132,Ea,1,14,90.0500000,90.0500000,2025-03-31 00:00:00.000,2.0000000,NULL,Ea
AB55A734-FEC4-48D7-BED3-1925E988ADE2,A841150F-7B77-4CE7-A5BF-72CF221E41E3,DCB43726-B566-42C5-BD4C-9028F8894E6A,57-1081-BLUE,Ea,1,14,NULL,70.8499985,NULL,NULL,NULL,Ea
106DAE2F-AA05-4DAB-AE93-192B584BDC97,3159BE11-FEFA-4757-A5B7-761FA8F9F9C6,D8E53D79-45CD-47B8-B478-E97AE1888113,4338112001,Ea,0,14,NULL,0.1200000,NULL,NULL,NULL,Ea
5A41FB22-E84B-4719-9615-1937108A295E,F44B0E0B-6B0D-438A-8F71-FF22356495CE,D1BDA443-BD84-4B9D-8D48-7DFFF0CB56EA,NULL,Ea,0,14,NULL,NULL,NULL,NULL,NULL,Ea
4CFBB498-AB05-4989-AA9C-1938E0F0D686,185EC4BA-8012-441A-A512-1B562DAB4920,7F056139-BD6E-4709-8E71-7035204AE0C0,92B27194,Ea,1,14,NULL,6.5000000,NULL,NULL,NULL,Ea
93CAAD1E-BD52-45CB-AECB-193E28DBBFEF,5C7AE81D-5B14-4037-9663-F4FF3523D437,37CF0DDD-F5AC-488B-B89D-C29A1B45E878,MS233,Ea,0,14,7.3500000,7.3500000,2024-02-23 00:00:00.000,10.0000000,,Ea
B3CF644F-F531-45C9-AFDA-193F67EF0173,D5D1199A-2B99-4336-BA9A-BC2064D0986D,835FB8B3-624C-4D18-BE83-6C50762C244B,25628-75010,Ea,1,6,1.1100000,1.1100000,2024-11-26 00:00:00.000,60.0000000,NULL,Ea
4F2CC018-574C-43DE-920A-1946694ACA0A,EA6CFD7E-B159-461F-974E-8F78C01CAC58,E75C05B6-0E14-4E40-9DC9-D3FFDE37D3DA,234-4055,Ea,1,6,NULL,44.1500000,NULL,NULL,NULL,Ea
C79D8751-3936-467C-B1AF-194BAEDDB832,E45356CD-BD48-4AED-AE6C-32C50A445D0D,835FB8B3-624C-4D18-BE83-6C50762C244B,737-244,Ea,1,6,75.6700000,75.6700000,2024-07-22 00:00:00.000,1.0000000,NULL,Ea
DC904935-1925-49D4-A346-1950FDC316FB,F309F673-23D2-4B53-A74F-8E8C3CEADEA3,437CE1EB-8E26-44EC-9EFD-D66F12B38B14,NULL,Ea,0,14,NULL,NULL,NULL,NULL,NULL,Ea
9B089B28-82C3-4DFB-9E05-19537657E703,C3AE1167-553D-4E7E-B23B-5A4FC4E8EDDF,8D06AA0F-E18E-4A8D-854A-B36FA641F317,9030168005,Ea,0,14,2.2100000,2.2100000,2023-07-11 00:00:00.000,10.0000000,,Ea
1D00B81B-DA2A-4F6B-AC63-1954836EBA5E,02A8FC0E-8634-4D0B-9744-71B3D96B5D09,835FB8B3-624C-4D18-BE83-6C50762C244B,74409 SIZE 0.90,Ea,1,6,3.4100000,3.4100000,2024-12-09 00:00:00.000,1.0000000,NULL,Ea
1FC5696A-9641-418E-A1B5-196E38923B9C,C7414768-B7AD-4BBB-B617-4F9C945B01B5,F2A56A0C-94A5-4173-9F64-EBB961688DB0,NULL,Ea,0,14,NULL,NULL,NULL,NULL,NULL,Ea
1EDB8387-EF56-4833-B47F-197DD360AE8F,6E6B44AF-A8D7-4423-8759-E4088000C5F6,F7AFC18C-77EF-482C-98D3-3A4455E8A49C,70827431,Ea,1,14,NULL,26.2600000,NULL,NULL,NULL,Ea
FBC774FF-E4A5-4428-82E6-197E71E7646F,B6BED826-1BA9-4232-ACD9-F2A9DF06EB3B,8888D6F9-75E4-4B07-9E4B-700B06FE9043,TWTO48,Ea,0,6,7.3200000,7.3200000,2023-09-12 00:00:00.000,3.0000000,,Ea
52B59AB8-9198-48A7-A6C7-197EF2717646,F004ED8F-FF81-47C2-86BD-237135ABE1EB,669EFA04-8F95-4099-8A49-2F250A9B4564,NULL,Ea,1,NULL,NULL,4.5000000,NULL,NULL,NULL,NULL
908B55E3-D59D-45D0-AAA3-197F8A190F17,23D35681-DE75-4FFE-BA10-83DF30EB5B2E,ADC0FF99-5667-48B6-8AA0-7BBE5AE30A7D,KF-1022,Ea,1,14,NULL,51.7500000,NULL,NULL,NULL,Ea
2B6BE02B-839C-4A5F-A002-197FF842014B,42DFA5CE-EC63-405F-9B48-18674202F364,9C464640-083C-4012-8C78-F44BDE5997B4,57-1468-BLK,Ea,0,14,NULL,71.1900000,NULL,NULL,NULL,Ea
CA90CEAA-F532-494E-B90E-19863267A521,641887FB-40D6-41BA-8E74-AAFB3CE5CE74,FF7211A3-33C2-4F26-81CA-990E1F87AC5A,S-973,Ea,1,14,NULL,0.6200000,NULL,NULL,NULL,Ea
E7EAA627-D507-4545-B50B-198F2C61E22D,2720B004-891C-432D-AFFA-B8D51AF7BFE8,72A4F6BF-FDCD-4DC8-9A19-A26988DD3C70,5180-XL Char Classic,Ea,1,14,12.9500000,12.9500000,2023-09-15 00:00:00.000,9.0000000,NULL,Ea
28E7D998-4833-48DD-A542-199324476F55,C845F1C7-DB38-4ACC-A67D-04F6AE199E87,A4CBC26B-F5E2-4E99-A57C-E4E2C818D4CF,NULL,Ea,1,14,NULL,NULL,NULL,NULL,NULL,Ea
5CAE3309-6DD2-4492-92BB-199E6BED0CF3,2EDC6E90-18A0-4862-BE53-C73C6A44A093,C77D5086-B2A4-451D-89AB-27639DE772B7,NULL,NULL,0,6,NULL,NULL,NULL,NULL,NULL,Ea
DACD712A-CF7B-4B06-9679-199F8CFB3FF9,4826E7CF-E20A-4669-AE98-F594D2146AF6,461A1278-2076-4BC9-BDC8-0BE1215900B9,35369,Ea,1,8,63.7900000,63.7900000,2024-08-06 00:00:00.000,1.0000000,,Ea
4FD0CB33-A61B-40E6-B5CB-19A26AF0D17D,138A048D-A071-41C1-A551-59A054422776,E75C05B6-0E14-4E40-9DC9-D3FFDE37D3DA,234-4051,Ea,1,6,NULL,47.8600000,NULL,NULL,,Ea
E0CF8FED-08BE-46D6-83D9-19BC20E31B4F,D67CBC42-D879-41A5-9281-EE1A34CA664E,437CE1EB-8E26-44EC-9EFD-D66F12B38B14,90923-05019,Ea,1,5,3.9700000,3.7100000,2025-04-11 00:00:00.000,5.0000000,NULL,Ea
A7972F18-D546-4ECC-AFBF-19C7DFF47A67,F6B11143-38CA-46FD-8982-6DF972B86D7F,7C91567D-EB42-4DA4-8F05-EFAB871DF672,111306-1-KIT,Ea,1,7,11.0100000,11.0100002,2024-08-23 00:00:00.000,3.0000000,NULL,Ea
45DECB26-B51A-47A8-8ECE-19C92064161F,C7414768-B7AD-4BBB-B617-4F9C945B01B5,E75C05B6-0E14-4E40-9DC9-D3FFDE37D3DA,NULL,Ea,0,14,NULL,NULL,NULL,NULL,NULL,Ea
8BBC108E-45A2-49D6-93C6-19CBE243AB56,6CB65F3F-049A-494C-8EED-2A4AFD5F7081,AA0F3D51-3906-450A-AD9E-68C5FBE8D4AD,HG1570,Ea,0,7,23.1500000,23.1500000,2024-04-19 00:00:00.000,3.0000000,,Ea
BE290A6B-A017-454A-806C-19D2A6AFF206,EA40B4C3-9FBD-427A-9681-DE3A90818D89,82FE7ED7-3F4E-477E-AFCF-B7B4EA36F327,MAGNAFLOW #16624,Ea,1,14,NULL,450.9800000,NULL,NULL,NULL,Ea
D16CB680-4AA9-48FC-BAA7-19D86E60DC5B,51BEF5B3-D9B6-492D-BC74-06235D8796A8,75E066E8-966A-4881-AE1D-8B25AE5EC77E,VS50358R Felpro,Ea,0,14,NULL,23.1200000,NULL,NULL,NULL,Ea
