Getting page 1
Starting new HTTPS connection (1): api.bigcommerce.com:443
https://api.bigcommerce.com:443 "GET /stores//v3/catalog/products?include=modifiers&page=1&limit=200 HTTP/1.1" 200 None
Getting page 2
Starting new HTTPS connection (1): api.bigcommerce.com:443
https://api.bigcommerce.com:443 "GET /stores//v3/catalog/products?include=modifiers&page=2&limit=200 HTTP/1.1" 200 None
Getting page 3
Starting new HTTPS connection (1): api.bigcommerce.com:443
https://api.bigcommerce.com:443 "GET /stores//v3/catalog/products?include=modifiers&page=3&limit=200 HTTP/1.1" 200 None
Getting page 4
Starting new HTTPS connection (1): api.bigcommerce.com:443
https://api.bigcommerce.com:443 "GET /stores//v3/catalog/products?include=modifiers&page=4&limit=200 HTTP/1.1" 200 None
Getting page 5
Starting new HTTPS connection (1): api.bigcommerce.com:443
https://api.bigcommerce.com:443 "GET /stores//v3/catalog/products?include=modifiers&page=5&limit=200 HTTP/1.1" 200 None
Getting page 6
Starting new HTTPS connection (1): api.bigcommerce.com:443
https://api.bigcommerce.com:443 "GET /stores//v3/catalog/products?include=modifiers&page=6&limit=200 HTTP/1.1" 200 None
Getting page 7
Starting new HTTPS connection (1): api.bigcommerce.com:443
https://api.bigcommerce.com:443 "GET /stores//v3/catalog/products?include=modifiers&page=7&limit=200 HTTP/1.1" 200 None
Getting page 8
Starting new HTTPS connection (1): api.bigcommerce.com:443
https://api.bigcommerce.com:443 "GET /stores//v3/catalog/products?include=modifiers&page=8&limit=200 HTTP/1.1" 200 None
Getting page 9
Starting new HTTPS connection (1): api.bigcommerce.com:443
https://api.bigcommerce.com:443 "GET /stores//v3/catalog/products?include=modifiers&page=9&limit=200 HTTP/1.1" 200 None
Getting page 10
Starting new HTTPS connection (1): api.bigcommerce.com:443
https://api.bigcommerce.com:443 "GET /stores//v3/catalog/products?include=modifiers&page=10&limit=200 HTTP/1.1" 200 None
Getting page 11
Starting new HTTPS connection (1): api.bigcommerce.com:443
https://api.bigcommerce.com:443 "GET /stores//v3/catalog/products?include=modifiers&page=11&limit=200 HTTP/1.1" 200 None
Getting page 12
Starting new HTTPS connection (1): api.bigcommerce.com:443
https://api.bigcommerce.com:443 "GET /stores//v3/catalog/products?include=modifiers&page=12&limit=200 HTTP/1.1" 200 None
Getting page 13
Starting new HTTPS connection (1): api.bigcommerce.com:443
https://api.bigcommerce.com:443 "GET /stores//v3/catalog/products?include=modifiers&page=13&limit=200 HTTP/1.1" 200 None
Getting page 14
Starting new HTTPS connection (1): api.bigcommerce.com:443
https://api.bigcommerce.com:443 "GET /stores//v3/catalog/products?include=modifiers&page=14&limit=200 HTTP/1.1" 200 None
Getting page 15
Starting new HTTPS connection (1): api.bigcommerce.com:443
https://api.bigcommerce.com:443 "GET /stores//v3/catalog/products?include=modifiers&page=15&limit=200 HTTP/1.1" 200 None
Getting page 16
Starting new HTTPS connection (1): api.bigcommerce.com:443
https://api.bigcommerce.com:443 "GET /stores//v3/catalog/products?include=modifiers&page=16&limit=200 HTTP/1.1" 200 None
Getting page 17
Starting new HTTPS connection (1): api.bigcommerce.com:443
https://api.bigcommerce.com:443 "GET /stores//v3/catalog/products?include=modifiers&page=17&limit=200 HTTP/1.1" 200 None
Getting page 18
Starting new HTTPS connection (1): api.bigcommerce.com:443
https://api.bigcommerce.com:443 "GET /stores//v3/catalog/products?include=modifiers&page=18&limit=200 HTTP/1.1" 200 None
Getting page 19
Starting new HTTPS connection (1): api.bigcommerce.com:443
https://api.bigcommerce.com:443 "GET /stores//v3/catalog/products?include=modifiers&page=19&limit=200 HTTP/1.1" 200 None
Getting page 20
Starting new HTTPS connection (1): api.bigcommerce.com:443
https://api.bigcommerce.com:443 "GET /stores//v3/catalog/products?include=modifiers&page=20&limit=200 HTTP/1.1" 200 None
Getting page 21
Starting new HTTPS connection (1): api.bigcommerce.com:443
https://api.bigcommerce.com:443 "GET /stores//v3/catalog/products?include=modifiers&page=21&limit=200 HTTP/1.1" 200 None
Getting page 22
Starting new HTTPS connection (1): api.bigcommerce.com:443
https://api.bigcommerce.com:443 "GET /stores//v3/catalog/products?include=modifiers&page=22&limit=200 HTTP/1.1" 200 None
Getting page 23
Starting new HTTPS connection (1): api.bigcommerce.com:443
https://api.bigcommerce.com:443 "GET /stores//v3/catalog/products?include=modifiers&page=23&limit=200 HTTP/1.1" 200 None
Getting page 24
Starting new HTTPS connection (1): api.bigcommerce.com:443
https://api.bigcommerce.com:443 "GET /stores//v3/catalog/products?include=modifiers&page=24&limit=200 HTTP/1.1" 200 None
Getting page 25
Starting new HTTPS connection (1): api.bigcommerce.com:443
https://api.bigcommerce.com:443 "GET /stores//v3/catalog/products?include=modifiers&page=25&limit=200 HTTP/1.1" 200 None
Getting page 26
Starting new HTTPS connection (1): api.bigcommerce.com:443
https://api.bigcommerce.com:443 "GET /stores//v3/catalog/products?include=modifiers&page=26&limit=200 HTTP/1.1" 200 None
Getting page 27
Starting new HTTPS connection (1): api.bigcommerce.com:443
https://api.bigcommerce.com:443 "GET /stores//v3/catalog/products?include=modifiers&page=27&limit=200 HTTP/1.1" 200 None
Getting page 28
Starting new HTTPS connection (1): api.bigcommerce.com:443
https://api.bigcommerce.com:443 "GET /stores//v3/catalog/products?include=modifiers&page=28&limit=200 HTTP/1.1" 200 None
Getting page 29
Starting new HTTPS connection (1): api.bigcommerce.com:443
https://api.bigcommerce.com:443 "GET /stores//v3/catalog/products?include=modifiers&page=29&limit=200 HTTP/1.1" 200 None
Getting page 30
Starting new HTTPS connection (1): api.bigcommerce.com:443
https://api.bigcommerce.com:443 "GET /stores//v3/catalog/products?include=modifiers&page=30&limit=200 HTTP/1.1" 200 None
Getting page 31
Starting new HTTPS connection (1): api.bigcommerce.com:443
https://api.bigcommerce.com:443 "GET /stores//v3/catalog/products?include=modifiers&page=31&limit=200 HTTP/1.1" 200 None
Getting page 32
Starting new HTTPS connection (1): api.bigcommerce.com:443
https://api.bigcommerce.com:443 "GET /stores//v3/catalog/products?include=modifiers&page=32&limit=200 HTTP/1.1" 200 None
Getting page 33
Starting new HTTPS connection (1): api.bigcommerce.com:443
https://api.bigcommerce.com:443 "GET /stores//v3/catalog/products?include=modifiers&page=33&limit=200 HTTP/1.1" 200 None
Getting page 34
Starting new HTTPS connection (1): api.bigcommerce.com:443
https://api.bigcommerce.com:443 "GET /stores//v3/catalog/products?include=modifiers&page=34&limit=200 HTTP/1.1" 200 None
Getting page 35
Starting new HTTPS connection (1): api.bigcommerce.com:443
https://api.bigcommerce.com:443 "GET /stores//v3/catalog/products?include=modifiers&page=35&limit=200 HTTP/1.1" 200 None
Getting page 36
Starting new HTTPS connection (1): api.bigcommerce.com:443
https://api.bigcommerce.com:443 "GET /stores//v3/catalog/products?include=modifiers&page=36&limit=200 HTTP/1.1" 200 None
Getting page 37
Starting new HTTPS connection (1): api.bigcommerce.com:443
https://api.bigcommerce.com:443 "GET /stores//v3/catalog/products?include=modifiers&page=37&limit=200 HTTP/1.1" 200 None
Getting page 38
Starting new HTTPS connection (1): api.bigcommerce.com:443
https://api.bigcommerce.com:443 "GET /stores//v3/catalog/products?include=modifiers&page=38&limit=200 HTTP/1.1" 200 None
Getting page 39
Starting new HTTPS connection (1): api.bigcommerce.com:443
https://api.bigcommerce.com:443 "GET /stores//v3/catalog/products?include=modifiers&page=39&limit=200 HTTP/1.1" 200 None
Getting page 40
Starting new HTTPS connection (1): api.bigcommerce.com:443
https://api.bigcommerce.com:443 "GET /stores//v3/catalog/products?include=modifiers&page=40&limit=200 HTTP/1.1" 200 None
Getting page 41
Starting new HTTPS connection (1): api.bigcommerce.com:443
https://api.bigcommerce.com:443 "GET /stores//v3/catalog/products?include=modifiers&page=41&limit=200 HTTP/1.1" 200 None
Getting page 42
Starting new HTTPS connection (1): api.bigcommerce.com:443
https://api.bigcommerce.com:443 "GET /stores//v3/catalog/products?include=modifiers&page=42&limit=200 HTTP/1.1" 200 None
Getting page 43
Starting new HTTPS connection (1): api.bigcommerce.com:443
https://api.bigcommerce.com:443 "GET /stores//v3/catalog/products?include=modifiers&page=43&limit=200 HTTP/1.1" 200 None
Getting page 44
Starting new HTTPS connection (1): api.bigcommerce.com:443
https://api.bigcommerce.com:443 "GET /stores//v3/catalog/products?include=modifiers&page=44&limit=200 HTTP/1.1" 200 None
Getting page 45
Starting new HTTPS connection (1): api.bigcommerce.com:443
https://api.bigcommerce.com:443 "GET /stores//v3/catalog/products?include=modifiers&page=45&limit=200 HTTP/1.1" 200 None
Getting page 46
Starting new HTTPS connection (1): api.bigcommerce.com:443
https://api.bigcommerce.com:443 "GET /stores//v3/catalog/products?include=modifiers&page=46&limit=200 HTTP/1.1" 200 None
Getting page 47
Starting new HTTPS connection (1): api.bigcommerce.com:443
https://api.bigcommerce.com:443 "GET /stores//v3/catalog/products?include=modifiers&page=47&limit=200 HTTP/1.1" 200 None
Getting page 48
Starting new HTTPS connection (1): api.bigcommerce.com:443
https://api.bigcommerce.com:443 "GET /stores//v3/catalog/products?include=modifiers&page=48&limit=200 HTTP/1.1" 200 None
Getting page 49
Starting new HTTPS connection (1): api.bigcommerce.com:443
https://api.bigcommerce.com:443 "GET /stores//v3/catalog/products?include=modifiers&page=49&limit=200 HTTP/1.1" 200 None
Getting page 50
Starting new HTTPS connection (1): api.bigcommerce.com:443
https://api.bigcommerce.com:443 "GET /stores//v3/catalog/products?include=modifiers&page=50&limit=200 HTTP/1.1" 200 None
Getting page 51
Starting new HTTPS connection (1): api.bigcommerce.com:443
https://api.bigcommerce.com:443 "GET /stores//v3/catalog/products?include=modifiers&page=51&limit=200 HTTP/1.1" 200 None
Getting page 52
Starting new HTTPS connection (1): api.bigcommerce.com:443
https://api.bigcommerce.com:443 "GET /stores//v3/catalog/products?include=modifiers&page=52&limit=200 HTTP/1.1" 200 None
Getting page 53
Starting new HTTPS connection (1): api.bigcommerce.com:443
https://api.bigcommerce.com:443 "GET /stores//v3/catalog/products?include=modifiers&page=53&limit=200 HTTP/1.1" 200 None
Getting page 54
Starting new HTTPS connection (1): api.bigcommerce.com:443
https://api.bigcommerce.com:443 "GET /stores//v3/catalog/products?include=modifiers&page=54&limit=200 HTTP/1.1" 200 None
Getting page 55
Starting new HTTPS connection (1): api.bigcommerce.com:443
https://api.bigcommerce.com:443 "GET /stores//v3/catalog/products?include=modifiers&page=55&limit=200 HTTP/1.1" 200 None
Getting page 56
Starting new HTTPS connection (1): api.bigcommerce.com:443
https://api.bigcommerce.com:443 "GET /stores//v3/catalog/products?include=modifiers&page=56&limit=200 HTTP/1.1" 200 None
Getting page 57
Starting new HTTPS connection (1): api.bigcommerce.com:443
https://api.bigcommerce.com:443 "GET /stores//v3/catalog/products?include=modifiers&page=57&limit=200 HTTP/1.1" 200 None
Getting page 58
Starting new HTTPS connection (1): api.bigcommerce.com:443
https://api.bigcommerce.com:443 "GET /stores//v3/catalog/products?include=modifiers&page=58&limit=200 HTTP/1.1" 200 None
Getting page 59
Starting new HTTPS connection (1): api.bigcommerce.com:443
https://api.bigcommerce.com:443 "GET /stores//v3/catalog/products?include=modifiers&page=59&limit=200 HTTP/1.1" 200 None
Getting page 60
Starting new HTTPS connection (1): api.bigcommerce.com:443
https://api.bigcommerce.com:443 "GET /stores//v3/catalog/products?include=modifiers&page=60&limit=200 HTTP/1.1" 200 None
Getting page 61
Starting new HTTPS connection (1): api.bigcommerce.com:443
https://api.bigcommerce.com:443 "GET /stores//v3/catalog/products?include=modifiers&page=61&limit=200 HTTP/1.1" 200 None
Getting page 62
Starting new HTTPS connection (1): api.bigcommerce.com:443
https://api.bigcommerce.com:443 "GET /stores//v3/catalog/products?include=modifiers&page=62&limit=200 HTTP/1.1" 200 None
Getting page 63
Starting new HTTPS connection (1): api.bigcommerce.com:443
https://api.bigcommerce.com:443 "GET /stores//v3/catalog/products?include=modifiers&page=63&limit=200 HTTP/1.1" 200 None
Getting page 64
Starting new HTTPS connection (1): api.bigcommerce.com:443
https://api.bigcommerce.com:443 "GET /stores//v3/catalog/products?include=modifiers&page=64&limit=200 HTTP/1.1" 200 None
Getting page 65
Starting new HTTPS connection (1): api.bigcommerce.com:443
https://api.bigcommerce.com:443 "GET /stores//v3/catalog/products?include=modifiers&page=65&limit=200 HTTP/1.1" 200 None
Getting page 66
Starting new HTTPS connection (1): api.bigcommerce.com:443
https://api.bigcommerce.com:443 "GET /stores//v3/catalog/products?include=modifiers&page=66&limit=200 HTTP/1.1" 200 None
Getting page 67
Starting new HTTPS connection (1): api.bigcommerce.com:443
https://api.bigcommerce.com:443 "GET /stores//v3/catalog/products?include=modifiers&page=67&limit=200 HTTP/1.1" 200 None
Getting page 68
Starting new HTTPS connection (1): api.bigcommerce.com:443
https://api.bigcommerce.com:443 "GET /stores//v3/catalog/products?include=modifiers&page=68&limit=200 HTTP/1.1" 200 None
Getting page 69
Starting new HTTPS connection (1): api.bigcommerce.com:443
https://api.bigcommerce.com:443 "GET /stores//v3/catalog/products?include=modifiers&page=69&limit=200 HTTP/1.1" 200 None
Getting page 70
Starting new HTTPS connection (1): api.bigcommerce.com:443
https://api.bigcommerce.com:443 "GET /stores//v3/catalog/products?include=modifiers&page=70&limit=200 HTTP/1.1" 200 None
Getting page 71
Starting new HTTPS connection (1): api.bigcommerce.com:443
https://api.bigcommerce.com:443 "GET /stores//v3/catalog/products?include=modifiers&page=71&limit=200 HTTP/1.1" 200 None
Getting page 72
Starting new HTTPS connection (1): api.bigcommerce.com:443
https://api.bigcommerce.com:443 "GET /stores//v3/catalog/products?include=modifiers&page=72&limit=200 HTTP/1.1" 200 None
Getting page 73
Starting new HTTPS connection (1): api.bigcommerce.com:443
https://api.bigcommerce.com:443 "GET /stores//v3/catalog/products?include=modifiers&page=73&limit=200 HTTP/1.1" 200 None
Getting page 74
Starting new HTTPS connection (1): api.bigcommerce.com:443
https://api.bigcommerce.com:443 "GET /stores//v3/catalog/products?include=modifiers&page=74&limit=200 HTTP/1.1" 200 None
Getting page 75
Starting new HTTPS connection (1): api.bigcommerce.com:443
https://api.bigcommerce.com:443 "GET /stores//v3/catalog/products?include=modifiers&page=75&limit=200 HTTP/1.1" 200 None
Getting page 76
Starting new HTTPS connection (1): api.bigcommerce.com:443
https://api.bigcommerce.com:443 "GET /stores//v3/catalog/products?include=modifiers&page=76&limit=200 HTTP/1.1" 200 None
Getting page 77
Starting new HTTPS connection (1): api.bigcommerce.com:443
https://api.bigcommerce.com:443 "GET /stores//v3/catalog/products?include=modifiers&page=77&limit=200 HTTP/1.1" 200 None
Getting page 78
Starting new HTTPS connection (1): api.bigcommerce.com:443
https://api.bigcommerce.com:443 "GET /stores//v3/catalog/products?include=modifiers&page=78&limit=200 HTTP/1.1" 200 None
Getting page 79
Starting new HTTPS connection (1): api.bigcommerce.com:443
https://api.bigcommerce.com:443 "GET /stores//v3/catalog/products?include=modifiers&page=79&limit=200 HTTP/1.1" 200 None
Getting page 80
Starting new HTTPS connection (1): api.bigcommerce.com:443
https://api.bigcommerce.com:443 "GET /stores//v3/catalog/products?include=modifiers&page=80&limit=200 HTTP/1.1" 200 None
Getting page 81
Starting new HTTPS connection (1): api.bigcommerce.com:443
https://api.bigcommerce.com:443 "GET /stores//v3/catalog/products?include=modifiers&page=81&limit=200 HTTP/1.1" 200 None
Getting page 82
Starting new HTTPS connection (1): api.bigcommerce.com:443
https://api.bigcommerce.com:443 "GET /stores//v3/catalog/products?include=modifiers&page=82&limit=200 HTTP/1.1" 200 None
Getting page 83
Starting new HTTPS connection (1): api.bigcommerce.com:443
https://api.bigcommerce.com:443 "GET /stores//v3/catalog/products?include=modifiers&page=83&limit=200 HTTP/1.1" 200 None
Getting page 84
Starting new HTTPS connection (1): api.bigcommerce.com:443
https://api.bigcommerce.com:443 "GET /stores//v3/catalog/products?include=modifiers&page=84&limit=200 HTTP/1.1" 200 None
Getting page 85
Starting new HTTPS connection (1): api.bigcommerce.com:443
https://api.bigcommerce.com:443 "GET /stores//v3/catalog/products?include=modifiers&page=85&limit=200 HTTP/1.1" 200 None
Getting page 86
Starting new HTTPS connection (1): api.bigcommerce.com:443
https://api.bigcommerce.com:443 "GET /stores//v3/catalog/products?include=modifiers&page=86&limit=200 HTTP/1.1" 200 None
Getting page 87
Starting new HTTPS connection (1): api.bigcommerce.com:443
https://api.bigcommerce.com:443 "GET /stores//v3/catalog/products?include=modifiers&page=87&limit=200 HTTP/1.1" 200 None
Getting page 88
Starting new HTTPS connection (1): api.bigcommerce.com:443
https://api.bigcommerce.com:443 "GET /stores//v3/catalog/products?include=modifiers&page=88&limit=200 HTTP/1.1" 200 None
Getting page 89
Starting new HTTPS connection (1): api.bigcommerce.com:443
https://api.bigcommerce.com:443 "GET /stores//v3/catalog/products?include=modifiers&page=89&limit=200 HTTP/1.1" 200 None
Getting page 90
Starting new HTTPS connection (1): api.bigcommerce.com:443
https://api.bigcommerce.com:443 "GET /stores//v3/catalog/products?include=modifiers&page=90&limit=200 HTTP/1.1" 200 None
Getting page 91
Starting new HTTPS connection (1): api.bigcommerce.com:443
https://api.bigcommerce.com:443 "GET /stores//v3/catalog/products?include=modifiers&page=91&limit=200 HTTP/1.1" 200 None
Getting page 92
Starting new HTTPS connection (1): api.bigcommerce.com:443
https://api.bigcommerce.com:443 "GET /stores//v3/catalog/products?include=modifiers&page=92&limit=200 HTTP/1.1" 200 None
Getting page 93
Starting new HTTPS connection (1): api.bigcommerce.com:443
https://api.bigcommerce.com:443 "GET /stores//v3/catalog/products?include=modifiers&page=93&limit=200 HTTP/1.1" 200 None
Getting page 94
Starting new HTTPS connection (1): api.bigcommerce.com:443
https://api.bigcommerce.com:443 "GET /stores//v3/catalog/products?include=modifiers&page=94&limit=200 HTTP/1.1" 200 None
Getting page 95
Starting new HTTPS connection (1): api.bigcommerce.com:443
https://api.bigcommerce.com:443 "GET /stores//v3/catalog/products?include=modifiers&page=95&limit=200 HTTP/1.1" 200 None
Getting page 96
Starting new HTTPS connection (1): api.bigcommerce.com:443
https://api.bigcommerce.com:443 "GET /stores//v3/catalog/products?include=modifiers&page=96&limit=200 HTTP/1.1" 200 None
Getting page 97
Starting new HTTPS connection (1): api.bigcommerce.com:443
https://api.bigcommerce.com:443 "GET /stores//v3/catalog/products?include=modifiers&page=97&limit=200 HTTP/1.1" 200 None
Getting page 98
Starting new HTTPS connection (1): api.bigcommerce.com:443
https://api.bigcommerce.com:443 "GET /stores//v3/catalog/products?include=modifiers&page=98&limit=200 HTTP/1.1" 200 None
Getting page 99
Starting new HTTPS connection (1): api.bigcommerce.com:443
https://api.bigcommerce.com:443 "GET /stores//v3/catalog/products?include=modifiers&page=99&limit=200 HTTP/1.1" 200 None
Getting page 100
Starting new HTTPS connection (1): api.bigcommerce.com:443
https://api.bigcommerce.com:443 "GET /stores//v3/catalog/products?include=modifiers&page=100&limit=200 HTTP/1.1" 200 None
Getting page 101
Starting new HTTPS connection (1): api.bigcommerce.com:443
https://api.bigcommerce.com:443 "GET /stores//v3/catalog/products?include=modifiers&page=101&limit=200 HTTP/1.1" 200 None
Getting page 102
Starting new HTTPS connection (1): api.bigcommerce.com:443
https://api.bigcommerce.com:443 "GET /stores//v3/catalog/products?include=modifiers&page=102&limit=200 HTTP/1.1" 200 None
Getting page 103
Starting new HTTPS connection (1): api.bigcommerce.com:443
https://api.bigcommerce.com:443 "GET /stores//v3/catalog/products?include=modifiers&page=103&limit=200 HTTP/1.1" 200 None
Getting page 104
Starting new HTTPS connection (1): api.bigcommerce.com:443
https://api.bigcommerce.com:443 "GET /stores//v3/catalog/products?include=modifiers&page=104&limit=200 HTTP/1.1" 200 None
Getting page 105
Starting new HTTPS connection (1): api.bigcommerce.com:443
https://api.bigcommerce.com:443 "GET /stores//v3/catalog/products?include=modifiers&page=105&limit=200 HTTP/1.1" 200 None
Getting page 106
Starting new HTTPS connection (1): api.bigcommerce.com:443
https://api.bigcommerce.com:443 "GET /stores//v3/catalog/products?include=modifiers&page=106&limit=200 HTTP/1.1" 200 None
Getting page 107
Starting new HTTPS connection (1): api.bigcommerce.com:443
https://api.bigcommerce.com:443 "GET /stores//v3/catalog/products?include=modifiers&page=107&limit=200 HTTP/1.1" 200 None
Getting page 108
Starting new HTTPS connection (1): api.bigcommerce.com:443
https://api.bigcommerce.com:443 "GET /stores//v3/catalog/products?include=modifiers&page=108&limit=200 HTTP/1.1" 200 None
Getting page 109
Starting new HTTPS connection (1): api.bigcommerce.com:443
https://api.bigcommerce.com:443 "GET /stores//v3/catalog/products?include=modifiers&page=109&limit=200 HTTP/1.1" 200 None
Getting page 110
Starting new HTTPS connection (1): api.bigcommerce.com:443
https://api.bigcommerce.com:443 "GET /stores//v3/catalog/products?include=modifiers&page=110&limit=200 HTTP/1.1" 200 None
Getting page 111
Starting new HTTPS connection (1): api.bigcommerce.com:443
https://api.bigcommerce.com:443 "GET /stores//v3/catalog/products?include=modifiers&page=111&limit=200 HTTP/1.1" 200 None
Getting page 112
Starting new HTTPS connection (1): api.bigcommerce.com:443
https://api.bigcommerce.com:443 "GET /stores//v3/catalog/products?include=modifiers&page=112&limit=200 HTTP/1.1" 200 None
Getting page 113
Starting new HTTPS connection (1): api.bigcommerce.com:443
https://api.bigcommerce.com:443 "GET /stores//v3/catalog/products?include=modifiers&page=113&limit=200 HTTP/1.1" 200 None
Getting page 114
Starting new HTTPS connection (1): api.bigcommerce.com:443
https://api.bigcommerce.com:443 "GET /stores//v3/catalog/products?include=modifiers&page=114&limit=200 HTTP/1.1" 200 None
Getting page 115
Starting new HTTPS connection (1): api.bigcommerce.com:443
https://api.bigcommerce.com:443 "GET /stores//v3/catalog/products?include=modifiers&page=115&limit=200 HTTP/1.1" 200 None
Getting page 116
Starting new HTTPS connection (1): api.bigcommerce.com:443
https://api.bigcommerce.com:443 "GET /stores//v3/catalog/products?include=modifiers&page=116&limit=200 HTTP/1.1" 200 None
Getting page 117
Starting new HTTPS connection (1): api.bigcommerce.com:443
https://api.bigcommerce.com:443 "GET /stores//v3/catalog/products?include=modifiers&page=117&limit=200 HTTP/1.1" 200 None
Getting page 118
Starting new HTTPS connection (1): api.bigcommerce.com:443
https://api.bigcommerce.com:443 "GET /stores//v3/catalog/products?include=modifiers&page=118&limit=200 HTTP/1.1" 200 None
Getting page 119
Starting new HTTPS connection (1): api.bigcommerce.com:443
https://api.bigcommerce.com:443 "GET /stores//v3/catalog/products?include=modifiers&page=119&limit=200 HTTP/1.1" 200 None
Getting page 120
Starting new HTTPS connection (1): api.bigcommerce.com:443
https://api.bigcommerce.com:443 "GET /stores//v3/catalog/products?include=modifiers&page=120&limit=200 HTTP/1.1" 200 None
Getting page 121
Starting new HTTPS connection (1): api.bigcommerce.com:443
https://api.bigcommerce.com:443 "GET /stores//v3/catalog/products?include=modifiers&page=121&limit=200 HTTP/1.1" 200 None
Getting page 122
Starting new HTTPS connection (1): api.bigcommerce.com:443
https://api.bigcommerce.com:443 "GET /stores//v3/catalog/products?include=modifiers&page=122&limit=200 HTTP/1.1" 200 None
Getting page 123
Starting new HTTPS connection (1): api.bigcommerce.com:443
https://api.bigcommerce.com:443 "GET /stores//v3/catalog/products?include=modifiers&page=123&limit=200 HTTP/1.1" 200 None
Getting page 124
Starting new HTTPS connection (1): api.bigcommerce.com:443
https://api.bigcommerce.com:443 "GET /stores//v3/catalog/products?include=modifiers&page=124&limit=200 HTTP/1.1" 200 None
Getting page 125
Starting new HTTPS connection (1): api.bigcommerce.com:443
https://api.bigcommerce.com:443 "GET /stores//v3/catalog/products?include=modifiers&page=125&limit=200 HTTP/1.1" 200 None
Getting page 126
Starting new HTTPS connection (1): api.bigcommerce.com:443
https://api.bigcommerce.com:443 "GET /stores//v3/catalog/products?include=modifiers&page=126&limit=200 HTTP/1.1" 200 None
Getting page 127
Starting new HTTPS connection (1): api.bigcommerce.com:443
https://api.bigcommerce.com:443 "GET /stores//v3/catalog/products?include=modifiers&page=127&limit=200 HTTP/1.1" 200 None
Getting page 128
Starting new HTTPS connection (1): api.bigcommerce.com:443
https://api.bigcommerce.com:443 "GET /stores//v3/catalog/products?include=modifiers&page=128&limit=200 HTTP/1.1" 200 None
Getting page 129
Starting new HTTPS connection (1): api.bigcommerce.com:443
https://api.bigcommerce.com:443 "GET /stores//v3/catalog/products?include=modifiers&page=129&limit=200 HTTP/1.1" 200 None
Getting page 130
Starting new HTTPS connection (1): api.bigcommerce.com:443
https://api.bigcommerce.com:443 "GET /stores//v3/catalog/products?include=modifiers&page=130&limit=200 HTTP/1.1" 200 None
Getting page 131
Starting new HTTPS connection (1): api.bigcommerce.com:443
https://api.bigcommerce.com:443 "GET /stores//v3/catalog/products?include=modifiers&page=131&limit=200 HTTP/1.1" 200 None
Getting page 132
Starting new HTTPS connection (1): api.bigcommerce.com:443
https://api.bigcommerce.com:443 "GET /stores//v3/catalog/products?include=modifiers&page=132&limit=200 HTTP/1.1" 200 None
Getting page 133
Starting new HTTPS connection (1): api.bigcommerce.com:443
https://api.bigcommerce.com:443 "GET /stores//v3/catalog/products?include=modifiers&page=133&limit=200 HTTP/1.1" 200 None
Getting page 134
Starting new HTTPS connection (1): api.bigcommerce.com:443
https://api.bigcommerce.com:443 "GET /stores//v3/catalog/products?include=modifiers&page=134&limit=200 HTTP/1.1" 200 None
Getting page 135
Starting new HTTPS connection (1): api.bigcommerce.com:443
https://api.bigcommerce.com:443 "GET /stores//v3/catalog/products?include=modifiers&page=135&limit=200 HTTP/1.1" 200 None
Getting page 136
Starting new HTTPS connection (1): api.bigcommerce.com:443
https://api.bigcommerce.com:443 "GET /stores//v3/catalog/products?include=modifiers&page=136&limit=200 HTTP/1.1" 200 None
Getting page 137
Starting new HTTPS connection (1): api.bigcommerce.com:443
https://api.bigcommerce.com:443 "GET /stores//v3/catalog/products?include=modifiers&page=137&limit=200 HTTP/1.1" 200 None
Getting page 138
Starting new HTTPS connection (1): api.bigcommerce.com:443
https://api.bigcommerce.com:443 "GET /stores//v3/catalog/products?include=modifiers&page=138&limit=200 HTTP/1.1" 200 None
Getting page 139
Starting new HTTPS connection (1): api.bigcommerce.com:443
https://api.bigcommerce.com:443 "GET /stores//v3/catalog/products?include=modifiers&page=139&limit=200 HTTP/1.1" 200 None
Getting page 140
Starting new HTTPS connection (1): api.bigcommerce.com:443
https://api.bigcommerce.com:443 "GET /stores//v3/catalog/products?include=modifiers&page=140&limit=200 HTTP/1.1" 200 None
Getting page 141
Starting new HTTPS connection (1): api.bigcommerce.com:443
https://api.bigcommerce.com:443 "GET /stores//v3/catalog/products?include=modifiers&page=141&limit=200 HTTP/1.1" 200 None
Getting page 142
Starting new HTTPS connection (1): api.bigcommerce.com:443
https://api.bigcommerce.com:443 "GET /stores//v3/catalog/products?include=modifiers&page=142&limit=200 HTTP/1.1" 200 None
Getting page 143
Starting new HTTPS connection (1): api.bigcommerce.com:443
https://api.bigcommerce.com:443 "GET /stores//v3/catalog/products?include=modifiers&page=143&limit=200 HTTP/1.1" 200 None
Getting page 144
Starting new HTTPS connection (1): api.bigcommerce.com:443
https://api.bigcommerce.com:443 "GET /stores//v3/catalog/products?include=modifiers&page=144&limit=200 HTTP/1.1" 200 None
Getting page 145
Starting new HTTPS connection (1): api.bigcommerce.com:443
https://api.bigcommerce.com:443 "GET /stores//v3/catalog/products?include=modifiers&page=145&limit=200 HTTP/1.1" 200 None
Getting page 146
Starting new HTTPS connection (1): api.bigcommerce.com:443
https://api.bigcommerce.com:443 "GET /stores//v3/catalog/products?include=modifiers&page=146&limit=200 HTTP/1.1" 200 None
Getting page 147
Starting new HTTPS connection (1): api.bigcommerce.com:443
https://api.bigcommerce.com:443 "GET /stores//v3/catalog/products?include=modifiers&page=147&limit=200 HTTP/1.1" 200 None
Getting page 148
Starting new HTTPS connection (1): api.bigcommerce.com:443
https://api.bigcommerce.com:443 "GET /stores//v3/catalog/products?include=modifiers&page=148&limit=200 HTTP/1.1" 200 None
Getting page 149
Starting new HTTPS connection (1): api.bigcommerce.com:443
https://api.bigcommerce.com:443 "GET /stores//v3/catalog/products?include=modifiers&page=149&limit=200 HTTP/1.1" 200 None
Getting page 150
Starting new HTTPS connection (1): api.bigcommerce.com:443
https://api.bigcommerce.com:443 "GET /stores//v3/catalog/products?include=modifiers&page=150&limit=200 HTTP/1.1" 200 None
Getting page 151
Starting new HTTPS connection (1): api.bigcommerce.com:443
https://api.bigcommerce.com:443 "GET /stores//v3/catalog/products?include=modifiers&page=151&limit=200 HTTP/1.1" 200 None
Getting page 152
Starting new HTTPS connection (1): api.bigcommerce.com:443
https://api.bigcommerce.com:443 "GET /stores//v3/catalog/products?include=modifiers&page=152&limit=200 HTTP/1.1" 200 None
Getting page 153
Starting new HTTPS connection (1): api.bigcommerce.com:443
https://api.bigcommerce.com:443 "GET /stores//v3/catalog/products?include=modifiers&page=153&limit=200 HTTP/1.1" 200 None
Getting page 154
Starting new HTTPS connection (1): api.bigcommerce.com:443
https://api.bigcommerce.com:443 "GET /stores//v3/catalog/products?include=modifiers&page=154&limit=200 HTTP/1.1" 200 None
Getting page 155
Starting new HTTPS connection (1): api.bigcommerce.com:443
https://api.bigcommerce.com:443 "GET /stores//v3/catalog/products?include=modifiers&page=155&limit=200 HTTP/1.1" 200 None
Getting page 156
Starting new HTTPS connection (1): api.bigcommerce.com:443
https://api.bigcommerce.com:443 "GET /stores//v3/catalog/products?include=modifiers&page=156&limit=200 HTTP/1.1" 200 None
Getting page 157
Starting new HTTPS connection (1): api.bigcommerce.com:443
https://api.bigcommerce.com:443 "GET /stores//v3/catalog/products?include=modifiers&page=157&limit=200 HTTP/1.1" 200 None
Getting page 158
Starting new HTTPS connection (1): api.bigcommerce.com:443
https://api.bigcommerce.com:443 "GET /stores//v3/catalog/products?include=modifiers&page=158&limit=200 HTTP/1.1" 200 None
Getting page 159
Starting new HTTPS connection (1): api.bigcommerce.com:443
https://api.bigcommerce.com:443 "GET /stores//v3/catalog/products?include=modifiers&page=159&limit=200 HTTP/1.1" 200 None
Getting page 160
Starting new HTTPS connection (1): api.bigcommerce.com:443
https://api.bigcommerce.com:443 "GET /stores//v3/catalog/products?include=modifiers&page=160&limit=200 HTTP/1.1" 200 None
Getting page 161
Starting new HTTPS connection (1): api.bigcommerce.com:443
https://api.bigcommerce.com:443 "GET /stores//v3/catalog/products?include=modifiers&page=161&limit=200 HTTP/1.1" 200 None
Getting page 162
Starting new HTTPS connection (1): api.bigcommerce.com:443
https://api.bigcommerce.com:443 "GET /stores//v3/catalog/products?include=modifiers&page=162&limit=200 HTTP/1.1" 200 None
Getting page 163
Starting new HTTPS connection (1): api.bigcommerce.com:443
https://api.bigcommerce.com:443 "GET /stores//v3/catalog/products?include=modifiers&page=163&limit=200 HTTP/1.1" 200 None
Getting page 164
Starting new HTTPS connection (1): api.bigcommerce.com:443
https://api.bigcommerce.com:443 "GET /stores//v3/catalog/products?include=modifiers&page=164&limit=200 HTTP/1.1" 200 None
Getting page 165
Starting new HTTPS connection (1): api.bigcommerce.com:443
https://api.bigcommerce.com:443 "GET /stores//v3/catalog/products?include=modifiers&page=165&limit=200 HTTP/1.1" 200 None
Getting page 166
Starting new HTTPS connection (1): api.bigcommerce.com:443
https://api.bigcommerce.com:443 "GET /stores//v3/catalog/products?include=modifiers&page=166&limit=200 HTTP/1.1" 200 None
Getting page 167
Starting new HTTPS connection (1): api.bigcommerce.com:443
https://api.bigcommerce.com:443 "GET /stores//v3/catalog/products?include=modifiers&page=167&limit=200 HTTP/1.1" 200 None
Getting page 168
Starting new HTTPS connection (1): api.bigcommerce.com:443
https://api.bigcommerce.com:443 "GET /stores//v3/catalog/products?include=modifiers&page=168&limit=200 HTTP/1.1" 200 None
Getting page 169
Starting new HTTPS connection (1): api.bigcommerce.com:443
https://api.bigcommerce.com:443 "GET /stores//v3/catalog/products?include=modifiers&page=169&limit=200 HTTP/1.1" 200 None
Getting page 170
Starting new HTTPS connection (1): api.bigcommerce.com:443
https://api.bigcommerce.com:443 "GET /stores//v3/catalog/products?include=modifiers&page=170&limit=200 HTTP/1.1" 200 None
Getting page 171
Starting new HTTPS connection (1): api.bigcommerce.com:443
https://api.bigcommerce.com:443 "GET /stores//v3/catalog/products?include=modifiers&page=171&limit=200 HTTP/1.1" 200 None
Getting page 172
Starting new HTTPS connection (1): api.bigcommerce.com:443
https://api.bigcommerce.com:443 "GET /stores//v3/catalog/products?include=modifiers&page=172&limit=200 HTTP/1.1" 200 None
Getting page 173
Starting new HTTPS connection (1): api.bigcommerce.com:443
https://api.bigcommerce.com:443 "GET /stores//v3/catalog/products?include=modifiers&page=173&limit=200 HTTP/1.1" 200 None
Getting page 174
Starting new HTTPS connection (1): api.bigcommerce.com:443
https://api.bigcommerce.com:443 "GET /stores//v3/catalog/products?include=modifiers&page=174&limit=200 HTTP/1.1" 200 None
Getting page 175
Starting new HTTPS connection (1): api.bigcommerce.com:443
https://api.bigcommerce.com:443 "GET /stores//v3/catalog/products?include=modifiers&page=175&limit=200 HTTP/1.1" 200 None
Getting page 176
Starting new HTTPS connection (1): api.bigcommerce.com:443
https://api.bigcommerce.com:443 "GET /stores//v3/catalog/products?include=modifiers&page=176&limit=200 HTTP/1.1" 200 None
Getting page 177
Starting new HTTPS connection (1): api.bigcommerce.com:443
https://api.bigcommerce.com:443 "GET /stores//v3/catalog/products?include=modifiers&page=177&limit=200 HTTP/1.1" 200 None
Getting page 178
Starting new HTTPS connection (1): api.bigcommerce.com:443
https://api.bigcommerce.com:443 "GET /stores//v3/catalog/products?include=modifiers&page=178&limit=200 HTTP/1.1" 200 None
Getting page 179
Starting new HTTPS connection (1): api.bigcommerce.com:443
https://api.bigcommerce.com:443 "GET /stores//v3/catalog/products?include=modifiers&page=179&limit=200 HTTP/1.1" 200 None
Getting page 180
Starting new HTTPS connection (1): api.bigcommerce.com:443
https://api.bigcommerce.com:443 "GET /stores//v3/catalog/products?include=modifiers&page=180&limit=200 HTTP/1.1" 200 None
Getting page 181
Starting new HTTPS connection (1): api.bigcommerce.com:443
https://api.bigcommerce.com:443 "GET /stores//v3/catalog/products?include=modifiers&page=181&limit=200 HTTP/1.1" 200 None
Getting page 182
Starting new HTTPS connection (1): api.bigcommerce.com:443
https://api.bigcommerce.com:443 "GET /stores//v3/catalog/products?include=modifiers&page=182&limit=200 HTTP/1.1" 200 None
Getting page 183
Starting new HTTPS connection (1): api.bigcommerce.com:443
https://api.bigcommerce.com:443 "GET /stores//v3/catalog/products?include=modifiers&page=183&limit=200 HTTP/1.1" 200 None
Getting page 184
Starting new HTTPS connection (1): api.bigcommerce.com:443
https://api.bigcommerce.com:443 "GET /stores//v3/catalog/products?include=modifiers&page=184&limit=200 HTTP/1.1" 200 None
Getting page 185
Starting new HTTPS connection (1): api.bigcommerce.com:443
https://api.bigcommerce.com:443 "GET /stores//v3/catalog/products?include=modifiers&page=185&limit=200 HTTP/1.1" 200 None
Getting page 186
Starting new HTTPS connection (1): api.bigcommerce.com:443
https://api.bigcommerce.com:443 "GET /stores//v3/catalog/products?include=modifiers&page=186&limit=200 HTTP/1.1" 200 None
Getting page 187
Starting new HTTPS connection (1): api.bigcommerce.com:443
https://api.bigcommerce.com:443 "GET /stores//v3/catalog/products?include=modifiers&page=187&limit=200 HTTP/1.1" 200 None
Getting page 188
Starting new HTTPS connection (1): api.bigcommerce.com:443
https://api.bigcommerce.com:443 "GET /stores//v3/catalog/products?include=modifiers&page=188&limit=200 HTTP/1.1" 200 None
Getting page 189
Starting new HTTPS connection (1): api.bigcommerce.com:443
https://api.bigcommerce.com:443 "GET /stores//v3/catalog/products?include=modifiers&page=189&limit=200 HTTP/1.1" 200 None
Getting page 190
Starting new HTTPS connection (1): api.bigcommerce.com:443
https://api.bigcommerce.com:443 "GET /stores//v3/catalog/products?include=modifiers&page=190&limit=200 HTTP/1.1" 200 None
Getting page 191
Starting new HTTPS connection (1): api.bigcommerce.com:443
https://api.bigcommerce.com:443 "GET /stores//v3/catalog/products?include=modifiers&page=191&limit=200 HTTP/1.1" 200 None
Getting page 192
Starting new HTTPS connection (1): api.bigcommerce.com:443
https://api.bigcommerce.com:443 "GET /stores//v3/catalog/products?include=modifiers&page=192&limit=200 HTTP/1.1" 200 None
Getting page 193
Starting new HTTPS connection (1): api.bigcommerce.com:443
https://api.bigcommerce.com:443 "GET /stores//v3/catalog/products?include=modifiers&page=193&limit=200 HTTP/1.1" 200 None
Getting page 194
Starting new HTTPS connection (1): api.bigcommerce.com:443
https://api.bigcommerce.com:443 "GET /stores//v3/catalog/products?include=modifiers&page=194&limit=200 HTTP/1.1" 200 None
Getting page 195
Starting new HTTPS connection (1): api.bigcommerce.com:443
https://api.bigcommerce.com:443 "GET /stores//v3/catalog/products?include=modifiers&page=195&limit=200 HTTP/1.1" 200 None
Getting page 196
Starting new HTTPS connection (1): api.bigcommerce.com:443
https://api.bigcommerce.com:443 "GET /stores//v3/catalog/products?include=modifiers&page=196&limit=200 HTTP/1.1" 200 None
Getting page 197
Starting new HTTPS connection (1): api.bigcommerce.com:443
https://api.bigcommerce.com:443 "GET /stores//v3/catalog/products?include=modifiers&page=197&limit=200 HTTP/1.1" 200 None
Getting page 198
Starting new HTTPS connection (1): api.bigcommerce.com:443
https://api.bigcommerce.com:443 "GET /stores//v3/catalog/products?include=modifiers&page=198&limit=200 HTTP/1.1" 200 None
Getting page 199
Starting new HTTPS connection (1): api.bigcommerce.com:443
https://api.bigcommerce.com:443 "GET /stores//v3/catalog/products?include=modifiers&page=199&limit=200 HTTP/1.1" 200 None
Getting page 200
Starting new HTTPS connection (1): api.bigcommerce.com:443
https://api.bigcommerce.com:443 "GET /stores//v3/catalog/products?include=modifiers&page=200&limit=200 HTTP/1.1" 200 None
Getting page 201
Starting new HTTPS connection (1): api.bigcommerce.com:443
https://api.bigcommerce.com:443 "GET /stores//v3/catalog/products?include=modifiers&page=201&limit=200 HTTP/1.1" 200 None
Reached the limit of pages to fetch.
Found 692 products without customizations/modifiers:

Starting new HTTPS connection (1): api.bigcommerce.com:443
https://api.bigcommerce.com:443 "PUT /stores//v3/catalog/products/17899 HTTP/1.1" 200 None
SUCCESS update product 17899 with inventory level 0 and tracking none.
Starting new HTTPS connection (1): api.bigcommerce.com:443
https://api.bigcommerce.com:443 "PUT /stores//v3/catalog/products/17900 HTTP/1.1" 200 None
SUCCESS update product 17900 with inventory level 0 and tracking none.
Starting new HTTPS connection (1): api.bigcommerce.com:443
https://api.bigcommerce.com:443 "PUT /stores//v3/catalog/products/17903 HTTP/1.1" 200 None
SUCCESS update product 17903 with inventory level 0 and tracking none.
Starting new HTTPS connection (1): api.bigcommerce.com:443
https://api.bigcommerce.com:443 "PUT /stores//v3/catalog/products/17904 HTTP/1.1" 200 None
SUCCESS update product 17904 with inventory level 9 and tracking product.
	No matching rows found in local DB.
Starting new HTTPS connection (1): api.bigcommerce.com:443
https://api.bigcommerce.com:443 "PUT /stores//v3/catalog/products/17917 HTTP/1.1" 200 None
SUCCESS update product 17917 with inventory level 135 and tracking product.
Starting new HTTPS connection (1): api.bigcommerce.com:443
https://api.bigcommerce.com:443 "PUT /stores//v3/catalog/products/17918 HTTP/1.1" 200 None
SUCCESS update product 17918 with inventory level 6 and tracking product.
Starting new HTTPS connection (1): api.bigcommerce.com:443
https://api.bigcommerce.com:443 "PUT /stores//v3/catalog/products/17919 HTTP/1.1" 200 None
SUCCESS update product 17919 with inventory level 0 and tracking none.
Starting new HTTPS connection (1): api.bigcommerce.com:443
https://api.bigcommerce.com:443 "PUT /stores//v3/catalog/products/17920 HTTP/1.1" 200 None
SUCCESS update product 17920 with inventory level 11 and tracking product.
Starting new HTTPS connection (1): api.bigcommerce.com:443
https://api.bigcommerce.com:443 "PUT /stores//v3/catalog/products/17923 HTTP/1.1" 200 None
SUCCESS update product 17923 with inventory level 0 and tracking none.
Starting new HTTPS connection (1): api.bigcommerce.com:443
https://api.bigcommerce.com:443 "PUT /stores//v3/catalog/products/17924 HTTP/1.1" 200 None
SUCCESS update product 17924 with inventory level 1 and tracking product.
Starting new HTTPS connection (1): api.bigcommerce.com:443
https://api.bigcommerce.com:443 "PUT /stores//v3/catalog/products/17926 HTTP/1.1" 200 None
SUCCESS update product 17926 with inventory level 0 and tracking none.
Starting new HTTPS connection (1): api.bigcommerce.com:443
https://api.bigcommerce.com:443 "PUT /stores//v3/catalog/products/17927 HTTP/1.1" 200 None
SUCCESS update product 17927 with inventory level 1 and tracking product.
Starting new HTTPS connection (1): api.bigcommerce.com:443
https://api.bigcommerce.com:443 "PUT /stores//v3/catalog/products/17928 HTTP/1.1" 200 None
SUCCESS update product 17928 with inventory level 0 and tracking none.
Starting new HTTPS connection (1): api.bigcommerce.com:443
https://api.bigcommerce.com:443 "PUT /stores//v3/catalog/products/17929 HTTP/1.1" 200 None
SUCCESS update product 17929 with inventory level 0 and tracking none.
Starting new HTTPS connection (1): api.bigcommerce.com:443
https://api.bigcommerce.com:443 "PUT /stores//v3/catalog/products/17932 HTTP/1.1" 200 None
SUCCESS update product 17932 with inventory level 5 and tracking product.
Starting new HTTPS connection (1): api.bigcommerce.com:443
https://api.bigcommerce.com:443 "PUT /stores//v3/catalog/products/17935 HTTP/1.1" 200 None
SUCCESS update product 17935 with inventory level 3 and tracking product.
Starting new HTTPS connection (1): api.bigcommerce.com:443
https://api.bigcommerce.com:443 "PUT /stores//v3/catalog/products/17936 HTTP/1.1" 200 None
SUCCESS update product 17936 with inventory level 1 and tracking product.
Starting new HTTPS connection (1): api.bigcommerce.com:443
https://api.bigcommerce.com:443 "PUT /stores//v3/catalog/products/17937 HTTP/1.1" 200 None
SUCCESS update product 17937 with inventory level 0 and tracking none.
	No matching rows found in local DB.
Starting new HTTPS connection (1): api.bigcommerce.com:443
https://api.bigcommerce.com:443 "PUT /stores//v3/catalog/products/17939 HTTP/1.1" 200 None
SUCCESS update product 17939 with inventory level 0 and tracking none.
Starting new HTTPS connection (1): api.bigcommerce.com:443
https://api.bigcommerce.com:443 "PUT /stores//v3/catalog/products/17940 HTTP/1.1" 200 None
SUCCESS update product 17940 with inventory level 0 and tracking none.
Starting new HTTPS connection (1): api.bigcommerce.com:443
https://api.bigcommerce.com:443 "PUT /stores//v3/catalog/products/17941 HTTP/1.1" 200 None
SUCCESS update product 17941 with inventory level 0 and tracking none.
Starting new HTTPS connection (1): api.bigcommerce.com:443
https://api.bigcommerce.com:443 "PUT /stores//v3/catalog/products/17942 HTTP/1.1" 200 None
SUCCESS update product 17942 with inventory level 0 and tracking none.
Starting new HTTPS connection (1): api.bigcommerce.com:443
https://api.bigcommerce.com:443 "PUT /stores//v3/catalog/products/17943 HTTP/1.1" 200 None
SUCCESS update product 17943 with inventory level 0 and tracking none.
Starting new HTTPS connection (1): api.bigcommerce.com:443
https://api.bigcommerce.com:443 "PUT /stores//v3/catalog/products/17944 HTTP/1.1" 200 None
SUCCESS update product 17944 with inventory level 1 and tracking product.
Starting new HTTPS connection (1): api.bigcommerce.com:443
https://api.bigcommerce.com:443 "PUT /stores//v3/catalog/products/17945 HTTP/1.1" 200 None
SUCCESS update product 17945 with inventory level 1 and tracking product.
Starting new HTTPS connection (1): api.bigcommerce.com:443
https://api.bigcommerce.com:443 "PUT /stores//v3/catalog/products/17946 HTTP/1.1" 200 None
SUCCESS update product 17946 with inventory level 0 and tracking none.
Starting new HTTPS connection (1): api.bigcommerce.com:443
https://api.bigcommerce.com:443 "PUT /stores//v3/catalog/products/17947 HTTP/1.1" 200 None
SUCCESS update product 17947 with inventory level -2 and tracking none.
Starting new HTTPS connection (1): api.bigcommerce.com:443
https://api.bigcommerce.com:443 "PUT /stores//v3/catalog/products/17948 HTTP/1.1" 200 None
SUCCESS update product 17948 with inventory level 0 and tracking none.
Starting new HTTPS connection (1): api.bigcommerce.com:443
https://api.bigcommerce.com:443 "PUT /stores//v3/catalog/products/17949 HTTP/1.1" 200 None
SUCCESS update product 17949 with inventory level 0 and tracking none.
Starting new HTTPS connection (1): api.bigcommerce.com:443
https://api.bigcommerce.com:443 "PUT /stores//v3/catalog/products/17950 HTTP/1.1" 200 None
SUCCESS update product 17950 with inventory level 0 and tracking none.
Starting new HTTPS connection (1): api.bigcommerce.com:443
https://api.bigcommerce.com:443 "PUT /stores//v3/catalog/products/17951 HTTP/1.1" 200 None
SUCCESS update product 17951 with inventory level 0 and tracking none.
Starting new HTTPS connection (1): api.bigcommerce.com:443
https://api.bigcommerce.com:443 "PUT /stores//v3/catalog/products/17952 HTTP/1.1" 200 None
SUCCESS update product 17952 with inventory level -1 and tracking none.
Starting new HTTPS connection (1): api.bigcommerce.com:443
https://api.bigcommerce.com:443 "PUT /stores//v3/catalog/products/17954 HTTP/1.1" 200 None
SUCCESS update product 17954 with inventory level 1 and tracking product.
Starting new HTTPS connection (1): api.bigcommerce.com:443
https://api.bigcommerce.com:443 "PUT /stores//v3/catalog/products/17956 HTTP/1.1" 200 None
SUCCESS update product 17956 with inventory level 1 and tracking product.
Starting new HTTPS connection (1): api.bigcommerce.com:443
https://api.bigcommerce.com:443 "PUT /stores//v3/catalog/products/17957 HTTP/1.1" 200 None
SUCCESS update product 17957 with inventory level 1 and tracking product.
	No matching rows found in local DB.
Starting new HTTPS connection (1): api.bigcommerce.com:443
https://api.bigcommerce.com:443 "PUT /stores//v3/catalog/products/17961 HTTP/1.1" 200 None
SUCCESS update product 17961 with inventory level 264 and tracking product.
Starting new HTTPS connection (1): api.bigcommerce.com:443
https://api.bigcommerce.com:443 "PUT /stores//v3/catalog/products/17963 HTTP/1.1" 200 None
SUCCESS update product 17963 with inventory level -1 and tracking none.
	No matching rows found in local DB.
	No matching rows found in local DB.
	No matching rows found in local DB.
Starting new HTTPS connection (1): api.bigcommerce.com:443
https://api.bigcommerce.com:443 "PUT /stores//v3/catalog/products/18003 HTTP/1.1" 200 None
SUCCESS update product 18003 with inventory level 0 and tracking none.
Starting new HTTPS connection (1): api.bigcommerce.com:443
https://api.bigcommerce.com:443 "PUT /stores//v3/catalog/products/18004 HTTP/1.1" 200 None
SUCCESS update product 18004 with inventory level 0 and tracking none.
Starting new HTTPS connection (1): api.bigcommerce.com:443
https://api.bigcommerce.com:443 "PUT /stores//v3/catalog/products/18005 HTTP/1.1" 200 None
SUCCESS update product 18005 with inventory level 0 and tracking none.
Starting new HTTPS connection (1): api.bigcommerce.com:443
https://api.bigcommerce.com:443 "PUT /stores//v3/catalog/products/18008 HTTP/1.1" 200 None
SUCCESS update product 18008 with inventory level 1 and tracking product.
Starting new HTTPS connection (1): api.bigcommerce.com:443
https://api.bigcommerce.com:443 "PUT /stores//v3/catalog/products/18009 HTTP/1.1" 200 None
SUCCESS update product 18009 with inventory level 1 and tracking product.
Starting new HTTPS connection (1): api.bigcommerce.com:443
https://api.bigcommerce.com:443 "PUT /stores//v3/catalog/products/18010 HTTP/1.1" 200 None
SUCCESS update product 18010 with inventory level 0 and tracking none.
Starting new HTTPS connection (1): api.bigcommerce.com:443
https://api.bigcommerce.com:443 "PUT /stores//v3/catalog/products/18011 HTTP/1.1" 200 None
SUCCESS update product 18011 with inventory level 0 and tracking none.
Starting new HTTPS connection (1): api.bigcommerce.com:443
https://api.bigcommerce.com:443 "PUT /stores//v3/catalog/products/18012 HTTP/1.1" 200 None
SUCCESS update product 18012 with inventory level 1 and tracking product.
Starting new HTTPS connection (1): api.bigcommerce.com:443
https://api.bigcommerce.com:443 "PUT /stores//v3/catalog/products/18013 HTTP/1.1" 200 None
SUCCESS update product 18013 with inventory level 0 and tracking none.
Starting new HTTPS connection (1): api.bigcommerce.com:443
https://api.bigcommerce.com:443 "PUT /stores//v3/catalog/products/18014 HTTP/1.1" 200 None
SUCCESS update product 18014 with inventory level 0 and tracking none.
Starting new HTTPS connection (1): api.bigcommerce.com:443
https://api.bigcommerce.com:443 "PUT /stores//v3/catalog/products/18015 HTTP/1.1" 200 None
SUCCESS update product 18015 with inventory level 0 and tracking none.
Starting new HTTPS connection (1): api.bigcommerce.com:443
https://api.bigcommerce.com:443 "PUT /stores//v3/catalog/products/18016 HTTP/1.1" 200 None
SUCCESS update product 18016 with inventory level 3 and tracking product.
Starting new HTTPS connection (1): api.bigcommerce.com:443
https://api.bigcommerce.com:443 "PUT /stores//v3/catalog/products/18018 HTTP/1.1" 200 None
SUCCESS update product 18018 with inventory level 0 and tracking none.
	No matching rows found in local DB.
Starting new HTTPS connection (1): api.bigcommerce.com:443
https://api.bigcommerce.com:443 "PUT /stores//v3/catalog/products/18020 HTTP/1.1" 200 None
SUCCESS update product 18020 with inventory level -3 and tracking none.
Starting new HTTPS connection (1): api.bigcommerce.com:443
https://api.bigcommerce.com:443 "PUT /stores//v3/catalog/products/18022 HTTP/1.1" 200 None
SUCCESS update product 18022 with inventory level 1 and tracking product.
Starting new HTTPS connection (1): api.bigcommerce.com:443
https://api.bigcommerce.com:443 "PUT /stores//v3/catalog/products/18024 HTTP/1.1" 200 None
SUCCESS update product 18024 with inventory level 0 and tracking none.
Starting new HTTPS connection (1): api.bigcommerce.com:443
https://api.bigcommerce.com:443 "PUT /stores//v3/catalog/products/18025 HTTP/1.1" 200 None
SUCCESS update product 18025 with inventory level 0 and tracking none.
Starting new HTTPS connection (1): api.bigcommerce.com:443
https://api.bigcommerce.com:443 "PUT /stores//v3/catalog/products/18026 HTTP/1.1" 200 None
SUCCESS update product 18026 with inventory level 0 and tracking none.
Starting new HTTPS connection (1): api.bigcommerce.com:443
https://api.bigcommerce.com:443 "PUT /stores//v3/catalog/products/18027 HTTP/1.1" 200 None
SUCCESS update product 18027 with inventory level -2 and tracking none.
Starting new HTTPS connection (1): api.bigcommerce.com:443
https://api.bigcommerce.com:443 "PUT /stores//v3/catalog/products/18030 HTTP/1.1" 200 None
SUCCESS update product 18030 with inventory level 2 and tracking product.
Starting new HTTPS connection (1): api.bigcommerce.com:443
https://api.bigcommerce.com:443 "PUT /stores//v3/catalog/products/18031 HTTP/1.1" 200 None
SUCCESS update product 18031 with inventory level 0 and tracking none.
Starting new HTTPS connection (1): api.bigcommerce.com:443
https://api.bigcommerce.com:443 "PUT /stores//v3/catalog/products/18032 HTTP/1.1" 200 None
SUCCESS update product 18032 with inventory level -3 and tracking none.
Starting new HTTPS connection (1): api.bigcommerce.com:443
https://api.bigcommerce.com:443 "PUT /stores//v3/catalog/products/18033 HTTP/1.1" 200 None
SUCCESS update product 18033 with inventory level 1 and tracking product.
Starting new HTTPS connection (1): api.bigcommerce.com:443
https://api.bigcommerce.com:443 "PUT /stores//v3/catalog/products/18035 HTTP/1.1" 200 None
SUCCESS update product 18035 with inventory level 0 and tracking none.
Starting new HTTPS connection (1): api.bigcommerce.com:443
https://api.bigcommerce.com:443 "PUT /stores//v3/catalog/products/18036 HTTP/1.1" 200 None
SUCCESS update product 18036 with inventory level 0 and tracking none.
Starting new HTTPS connection (1): api.bigcommerce.com:443
https://api.bigcommerce.com:443 "PUT /stores//v3/catalog/products/18037 HTTP/1.1" 200 None
SUCCESS update product 18037 with inventory level -3 and tracking none.
Starting new HTTPS connection (1): api.bigcommerce.com:443
https://api.bigcommerce.com:443 "PUT /stores//v3/catalog/products/18038 HTTP/1.1" 200 None
SUCCESS update product 18038 with inventory level 8 and tracking product.
Starting new HTTPS connection (1): api.bigcommerce.com:443
https://api.bigcommerce.com:443 "PUT /stores//v3/catalog/products/18040 HTTP/1.1" 200 None
SUCCESS update product 18040 with inventory level 0 and tracking none.
Starting new HTTPS connection (1): api.bigcommerce.com:443
https://api.bigcommerce.com:443 "PUT /stores//v3/catalog/products/18042 HTTP/1.1" 200 None
SUCCESS update product 18042 with inventory level 0 and tracking none.
Starting new HTTPS connection (1): api.bigcommerce.com:443
https://api.bigcommerce.com:443 "PUT /stores//v3/catalog/products/18043 HTTP/1.1" 200 None
SUCCESS update product 18043 with inventory level 0 and tracking none.
Starting new HTTPS connection (1): api.bigcommerce.com:443
https://api.bigcommerce.com:443 "PUT /stores//v3/catalog/products/18046 HTTP/1.1" 200 None
SUCCESS update product 18046 with inventory level 0 and tracking none.
Starting new HTTPS connection (1): api.bigcommerce.com:443
https://api.bigcommerce.com:443 "PUT /stores//v3/catalog/products/18048 HTTP/1.1" 200 None
SUCCESS update product 18048 with inventory level 7 and tracking product.
Starting new HTTPS connection (1): api.bigcommerce.com:443
https://api.bigcommerce.com:443 "PUT /stores//v3/catalog/products/18049 HTTP/1.1" 200 None
SUCCESS update product 18049 with inventory level 13 and tracking product.
Starting new HTTPS connection (1): api.bigcommerce.com:443
https://api.bigcommerce.com:443 "PUT /stores//v3/catalog/products/18051 HTTP/1.1" 200 None
SUCCESS update product 18051 with inventory level 0 and tracking none.
Starting new HTTPS connection (1): api.bigcommerce.com:443
https://api.bigcommerce.com:443 "PUT /stores//v3/catalog/products/18053 HTTP/1.1" 200 None
SUCCESS update product 18053 with inventory level 0 and tracking none.
Starting new HTTPS connection (1): api.bigcommerce.com:443
https://api.bigcommerce.com:443 "PUT /stores//v3/catalog/products/18054 HTTP/1.1" 200 None
SUCCESS update product 18054 with inventory level 0 and tracking none.
Starting new HTTPS connection (1): api.bigcommerce.com:443
https://api.bigcommerce.com:443 "PUT /stores//v3/catalog/products/18055 HTTP/1.1" 200 None
SUCCESS update product 18055 with inventory level 0 and tracking none.
Starting new HTTPS connection (1): api.bigcommerce.com:443
https://api.bigcommerce.com:443 "PUT /stores//v3/catalog/products/18056 HTTP/1.1" 200 None
SUCCESS update product 18056 with inventory level -1 and tracking none.
Starting new HTTPS connection (1): api.bigcommerce.com:443
https://api.bigcommerce.com:443 "PUT /stores//v3/catalog/products/18057 HTTP/1.1" 200 None
SUCCESS update product 18057 with inventory level 0 and tracking none.
Starting new HTTPS connection (1): api.bigcommerce.com:443
https://api.bigcommerce.com:443 "PUT /stores//v3/catalog/products/18058 HTTP/1.1" 200 None
SUCCESS update product 18058 with inventory level 0 and tracking none.
Starting new HTTPS connection (1): api.bigcommerce.com:443
https://api.bigcommerce.com:443 "PUT /stores//v3/catalog/products/18059 HTTP/1.1" 200 None
SUCCESS update product 18059 with inventory level -1 and tracking none.
Starting new HTTPS connection (1): api.bigcommerce.com:443
https://api.bigcommerce.com:443 "PUT /stores//v3/catalog/products/18060 HTTP/1.1" 200 None
SUCCESS update product 18060 with inventory level 16 and tracking product.
Starting new HTTPS connection (1): api.bigcommerce.com:443
https://api.bigcommerce.com:443 "PUT /stores//v3/catalog/products/18061 HTTP/1.1" 200 None
SUCCESS update product 18061 with inventory level 7 and tracking product.
Starting new HTTPS connection (1): api.bigcommerce.com:443
https://api.bigcommerce.com:443 "PUT /stores//v3/catalog/products/18067 HTTP/1.1" 200 None
SUCCESS update product 18067 with inventory level 0 and tracking none.
Starting new HTTPS connection (1): api.bigcommerce.com:443
https://api.bigcommerce.com:443 "PUT /stores//v3/catalog/products/18069 HTTP/1.1" 200 None
SUCCESS update product 18069 with inventory level 0 and tracking none.
Starting new HTTPS connection (1): api.bigcommerce.com:443
https://api.bigcommerce.com:443 "PUT /stores//v3/catalog/products/18070 HTTP/1.1" 200 None
SUCCESS update product 18070 with inventory level 2 and tracking product.
Starting new HTTPS connection (1): api.bigcommerce.com:443
https://api.bigcommerce.com:443 "PUT /stores//v3/catalog/products/18071 HTTP/1.1" 200 None
SUCCESS update product 18071 with inventory level 1 and tracking product.
Starting new HTTPS connection (1): api.bigcommerce.com:443
https://api.bigcommerce.com:443 "PUT /stores//v3/catalog/products/18072 HTTP/1.1" 200 None
SUCCESS update product 18072 with inventory level 2 and tracking product.
Starting new HTTPS connection (1): api.bigcommerce.com:443
https://api.bigcommerce.com:443 "PUT /stores//v3/catalog/products/18073 HTTP/1.1" 200 None
SUCCESS update product 18073 with inventory level 0 and tracking none.
Starting new HTTPS connection (1): api.bigcommerce.com:443
https://api.bigcommerce.com:443 "PUT /stores//v3/catalog/products/18074 HTTP/1.1" 200 None
SUCCESS update product 18074 with inventory level 0 and tracking none.
Starting new HTTPS connection (1): api.bigcommerce.com:443
https://api.bigcommerce.com:443 "PUT /stores//v3/catalog/products/18075 HTTP/1.1" 200 None
SUCCESS update product 18075 with inventory level 0 and tracking none.
Starting new HTTPS connection (1): api.bigcommerce.com:443
https://api.bigcommerce.com:443 "PUT /stores//v3/catalog/products/18076 HTTP/1.1" 200 None
SUCCESS update product 18076 with inventory level 4 and tracking product.
Starting new HTTPS connection (1): api.bigcommerce.com:443
https://api.bigcommerce.com:443 "PUT /stores//v3/catalog/products/18077 HTTP/1.1" 200 None
SUCCESS update product 18077 with inventory level 0 and tracking none.
Starting new HTTPS connection (1): api.bigcommerce.com:443
https://api.bigcommerce.com:443 "PUT /stores//v3/catalog/products/18078 HTTP/1.1" 200 None
SUCCESS update product 18078 with inventory level 0 and tracking none.
Starting new HTTPS connection (1): api.bigcommerce.com:443
https://api.bigcommerce.com:443 "PUT /stores//v3/catalog/products/18127 HTTP/1.1" 200 None
SUCCESS update product 18127 with inventory level 2 and tracking product.
Starting new HTTPS connection (1): api.bigcommerce.com:443
https://api.bigcommerce.com:443 "PUT /stores//v3/catalog/products/18135 HTTP/1.1" 200 None
SUCCESS update product 18135 with inventory level 6 and tracking product.
Starting new HTTPS connection (1): api.bigcommerce.com:443
https://api.bigcommerce.com:443 "PUT /stores//v3/catalog/products/18148 HTTP/1.1" 200 None
SUCCESS update product 18148 with inventory level 0 and tracking none.
Starting new HTTPS connection (1): api.bigcommerce.com:443
https://api.bigcommerce.com:443 "PUT /stores//v3/catalog/products/18149 HTTP/1.1" 200 None
SUCCESS update product 18149 with inventory level 0 and tracking none.
Starting new HTTPS connection (1): api.bigcommerce.com:443
https://api.bigcommerce.com:443 "PUT /stores//v3/catalog/products/18150 HTTP/1.1" 200 None
SUCCESS update product 18150 with inventory level 15 and tracking product.
	No matching rows found in local DB.
	No matching rows found in local DB.
	No matching rows found in local DB.
	No matching rows found in local DB.
	No matching rows found in local DB.
	No matching rows found in local DB.
Starting new HTTPS connection (1): api.bigcommerce.com:443
https://api.bigcommerce.com:443 "PUT /stores//v3/catalog/products/18161 HTTP/1.1" 200 None
SUCCESS update product 18161 with inventory level 7 and tracking product.
Starting new HTTPS connection (1): api.bigcommerce.com:443
https://api.bigcommerce.com:443 "PUT /stores//v3/catalog/products/18162 HTTP/1.1" 200 None
SUCCESS update product 18162 with inventory level 2 and tracking product.
	No matching rows found in local DB.
Starting new HTTPS connection (1): api.bigcommerce.com:443
https://api.bigcommerce.com:443 "PUT /stores//v3/catalog/products/18167 HTTP/1.1" 200 None
SUCCESS update product 18167 with inventory level 1 and tracking product.
Starting new HTTPS connection (1): api.bigcommerce.com:443
https://api.bigcommerce.com:443 "PUT /stores//v3/catalog/products/18168 HTTP/1.1" 200 None
SUCCESS update product 18168 with inventory level 0 and tracking none.
Starting new HTTPS connection (1): api.bigcommerce.com:443
https://api.bigcommerce.com:443 "PUT /stores//v3/catalog/products/18171 HTTP/1.1" 200 None
SUCCESS update product 18171 with inventory level 0 and tracking none.
Starting new HTTPS connection (1): api.bigcommerce.com:443
https://api.bigcommerce.com:443 "PUT /stores//v3/catalog/products/18172 HTTP/1.1" 200 None
SUCCESS update product 18172 with inventory level 0 and tracking none.
Starting new HTTPS connection (1): api.bigcommerce.com:443
https://api.bigcommerce.com:443 "PUT /stores//v3/catalog/products/18173 HTTP/1.1" 200 None
SUCCESS update product 18173 with inventory level 0 and tracking none.
Starting new HTTPS connection (1): api.bigcommerce.com:443
https://api.bigcommerce.com:443 "PUT /stores//v3/catalog/products/18175 HTTP/1.1" 200 None
SUCCESS update product 18175 with inventory level -1 and tracking none.
Starting new HTTPS connection (1): api.bigcommerce.com:443
https://api.bigcommerce.com:443 "PUT /stores//v3/catalog/products/18176 HTTP/1.1" 200 None
SUCCESS update product 18176 with inventory level 0 and tracking none.
Starting new HTTPS connection (1): api.bigcommerce.com:443
https://api.bigcommerce.com:443 "PUT /stores//v3/catalog/products/18177 HTTP/1.1" 200 None
SUCCESS update product 18177 with inventory level 0 and tracking none.
Starting new HTTPS connection (1): api.bigcommerce.com:443
https://api.bigcommerce.com:443 "PUT /stores//v3/catalog/products/18178 HTTP/1.1" 200 None
SUCCESS update product 18178 with inventory level 0 and tracking none.
Starting new HTTPS connection (1): api.bigcommerce.com:443
https://api.bigcommerce.com:443 "PUT /stores//v3/catalog/products/18180 HTTP/1.1" 200 None
SUCCESS update product 18180 with inventory level 0 and tracking none.
Starting new HTTPS connection (1): api.bigcommerce.com:443
https://api.bigcommerce.com:443 "PUT /stores//v3/catalog/products/18181 HTTP/1.1" 200 None
SUCCESS update product 18181 with inventory level 3 and tracking product.
Starting new HTTPS connection (1): api.bigcommerce.com:443
https://api.bigcommerce.com:443 "PUT /stores//v3/catalog/products/18182 HTTP/1.1" 200 None
SUCCESS update product 18182 with inventory level 1 and tracking product.
Starting new HTTPS connection (1): api.bigcommerce.com:443
https://api.bigcommerce.com:443 "PUT /stores//v3/catalog/products/18183 HTTP/1.1" 200 None
SUCCESS update product 18183 with inventory level 0 and tracking none.
Starting new HTTPS connection (1): api.bigcommerce.com:443
https://api.bigcommerce.com:443 "PUT /stores//v3/catalog/products/18184 HTTP/1.1" 200 None
SUCCESS update product 18184 with inventory level 0 and tracking none.
Starting new HTTPS connection (1): api.bigcommerce.com:443
https://api.bigcommerce.com:443 "PUT /stores//v3/catalog/products/18190 HTTP/1.1" 200 None
SUCCESS update product 18190 with inventory level 0 and tracking none.
Starting new HTTPS connection (1): api.bigcommerce.com:443
https://api.bigcommerce.com:443 "PUT /stores//v3/catalog/products/18206 HTTP/1.1" 200 None
SUCCESS update product 18206 with inventory level 2 and tracking product.
Starting new HTTPS connection (1): api.bigcommerce.com:443
https://api.bigcommerce.com:443 "PUT /stores//v3/catalog/products/18212 HTTP/1.1" 200 None
SUCCESS update product 18212 with inventory level 98 and tracking product.
Starting new HTTPS connection (1): api.bigcommerce.com:443
https://api.bigcommerce.com:443 "PUT /stores//v3/catalog/products/18213 HTTP/1.1" 200 None
SUCCESS update product 18213 with inventory level 0 and tracking none.
Starting new HTTPS connection (1): api.bigcommerce.com:443
https://api.bigcommerce.com:443 "PUT /stores//v3/catalog/products/18232 HTTP/1.1" 200 None
SUCCESS update product 18232 with inventory level 3 and tracking product.
Starting new HTTPS connection (1): api.bigcommerce.com:443
https://api.bigcommerce.com:443 "PUT /stores//v3/catalog/products/18233 HTTP/1.1" 200 None
SUCCESS update product 18233 with inventory level 976 and tracking product.
Starting new HTTPS connection (1): api.bigcommerce.com:443
https://api.bigcommerce.com:443 "PUT /stores//v3/catalog/products/18235 HTTP/1.1" 200 None
SUCCESS update product 18235 with inventory level 0 and tracking none.
Starting new HTTPS connection (1): api.bigcommerce.com:443
https://api.bigcommerce.com:443 "PUT /stores//v3/catalog/products/18236 HTTP/1.1" 200 None
SUCCESS update product 18236 with inventory level 0 and tracking none.
	No matching rows found in local DB.
Starting new HTTPS connection (1): api.bigcommerce.com:443
https://api.bigcommerce.com:443 "PUT /stores//v3/catalog/products/18240 HTTP/1.1" 200 None
SUCCESS update product 18240 with inventory level 0 and tracking none.
Starting new HTTPS connection (1): api.bigcommerce.com:443
https://api.bigcommerce.com:443 "PUT /stores//v3/catalog/products/18245 HTTP/1.1" 200 None
SUCCESS update product 18245 with inventory level 40 and tracking product.
Starting new HTTPS connection (1): api.bigcommerce.com:443
https://api.bigcommerce.com:443 "PUT /stores//v3/catalog/products/18252 HTTP/1.1" 200 None
SUCCESS update product 18252 with inventory level 7 and tracking product.
Starting new HTTPS connection (1): api.bigcommerce.com:443
https://api.bigcommerce.com:443 "PUT /stores//v3/catalog/products/18253 HTTP/1.1" 200 None
SUCCESS update product 18253 with inventory level 7 and tracking product.
Starting new HTTPS connection (1): api.bigcommerce.com:443
https://api.bigcommerce.com:443 "PUT /stores//v3/catalog/products/18254 HTTP/1.1" 200 None
SUCCESS update product 18254 with inventory level 0 and tracking none.
Starting new HTTPS connection (1): api.bigcommerce.com:443
https://api.bigcommerce.com:443 "PUT /stores//v3/catalog/products/18255 HTTP/1.1" 200 None
SUCCESS update product 18255 with inventory level 0 and tracking none.
Starting new HTTPS connection (1): api.bigcommerce.com:443
https://api.bigcommerce.com:443 "PUT /stores//v3/catalog/products/18263 HTTP/1.1" 200 None
SUCCESS update product 18263 with inventory level 0 and tracking none.
	No matching rows found in local DB.
Starting new HTTPS connection (1): api.bigcommerce.com:443
https://api.bigcommerce.com:443 "PUT /stores//v3/catalog/products/18265 HTTP/1.1" 200 None
SUCCESS update product 18265 with inventory level 232 and tracking product.
	No matching rows found in local DB.
	No matching rows found in local DB.
Starting new HTTPS connection (1): api.bigcommerce.com:443
https://api.bigcommerce.com:443 "PUT /stores//v3/catalog/products/18285 HTTP/1.1" 200 None
SUCCESS update product 18285 with inventory level 45 and tracking product.
Starting new HTTPS connection (1): api.bigcommerce.com:443
https://api.bigcommerce.com:443 "PUT /stores//v3/catalog/products/18301 HTTP/1.1" 200 None
SUCCESS update product 18301 with inventory level 0 and tracking none.
	No matching rows found in local DB.
Starting new HTTPS connection (1): api.bigcommerce.com:443
https://api.bigcommerce.com:443 "PUT /stores//v3/catalog/products/18303 HTTP/1.1" 200 None
SUCCESS update product 18303 with inventory level 5 and tracking product.
	No matching rows found in local DB.
	No matching rows found in local DB.
Starting new HTTPS connection (1): api.bigcommerce.com:443
https://api.bigcommerce.com:443 "PUT /stores//v3/catalog/products/18317 HTTP/1.1" 200 None
SUCCESS update product 18317 with inventory level 1 and tracking product.
Starting new HTTPS connection (1): api.bigcommerce.com:443
https://api.bigcommerce.com:443 "PUT /stores//v3/catalog/products/18322 HTTP/1.1" 200 None
SUCCESS update product 18322 with inventory level 0 and tracking none.
Starting new HTTPS connection (1): api.bigcommerce.com:443
https://api.bigcommerce.com:443 "PUT /stores//v3/catalog/products/18327 HTTP/1.1" 200 None
SUCCESS update product 18327 with inventory level 0 and tracking none.
Starting new HTTPS connection (1): api.bigcommerce.com:443
https://api.bigcommerce.com:443 "PUT /stores//v3/catalog/products/18328 HTTP/1.1" 200 None
SUCCESS update product 18328 with inventory level 3 and tracking product.
Starting new HTTPS connection (1): api.bigcommerce.com:443
https://api.bigcommerce.com:443 "PUT /stores//v3/catalog/products/18329 HTTP/1.1" 200 None
SUCCESS update product 18329 with inventory level 3 and tracking product.
Starting new HTTPS connection (1): api.bigcommerce.com:443
https://api.bigcommerce.com:443 "PUT /stores//v3/catalog/products/18331 HTTP/1.1" 200 None
SUCCESS update product 18331 with inventory level 0 and tracking none.
Starting new HTTPS connection (1): api.bigcommerce.com:443
https://api.bigcommerce.com:443 "PUT /stores//v3/catalog/products/18332 HTTP/1.1" 200 None
SUCCESS update product 18332 with inventory level 26 and tracking product.
Starting new HTTPS connection (1): api.bigcommerce.com:443
https://api.bigcommerce.com:443 "PUT /stores//v3/catalog/products/18334 HTTP/1.1" 200 None
SUCCESS update product 18334 with inventory level 0 and tracking none.
	No matching rows found in local DB.
	No matching rows found in local DB.
	No matching rows found in local DB.
	No matching rows found in local DB.
Starting new HTTPS connection (1): api.bigcommerce.com:443
https://api.bigcommerce.com:443 "PUT /stores//v3/catalog/products/18430 HTTP/1.1" 200 None
SUCCESS update product 18430 with inventory level 0 and tracking none.
Starting new HTTPS connection (1): api.bigcommerce.com:443
https://api.bigcommerce.com:443 "PUT /stores//v3/catalog/products/18451 HTTP/1.1" 200 None
SUCCESS update product 18451 with inventory level 0 and tracking none.
Starting new HTTPS connection (1): api.bigcommerce.com:443
https://api.bigcommerce.com:443 "PUT /stores//v3/catalog/products/18452 HTTP/1.1" 200 None
SUCCESS update product 18452 with inventory level 0 and tracking none.
Starting new HTTPS connection (1): api.bigcommerce.com:443
https://api.bigcommerce.com:443 "PUT /stores//v3/catalog/products/18468 HTTP/1.1" 200 None
SUCCESS update product 18468 with inventory level 1 and tracking product.
Starting new HTTPS connection (1): api.bigcommerce.com:443
https://api.bigcommerce.com:443 "PUT /stores//v3/catalog/products/18469 HTTP/1.1" 200 None
SUCCESS update product 18469 with inventory level 0 and tracking none.
Starting new HTTPS connection (1): api.bigcommerce.com:443
https://api.bigcommerce.com:443 "PUT /stores//v3/catalog/products/18470 HTTP/1.1" 200 None
SUCCESS update product 18470 with inventory level 0 and tracking none.
Starting new HTTPS connection (1): api.bigcommerce.com:443
https://api.bigcommerce.com:443 "PUT /stores//v3/catalog/products/18471 HTTP/1.1" 200 None
SUCCESS update product 18471 with inventory level 1 and tracking product.
Starting new HTTPS connection (1): api.bigcommerce.com:443
https://api.bigcommerce.com:443 "PUT /stores//v3/catalog/products/18472 HTTP/1.1" 200 None
SUCCESS update product 18472 with inventory level 2 and tracking product.
Starting new HTTPS connection (1): api.bigcommerce.com:443
https://api.bigcommerce.com:443 "PUT /stores//v3/catalog/products/18473 HTTP/1.1" 200 None
SUCCESS update product 18473 with inventory level 2 and tracking product.
Starting new HTTPS connection (1): api.bigcommerce.com:443
https://api.bigcommerce.com:443 "PUT /stores//v3/catalog/products/18475 HTTP/1.1" 200 None
SUCCESS update product 18475 with inventory level 4 and tracking product.
	No matching rows found in local DB.
Starting new HTTPS connection (1): api.bigcommerce.com:443
https://api.bigcommerce.com:443 "PUT /stores//v3/catalog/products/18479 HTTP/1.1" 200 None
SUCCESS update product 18479 with inventory level 0 and tracking none.
Starting new HTTPS connection (1): api.bigcommerce.com:443
https://api.bigcommerce.com:443 "PUT /stores//v3/catalog/products/18480 HTTP/1.1" 200 None
SUCCESS update product 18480 with inventory level 0 and tracking none.
Starting new HTTPS connection (1): api.bigcommerce.com:443
https://api.bigcommerce.com:443 "PUT /stores//v3/catalog/products/18489 HTTP/1.1" 200 None
SUCCESS update product 18489 with inventory level 0 and tracking none.
Starting new HTTPS connection (1): api.bigcommerce.com:443
https://api.bigcommerce.com:443 "PUT /stores//v3/catalog/products/18490 HTTP/1.1" 200 None
SUCCESS update product 18490 with inventory level 1 and tracking product.
Starting new HTTPS connection (1): api.bigcommerce.com:443
https://api.bigcommerce.com:443 "PUT /stores//v3/catalog/products/18492 HTTP/1.1" 200 None
SUCCESS update product 18492 with inventory level 0 and tracking none.
Starting new HTTPS connection (1): api.bigcommerce.com:443
https://api.bigcommerce.com:443 "PUT /stores//v3/catalog/products/18493 HTTP/1.1" 200 None
SUCCESS update product 18493 with inventory level 1 and tracking product.
Starting new HTTPS connection (1): api.bigcommerce.com:443
https://api.bigcommerce.com:443 "PUT /stores//v3/catalog/products/18494 HTTP/1.1" 200 None
SUCCESS update product 18494 with inventory level 8 and tracking product.
Starting new HTTPS connection (1): api.bigcommerce.com:443
https://api.bigcommerce.com:443 "PUT /stores//v3/catalog/products/18496 HTTP/1.1" 200 None
SUCCESS update product 18496 with inventory level 1 and tracking product.
Starting new HTTPS connection (1): api.bigcommerce.com:443
https://api.bigcommerce.com:443 "PUT /stores//v3/catalog/products/18499 HTTP/1.1" 200 None
SUCCESS update product 18499 with inventory level 2 and tracking product.
Starting new HTTPS connection (1): api.bigcommerce.com:443
https://api.bigcommerce.com:443 "PUT /stores//v3/catalog/products/18501 HTTP/1.1" 200 None
SUCCESS update product 18501 with inventory level 0 and tracking none.
Starting new HTTPS connection (1): api.bigcommerce.com:443
https://api.bigcommerce.com:443 "PUT /stores//v3/catalog/products/18502 HTTP/1.1" 200 None
SUCCESS update product 18502 with inventory level 0 and tracking none.
Starting new HTTPS connection (1): api.bigcommerce.com:443
https://api.bigcommerce.com:443 "PUT /stores//v3/catalog/products/18504 HTTP/1.1" 200 None
SUCCESS update product 18504 with inventory level 0 and tracking none.
Starting new HTTPS connection (1): api.bigcommerce.com:443
https://api.bigcommerce.com:443 "PUT /stores//v3/catalog/products/18505 HTTP/1.1" 200 None
SUCCESS update product 18505 with inventory level 0 and tracking none.
Starting new HTTPS connection (1): api.bigcommerce.com:443
https://api.bigcommerce.com:443 "PUT /stores//v3/catalog/products/18509 HTTP/1.1" 200 None
SUCCESS update product 18509 with inventory level 0 and tracking none.
Starting new HTTPS connection (1): api.bigcommerce.com:443
https://api.bigcommerce.com:443 "PUT /stores//v3/catalog/products/18510 HTTP/1.1" 200 None
SUCCESS update product 18510 with inventory level 0 and tracking none.
Starting new HTTPS connection (1): api.bigcommerce.com:443
https://api.bigcommerce.com:443 "PUT /stores//v3/catalog/products/18511 HTTP/1.1" 200 None
SUCCESS update product 18511 with inventory level 0 and tracking none.
Starting new HTTPS connection (1): api.bigcommerce.com:443
https://api.bigcommerce.com:443 "PUT /stores//v3/catalog/products/18512 HTTP/1.1" 200 None
SUCCESS update product 18512 with inventory level 3 and tracking product.
Starting new HTTPS connection (1): api.bigcommerce.com:443
https://api.bigcommerce.com:443 "PUT /stores//v3/catalog/products/18513 HTTP/1.1" 200 None
SUCCESS update product 18513 with inventory level 3 and tracking product.
Starting new HTTPS connection (1): api.bigcommerce.com:443
https://api.bigcommerce.com:443 "PUT /stores//v3/catalog/products/18514 HTTP/1.1" 200 None
SUCCESS update product 18514 with inventory level 1 and tracking product.
Starting new HTTPS connection (1): api.bigcommerce.com:443
https://api.bigcommerce.com:443 "PUT /stores//v3/catalog/products/18515 HTTP/1.1" 200 None
SUCCESS update product 18515 with inventory level 3 and tracking product.
Starting new HTTPS connection (1): api.bigcommerce.com:443
https://api.bigcommerce.com:443 "PUT /stores//v3/catalog/products/18516 HTTP/1.1" 200 None
SUCCESS update product 18516 with inventory level 3 and tracking product.
Starting new HTTPS connection (1): api.bigcommerce.com:443
https://api.bigcommerce.com:443 "PUT /stores//v3/catalog/products/18517 HTTP/1.1" 200 None
SUCCESS update product 18517 with inventory level 1 and tracking product.
Starting new HTTPS connection (1): api.bigcommerce.com:443
https://api.bigcommerce.com:443 "PUT /stores//v3/catalog/products/18518 HTTP/1.1" 200 None
SUCCESS update product 18518 with inventory level 4 and tracking product.
Starting new HTTPS connection (1): api.bigcommerce.com:443
https://api.bigcommerce.com:443 "PUT /stores//v3/catalog/products/18520 HTTP/1.1" 200 None
SUCCESS update product 18520 with inventory level 3 and tracking product.
Starting new HTTPS connection (1): api.bigcommerce.com:443
https://api.bigcommerce.com:443 "PUT /stores//v3/catalog/products/18521 HTTP/1.1" 200 None
SUCCESS update product 18521 with inventory level -1 and tracking none.
Starting new HTTPS connection (1): api.bigcommerce.com:443
https://api.bigcommerce.com:443 "PUT /stores//v3/catalog/products/18526 HTTP/1.1" 200 None
SUCCESS update product 18526 with inventory level 0 and tracking none.
Starting new HTTPS connection (1): api.bigcommerce.com:443
https://api.bigcommerce.com:443 "PUT /stores//v3/catalog/products/18528 HTTP/1.1" 200 None
SUCCESS update product 18528 with inventory level 0 and tracking none.
Starting new HTTPS connection (1): api.bigcommerce.com:443
https://api.bigcommerce.com:443 "PUT /stores//v3/catalog/products/18529 HTTP/1.1" 200 None
SUCCESS update product 18529 with inventory level 0 and tracking none.
Starting new HTTPS connection (1): api.bigcommerce.com:443
https://api.bigcommerce.com:443 "PUT /stores//v3/catalog/products/18531 HTTP/1.1" 200 None
SUCCESS update product 18531 with inventory level 0 and tracking none.
Starting new HTTPS connection (1): api.bigcommerce.com:443
https://api.bigcommerce.com:443 "PUT /stores//v3/catalog/products/18532 HTTP/1.1" 200 None
SUCCESS update product 18532 with inventory level 0 and tracking none.
Starting new HTTPS connection (1): api.bigcommerce.com:443
https://api.bigcommerce.com:443 "PUT /stores//v3/catalog/products/18533 HTTP/1.1" 200 None
SUCCESS update product 18533 with inventory level 0 and tracking none.
Starting new HTTPS connection (1): api.bigcommerce.com:443
https://api.bigcommerce.com:443 "PUT /stores//v3/catalog/products/18537 HTTP/1.1" 200 None
SUCCESS update product 18537 with inventory level 1 and tracking product.
Starting new HTTPS connection (1): api.bigcommerce.com:443
https://api.bigcommerce.com:443 "PUT /stores//v3/catalog/products/18539 HTTP/1.1" 200 None
SUCCESS update product 18539 with inventory level 0 and tracking none.
Starting new HTTPS connection (1): api.bigcommerce.com:443
https://api.bigcommerce.com:443 "PUT /stores//v3/catalog/products/18540 HTTP/1.1" 200 None
SUCCESS update product 18540 with inventory level 0 and tracking none.
Starting new HTTPS connection (1): api.bigcommerce.com:443
https://api.bigcommerce.com:443 "PUT /stores//v3/catalog/products/18541 HTTP/1.1" 200 None
SUCCESS update product 18541 with inventory level -1 and tracking none.
Starting new HTTPS connection (1): api.bigcommerce.com:443
https://api.bigcommerce.com:443 "PUT /stores//v3/catalog/products/18542 HTTP/1.1" 200 None
SUCCESS update product 18542 with inventory level 0 and tracking none.
Starting new HTTPS connection (1): api.bigcommerce.com:443
https://api.bigcommerce.com:443 "PUT /stores//v3/catalog/products/18543 HTTP/1.1" 200 None
SUCCESS update product 18543 with inventory level 0 and tracking none.
Starting new HTTPS connection (1): api.bigcommerce.com:443
https://api.bigcommerce.com:443 "PUT /stores//v3/catalog/products/18544 HTTP/1.1" 200 None
SUCCESS update product 18544 with inventory level 0 and tracking none.
Starting new HTTPS connection (1): api.bigcommerce.com:443
https://api.bigcommerce.com:443 "PUT /stores//v3/catalog/products/18545 HTTP/1.1" 200 None
SUCCESS update product 18545 with inventory level 0 and tracking none.
	No matching rows found in local DB.
Starting new HTTPS connection (1): api.bigcommerce.com:443
https://api.bigcommerce.com:443 "PUT /stores//v3/catalog/products/18567 HTTP/1.1" 200 None
SUCCESS update product 18567 with inventory level 1 and tracking product.
Starting new HTTPS connection (1): api.bigcommerce.com:443
https://api.bigcommerce.com:443 "PUT /stores//v3/catalog/products/18568 HTTP/1.1" 200 None
SUCCESS update product 18568 with inventory level 0 and tracking none.
Starting new HTTPS connection (1): api.bigcommerce.com:443
https://api.bigcommerce.com:443 "PUT /stores//v3/catalog/products/18569 HTTP/1.1" 200 None
SUCCESS update product 18569 with inventory level 0 and tracking none.
Starting new HTTPS connection (1): api.bigcommerce.com:443
https://api.bigcommerce.com:443 "PUT /stores//v3/catalog/products/18570 HTTP/1.1" 200 None
SUCCESS update product 18570 with inventory level 0 and tracking none.
Starting new HTTPS connection (1): api.bigcommerce.com:443
https://api.bigcommerce.com:443 "PUT /stores//v3/catalog/products/18571 HTTP/1.1" 200 None
SUCCESS update product 18571 with inventory level 0 and tracking none.
Starting new HTTPS connection (1): api.bigcommerce.com:443
https://api.bigcommerce.com:443 "PUT /stores//v3/catalog/products/18572 HTTP/1.1" 200 None
SUCCESS update product 18572 with inventory level 28 and tracking product.
	No matching rows found in local DB.
	No matching rows found in local DB.
Starting new HTTPS connection (1): api.bigcommerce.com:443
https://api.bigcommerce.com:443 "PUT /stores//v3/catalog/products/18583 HTTP/1.1" 200 None
SUCCESS update product 18583 with inventory level 0 and tracking none.
Starting new HTTPS connection (1): api.bigcommerce.com:443
https://api.bigcommerce.com:443 "PUT /stores//v3/catalog/products/18586 HTTP/1.1" 200 None
SUCCESS update product 18586 with inventory level 0 and tracking none.
Starting new HTTPS connection (1): api.bigcommerce.com:443
https://api.bigcommerce.com:443 "PUT /stores//v3/catalog/products/18587 HTTP/1.1" 200 None
SUCCESS update product 18587 with inventory level 0 and tracking none.
Starting new HTTPS connection (1): api.bigcommerce.com:443
https://api.bigcommerce.com:443 "PUT /stores//v3/catalog/products/18588 HTTP/1.1" 200 None
SUCCESS update product 18588 with inventory level 0 and tracking none.
Starting new HTTPS connection (1): api.bigcommerce.com:443
https://api.bigcommerce.com:443 "PUT /stores//v3/catalog/products/18595 HTTP/1.1" 200 None
SUCCESS update product 18595 with inventory level 0 and tracking none.
Starting new HTTPS connection (1): api.bigcommerce.com:443
https://api.bigcommerce.com:443 "PUT /stores//v3/catalog/products/18596 HTTP/1.1" 200 None
SUCCESS update product 18596 with inventory level 0 and tracking none.
Starting new HTTPS connection (1): api.bigcommerce.com:443
https://api.bigcommerce.com:443 "PUT /stores//v3/catalog/products/18597 HTTP/1.1" 200 None
SUCCESS update product 18597 with inventory level 0 and tracking none.
Starting new HTTPS connection (1): api.bigcommerce.com:443
https://api.bigcommerce.com:443 "PUT /stores//v3/catalog/products/18598 HTTP/1.1" 200 None
SUCCESS update product 18598 with inventory level 0 and tracking none.
Starting new HTTPS connection (1): api.bigcommerce.com:443
https://api.bigcommerce.com:443 "PUT /stores//v3/catalog/products/18628 HTTP/1.1" 200 None
SUCCESS update product 18628 with inventory level 0 and tracking none.
	No matching rows found in local DB.
	No matching rows found in local DB.
	No matching rows found in local DB.
	No matching rows found in local DB.
	No matching rows found in local DB.
Starting new HTTPS connection (1): api.bigcommerce.com:443
https://api.bigcommerce.com:443 "PUT /stores//v3/catalog/products/18654 HTTP/1.1" 200 None
SUCCESS update product 18654 with inventory level 16 and tracking product.
Starting new HTTPS connection (1): api.bigcommerce.com:443
https://api.bigcommerce.com:443 "PUT /stores//v3/catalog/products/18656 HTTP/1.1" 200 None
SUCCESS update product 18656 with inventory level 27 and tracking product.
Starting new HTTPS connection (1): api.bigcommerce.com:443
https://api.bigcommerce.com:443 "PUT /stores//v3/catalog/products/18665 HTTP/1.1" 200 None
SUCCESS update product 18665 with inventory level 0 and tracking none.
Starting new HTTPS connection (1): api.bigcommerce.com:443
https://api.bigcommerce.com:443 "PUT /stores//v3/catalog/products/18671 HTTP/1.1" 200 None
SUCCESS update product 18671 with inventory level 0 and tracking none.
Starting new HTTPS connection (1): api.bigcommerce.com:443
https://api.bigcommerce.com:443 "PUT /stores//v3/catalog/products/18675 HTTP/1.1" 200 None
SUCCESS update product 18675 with inventory level 0 and tracking none.
	No matching rows found in local DB.
Starting new HTTPS connection (1): api.bigcommerce.com:443
https://api.bigcommerce.com:443 "PUT /stores//v3/catalog/products/18680 HTTP/1.1" 200 None
SUCCESS update product 18680 with inventory level -2 and tracking none.
Starting new HTTPS connection (1): api.bigcommerce.com:443
https://api.bigcommerce.com:443 "PUT /stores//v3/catalog/products/18681 HTTP/1.1" 200 None
SUCCESS update product 18681 with inventory level 0 and tracking none.
Starting new HTTPS connection (1): api.bigcommerce.com:443
https://api.bigcommerce.com:443 "PUT /stores//v3/catalog/products/18682 HTTP/1.1" 200 None
SUCCESS update product 18682 with inventory level 0 and tracking none.
Starting new HTTPS connection (1): api.bigcommerce.com:443
https://api.bigcommerce.com:443 "PUT /stores//v3/catalog/products/18683 HTTP/1.1" 200 None
SUCCESS update product 18683 with inventory level 0 and tracking none.
Starting new HTTPS connection (1): api.bigcommerce.com:443
https://api.bigcommerce.com:443 "PUT /stores//v3/catalog/products/18684 HTTP/1.1" 200 None
SUCCESS update product 18684 with inventory level 0 and tracking none.
Starting new HTTPS connection (1): api.bigcommerce.com:443
https://api.bigcommerce.com:443 "PUT /stores//v3/catalog/products/18685 HTTP/1.1" 200 None
SUCCESS update product 18685 with inventory level 0 and tracking none.
Starting new HTTPS connection (1): api.bigcommerce.com:443
https://api.bigcommerce.com:443 "PUT /stores//v3/catalog/products/18686 HTTP/1.1" 200 None
SUCCESS update product 18686 with inventory level 3 and tracking product.
	No matching rows found in local DB.
	No matching rows found in local DB.
	No matching rows found in local DB.
Starting new HTTPS connection (1): api.bigcommerce.com:443
https://api.bigcommerce.com:443 "PUT /stores//v3/catalog/products/18761 HTTP/1.1" 200 None
SUCCESS update product 18761 with inventory level 0 and tracking none.
Starting new HTTPS connection (1): api.bigcommerce.com:443
https://api.bigcommerce.com:443 "PUT /stores//v3/catalog/products/18762 HTTP/1.1" 200 None
SUCCESS update product 18762 with inventory level 0 and tracking none.
Starting new HTTPS connection (1): api.bigcommerce.com:443
https://api.bigcommerce.com:443 "PUT /stores//v3/catalog/products/18763 HTTP/1.1" 200 None
SUCCESS update product 18763 with inventory level 0 and tracking none.
Starting new HTTPS connection (1): api.bigcommerce.com:443
https://api.bigcommerce.com:443 "PUT /stores//v3/catalog/products/18764 HTTP/1.1" 200 None
SUCCESS update product 18764 with inventory level 0 and tracking none.
Starting new HTTPS connection (1): api.bigcommerce.com:443
https://api.bigcommerce.com:443 "PUT /stores//v3/catalog/products/18765 HTTP/1.1" 200 None
SUCCESS update product 18765 with inventory level 0 and tracking none.
Starting new HTTPS connection (1): api.bigcommerce.com:443
https://api.bigcommerce.com:443 "PUT /stores//v3/catalog/products/18766 HTTP/1.1" 200 None
SUCCESS update product 18766 with inventory level 0 and tracking none.
Starting new HTTPS connection (1): api.bigcommerce.com:443
https://api.bigcommerce.com:443 "PUT /stores//v3/catalog/products/18767 HTTP/1.1" 200 None
SUCCESS update product 18767 with inventory level 0 and tracking none.
Starting new HTTPS connection (1): api.bigcommerce.com:443
https://api.bigcommerce.com:443 "PUT /stores//v3/catalog/products/18768 HTTP/1.1" 200 None
SUCCESS update product 18768 with inventory level 0 and tracking none.
Starting new HTTPS connection (1): api.bigcommerce.com:443
https://api.bigcommerce.com:443 "PUT /stores//v3/catalog/products/18769 HTTP/1.1" 200 None
SUCCESS update product 18769 with inventory level 0 and tracking none.
	No matching rows found in local DB.
Starting new HTTPS connection (1): api.bigcommerce.com:443
https://api.bigcommerce.com:443 "PUT /stores//v3/catalog/products/18793 HTTP/1.1" 200 None
SUCCESS update product 18793 with inventory level 1 and tracking product.
Starting new HTTPS connection (1): api.bigcommerce.com:443
https://api.bigcommerce.com:443 "PUT /stores//v3/catalog/products/18794 HTTP/1.1" 200 None
SUCCESS update product 18794 with inventory level 0 and tracking none.
Starting new HTTPS connection (1): api.bigcommerce.com:443
https://api.bigcommerce.com:443 "PUT /stores//v3/catalog/products/18795 HTTP/1.1" 200 None
SUCCESS update product 18795 with inventory level 0 and tracking none.
Starting new HTTPS connection (1): api.bigcommerce.com:443
https://api.bigcommerce.com:443 "PUT /stores//v3/catalog/products/18796 HTTP/1.1" 200 None
SUCCESS update product 18796 with inventory level 6 and tracking product.
Starting new HTTPS connection (1): api.bigcommerce.com:443
https://api.bigcommerce.com:443 "PUT /stores//v3/catalog/products/18805 HTTP/1.1" 200 None
SUCCESS update product 18805 with inventory level 0 and tracking none.
Starting new HTTPS connection (1): api.bigcommerce.com:443
https://api.bigcommerce.com:443 "PUT /stores//v3/catalog/products/18806 HTTP/1.1" 200 None
SUCCESS update product 18806 with inventory level 0 and tracking none.
Starting new HTTPS connection (1): api.bigcommerce.com:443
https://api.bigcommerce.com:443 "PUT /stores//v3/catalog/products/18807 HTTP/1.1" 200 None
SUCCESS update product 18807 with inventory level 0 and tracking none.
Starting new HTTPS connection (1): api.bigcommerce.com:443
https://api.bigcommerce.com:443 "PUT /stores//v3/catalog/products/18808 HTTP/1.1" 200 None
SUCCESS update product 18808 with inventory level 0 and tracking none.
Starting new HTTPS connection (1): api.bigcommerce.com:443
https://api.bigcommerce.com:443 "PUT /stores//v3/catalog/products/18809 HTTP/1.1" 200 None
SUCCESS update product 18809 with inventory level 0 and tracking none.
Starting new HTTPS connection (1): api.bigcommerce.com:443
https://api.bigcommerce.com:443 "PUT /stores//v3/catalog/products/18810 HTTP/1.1" 200 None
SUCCESS update product 18810 with inventory level 0 and tracking none.
Starting new HTTPS connection (1): api.bigcommerce.com:443
https://api.bigcommerce.com:443 "PUT /stores//v3/catalog/products/18812 HTTP/1.1" 200 None
SUCCESS update product 18812 with inventory level 0 and tracking none.
Starting new HTTPS connection (1): api.bigcommerce.com:443
https://api.bigcommerce.com:443 "PUT /stores//v3/catalog/products/18813 HTTP/1.1" 200 None
SUCCESS update product 18813 with inventory level 0 and tracking none.
Starting new HTTPS connection (1): api.bigcommerce.com:443
https://api.bigcommerce.com:443 "PUT /stores//v3/catalog/products/18817 HTTP/1.1" 200 None
SUCCESS update product 18817 with inventory level 0 and tracking none.
Starting new HTTPS connection (1): api.bigcommerce.com:443
https://api.bigcommerce.com:443 "PUT /stores//v3/catalog/products/18819 HTTP/1.1" 200 None
SUCCESS update product 18819 with inventory level 0 and tracking none.
Starting new HTTPS connection (1): api.bigcommerce.com:443
https://api.bigcommerce.com:443 "PUT /stores//v3/catalog/products/18820 HTTP/1.1" 200 None
SUCCESS update product 18820 with inventory level 0 and tracking none.
Starting new HTTPS connection (1): api.bigcommerce.com:443
https://api.bigcommerce.com:443 "PUT /stores//v3/catalog/products/18822 HTTP/1.1" 200 None
SUCCESS update product 18822 with inventory level 0 and tracking none.
Starting new HTTPS connection (1): api.bigcommerce.com:443
https://api.bigcommerce.com:443 "PUT /stores//v3/catalog/products/18823 HTTP/1.1" 200 None
SUCCESS update product 18823 with inventory level 0 and tracking none.
Starting new HTTPS connection (1): api.bigcommerce.com:443
https://api.bigcommerce.com:443 "PUT /stores//v3/catalog/products/18857 HTTP/1.1" 200 None
SUCCESS update product 18857 with inventory level 2 and tracking product.
Starting new HTTPS connection (1): api.bigcommerce.com:443
https://api.bigcommerce.com:443 "PUT /stores//v3/catalog/products/18858 HTTP/1.1" 200 None
SUCCESS update product 18858 with inventory level 3 and tracking product.
	No matching rows found in local DB.
Starting new HTTPS connection (1): api.bigcommerce.com:443
https://api.bigcommerce.com:443 "PUT /stores//v3/catalog/products/18878 HTTP/1.1" 200 None
SUCCESS update product 18878 with inventory level 0 and tracking none.
Starting new HTTPS connection (1): api.bigcommerce.com:443
https://api.bigcommerce.com:443 "PUT /stores//v3/catalog/products/18902 HTTP/1.1" 200 None
SUCCESS update product 18902 with inventory level 1 and tracking product.
	No matching rows found in local DB.
	No matching rows found in local DB.
	No matching rows found in local DB.
	No matching rows found in local DB.
	No matching rows found in local DB.
	No matching rows found in local DB.
	No matching rows found in local DB.
	No matching rows found in local DB.
	No matching rows found in local DB.
	No matching rows found in local DB.
	No matching rows found in local DB.
Starting new HTTPS connection (1): api.bigcommerce.com:443
https://api.bigcommerce.com:443 "PUT /stores//v3/catalog/products/19013 HTTP/1.1" 200 None
SUCCESS update product 19013 with inventory level 3 and tracking product.
	No matching rows found in local DB.
	No matching rows found in local DB.
	No matching rows found in local DB.
	No matching rows found in local DB.
	No matching rows found in local DB.
	No matching rows found in local DB.
Starting new HTTPS connection (1): api.bigcommerce.com:443
https://api.bigcommerce.com:443 "PUT /stores//v3/catalog/products/19024 HTTP/1.1" 200 None
SUCCESS update product 19024 with inventory level 3 and tracking product.
Starting new HTTPS connection (1): api.bigcommerce.com:443
https://api.bigcommerce.com:443 "PUT /stores//v3/catalog/products/19025 HTTP/1.1" 200 None
SUCCESS update product 19025 with inventory level 2 and tracking product.
Starting new HTTPS connection (1): api.bigcommerce.com:443
https://api.bigcommerce.com:443 "PUT /stores//v3/catalog/products/19079 HTTP/1.1" 200 None
SUCCESS update product 19079 with inventory level 1 and tracking product.
	No matching rows found in local DB.
	No matching rows found in local DB.
	No matching rows found in local DB.
	No matching rows found in local DB.
Starting new HTTPS connection (1): api.bigcommerce.com:443
https://api.bigcommerce.com:443 "PUT /stores//v3/catalog/products/19114 HTTP/1.1" 200 None
SUCCESS update product 19114 with inventory level 8 and tracking product.
Starting new HTTPS connection (1): api.bigcommerce.com:443
https://api.bigcommerce.com:443 "PUT /stores//v3/catalog/products/19120 HTTP/1.1" 200 None
SUCCESS update product 19120 with inventory level 3 and tracking product.
Starting new HTTPS connection (1): api.bigcommerce.com:443
https://api.bigcommerce.com:443 "PUT /stores//v3/catalog/products/19121 HTTP/1.1" 200 None
SUCCESS update product 19121 with inventory level 0 and tracking none.
Starting new HTTPS connection (1): api.bigcommerce.com:443
https://api.bigcommerce.com:443 "PUT /stores//v3/catalog/products/19122 HTTP/1.1" 200 None
SUCCESS update product 19122 with inventory level 0 and tracking none.
Starting new HTTPS connection (1): api.bigcommerce.com:443
https://api.bigcommerce.com:443 "PUT /stores//v3/catalog/products/19123 HTTP/1.1" 200 None
SUCCESS update product 19123 with inventory level 0 and tracking none.
Starting new HTTPS connection (1): api.bigcommerce.com:443
https://api.bigcommerce.com:443 "PUT /stores//v3/catalog/products/19124 HTTP/1.1" 200 None
SUCCESS update product 19124 with inventory level 3 and tracking product.
Starting new HTTPS connection (1): api.bigcommerce.com:443
https://api.bigcommerce.com:443 "PUT /stores//v3/catalog/products/19129 HTTP/1.1" 200 None
SUCCESS update product 19129 with inventory level 1 and tracking product.
Starting new HTTPS connection (1): api.bigcommerce.com:443
https://api.bigcommerce.com:443 "PUT /stores//v3/catalog/products/19130 HTTP/1.1" 200 None
SUCCESS update product 19130 with inventory level 0 and tracking none.
Starting new HTTPS connection (1): api.bigcommerce.com:443
https://api.bigcommerce.com:443 "PUT /stores//v3/catalog/products/19134 HTTP/1.1" 200 None
SUCCESS update product 19134 with inventory level 1 and tracking product.
Starting new HTTPS connection (1): api.bigcommerce.com:443
https://api.bigcommerce.com:443 "PUT /stores//v3/catalog/products/19135 HTTP/1.1" 200 None
SUCCESS update product 19135 with inventory level 21 and tracking product.
Starting new HTTPS connection (1): api.bigcommerce.com:443
https://api.bigcommerce.com:443 "PUT /stores//v3/catalog/products/19137 HTTP/1.1" 200 None
SUCCESS update product 19137 with inventory level 0 and tracking none.
Starting new HTTPS connection (1): api.bigcommerce.com:443
https://api.bigcommerce.com:443 "PUT /stores//v3/catalog/products/19138 HTTP/1.1" 200 None
SUCCESS update product 19138 with inventory level 0 and tracking none.
Starting new HTTPS connection (1): api.bigcommerce.com:443
https://api.bigcommerce.com:443 "PUT /stores//v3/catalog/products/19186 HTTP/1.1" 200 None
SUCCESS update product 19186 with inventory level 0 and tracking none.
Starting new HTTPS connection (1): api.bigcommerce.com:443
https://api.bigcommerce.com:443 "PUT /stores//v3/catalog/products/19187 HTTP/1.1" 200 None
SUCCESS update product 19187 with inventory level 0 and tracking none.
	No matching rows found in local DB.
Starting new HTTPS connection (1): api.bigcommerce.com:443
https://api.bigcommerce.com:443 "PUT /stores//v3/catalog/products/19205 HTTP/1.1" 200 None
SUCCESS update product 19205 with inventory level 11 and tracking product.
Starting new HTTPS connection (1): api.bigcommerce.com:443
https://api.bigcommerce.com:443 "PUT /stores//v3/catalog/products/19206 HTTP/1.1" 200 None
SUCCESS update product 19206 with inventory level 0 and tracking none.
Starting new HTTPS connection (1): api.bigcommerce.com:443
https://api.bigcommerce.com:443 "PUT /stores//v3/catalog/products/19207 HTTP/1.1" 200 None
SUCCESS update product 19207 with inventory level 2 and tracking product.
Starting new HTTPS connection (1): api.bigcommerce.com:443
https://api.bigcommerce.com:443 "PUT /stores//v3/catalog/products/19212 HTTP/1.1" 200 None
SUCCESS update product 19212 with inventory level 2 and tracking product.
Starting new HTTPS connection (1): api.bigcommerce.com:443
https://api.bigcommerce.com:443 "PUT /stores//v3/catalog/products/19213 HTTP/1.1" 200 None
SUCCESS update product 19213 with inventory level 9 and tracking product.
Starting new HTTPS connection (1): api.bigcommerce.com:443
https://api.bigcommerce.com:443 "PUT /stores//v3/catalog/products/19214 HTTP/1.1" 200 None
SUCCESS update product 19214 with inventory level 3 and tracking product.
Starting new HTTPS connection (1): api.bigcommerce.com:443
https://api.bigcommerce.com:443 "PUT /stores//v3/catalog/products/19215 HTTP/1.1" 200 None
SUCCESS update product 19215 with inventory level 32 and tracking product.
	No matching rows found in local DB.
Starting new HTTPS connection (1): api.bigcommerce.com:443
https://api.bigcommerce.com:443 "PUT /stores//v3/catalog/products/19219 HTTP/1.1" 200 None
SUCCESS update product 19219 with inventory level 1 and tracking product.
Starting new HTTPS connection (1): api.bigcommerce.com:443
https://api.bigcommerce.com:443 "PUT /stores//v3/catalog/products/19257 HTTP/1.1" 200 None
SUCCESS update product 19257 with inventory level 1 and tracking product.
Starting new HTTPS connection (1): api.bigcommerce.com:443
https://api.bigcommerce.com:443 "PUT /stores//v3/catalog/products/19260 HTTP/1.1" 200 None
SUCCESS update product 19260 with inventory level 3 and tracking product.
Starting new HTTPS connection (1): api.bigcommerce.com:443
https://api.bigcommerce.com:443 "PUT /stores//v3/catalog/products/19262 HTTP/1.1" 200 None
SUCCESS update product 19262 with inventory level 8 and tracking product.
Starting new HTTPS connection (1): api.bigcommerce.com:443
https://api.bigcommerce.com:443 "PUT /stores//v3/catalog/products/19264 HTTP/1.1" 200 None
SUCCESS update product 19264 with inventory level 0 and tracking none.
Starting new HTTPS connection (1): api.bigcommerce.com:443
https://api.bigcommerce.com:443 "PUT /stores//v3/catalog/products/19266 HTTP/1.1" 200 None
SUCCESS update product 19266 with inventory level 0 and tracking none.
Starting new HTTPS connection (1): api.bigcommerce.com:443
https://api.bigcommerce.com:443 "PUT /stores//v3/catalog/products/19267 HTTP/1.1" 200 None
SUCCESS update product 19267 with inventory level 0 and tracking none.
Starting new HTTPS connection (1): api.bigcommerce.com:443
https://api.bigcommerce.com:443 "PUT /stores//v3/catalog/products/19268 HTTP/1.1" 200 None
SUCCESS update product 19268 with inventory level 0 and tracking none.
Starting new HTTPS connection (1): api.bigcommerce.com:443
https://api.bigcommerce.com:443 "PUT /stores//v3/catalog/products/19269 HTTP/1.1" 200 None
SUCCESS update product 19269 with inventory level 0 and tracking none.
Starting new HTTPS connection (1): api.bigcommerce.com:443
https://api.bigcommerce.com:443 "PUT /stores//v3/catalog/products/19270 HTTP/1.1" 200 None
SUCCESS update product 19270 with inventory level 3 and tracking product.
Starting new HTTPS connection (1): api.bigcommerce.com:443
https://api.bigcommerce.com:443 "PUT /stores//v3/catalog/products/19272 HTTP/1.1" 200 None
SUCCESS update product 19272 with inventory level 1 and tracking product.
Starting new HTTPS connection (1): api.bigcommerce.com:443
https://api.bigcommerce.com:443 "PUT /stores//v3/catalog/products/19273 HTTP/1.1" 200 None
SUCCESS update product 19273 with inventory level 2 and tracking product.
Starting new HTTPS connection (1): api.bigcommerce.com:443
https://api.bigcommerce.com:443 "PUT /stores//v3/catalog/products/19274 HTTP/1.1" 200 None
SUCCESS update product 19274 with inventory level 0 and tracking none.
	No matching rows found in local DB.
Starting new HTTPS connection (1): api.bigcommerce.com:443
https://api.bigcommerce.com:443 "PUT /stores//v3/catalog/products/19276 HTTP/1.1" 200 None
SUCCESS update product 19276 with inventory level 5 and tracking product.
Starting new HTTPS connection (1): api.bigcommerce.com:443
https://api.bigcommerce.com:443 "PUT /stores//v3/catalog/products/19278 HTTP/1.1" 200 None
SUCCESS update product 19278 with inventory level 0 and tracking none.
Starting new HTTPS connection (1): api.bigcommerce.com:443
https://api.bigcommerce.com:443 "PUT /stores//v3/catalog/products/19279 HTTP/1.1" 200 None
SUCCESS update product 19279 with inventory level -1 and tracking none.
Starting new HTTPS connection (1): api.bigcommerce.com:443
https://api.bigcommerce.com:443 "PUT /stores//v3/catalog/products/19280 HTTP/1.1" 200 None
SUCCESS update product 19280 with inventory level 0 and tracking none.
Starting new HTTPS connection (1): api.bigcommerce.com:443
https://api.bigcommerce.com:443 "PUT /stores//v3/catalog/products/19281 HTTP/1.1" 200 None
SUCCESS update product 19281 with inventory level 0 and tracking none.
Starting new HTTPS connection (1): api.bigcommerce.com:443
https://api.bigcommerce.com:443 "PUT /stores//v3/catalog/products/19286 HTTP/1.1" 200 None
SUCCESS update product 19286 with inventory level 6 and tracking product.
	No matching rows found in local DB.
	No matching rows found in local DB.
Starting new HTTPS connection (1): api.bigcommerce.com:443
https://api.bigcommerce.com:443 "PUT /stores//v3/catalog/products/19289 HTTP/1.1" 200 None
SUCCESS update product 19289 with inventory level 0 and tracking none.
Starting new HTTPS connection (1): api.bigcommerce.com:443
https://api.bigcommerce.com:443 "PUT /stores//v3/catalog/products/19299 HTTP/1.1" 200 None
SUCCESS update product 19299 with inventory level 14 and tracking product.
	No matching rows found in local DB.
Starting new HTTPS connection (1): api.bigcommerce.com:443
https://api.bigcommerce.com:443 "PUT /stores//v3/catalog/products/19311 HTTP/1.1" 200 None
SUCCESS update product 19311 with inventory level 0 and tracking none.
Starting new HTTPS connection (1): api.bigcommerce.com:443
https://api.bigcommerce.com:443 "PUT /stores//v3/catalog/products/19315 HTTP/1.1" 200 None
SUCCESS update product 19315 with inventory level 1 and tracking product.
Starting new HTTPS connection (1): api.bigcommerce.com:443
https://api.bigcommerce.com:443 "PUT /stores//v3/catalog/products/19325 HTTP/1.1" 200 None
SUCCESS update product 19325 with inventory level 10 and tracking product.
Starting new HTTPS connection (1): api.bigcommerce.com:443
https://api.bigcommerce.com:443 "PUT /stores//v3/catalog/products/19333 HTTP/1.1" 200 None
SUCCESS update product 19333 with inventory level 2 and tracking product.
Starting new HTTPS connection (1): api.bigcommerce.com:443
https://api.bigcommerce.com:443 "PUT /stores//v3/catalog/products/19376 HTTP/1.1" 200 None
SUCCESS update product 19376 with inventory level 0 and tracking none.
Starting new HTTPS connection (1): api.bigcommerce.com:443
https://api.bigcommerce.com:443 "PUT /stores//v3/catalog/products/19377 HTTP/1.1" 200 None
SUCCESS update product 19377 with inventory level 0 and tracking none.
Starting new HTTPS connection (1): api.bigcommerce.com:443
https://api.bigcommerce.com:443 "PUT /stores//v3/catalog/products/19381 HTTP/1.1" 200 None
SUCCESS update product 19381 with inventory level 0 and tracking none.
Starting new HTTPS connection (1): api.bigcommerce.com:443
https://api.bigcommerce.com:443 "PUT /stores//v3/catalog/products/19382 HTTP/1.1" 200 None
SUCCESS update product 19382 with inventory level 0 and tracking none.
Starting new HTTPS connection (1): api.bigcommerce.com:443
https://api.bigcommerce.com:443 "PUT /stores//v3/catalog/products/19383 HTTP/1.1" 200 None
SUCCESS update product 19383 with inventory level 0 and tracking none.
Starting new HTTPS connection (1): api.bigcommerce.com:443
https://api.bigcommerce.com:443 "PUT /stores//v3/catalog/products/19384 HTTP/1.1" 200 None
SUCCESS update product 19384 with inventory level 0 and tracking none.
Starting new HTTPS connection (1): api.bigcommerce.com:443
https://api.bigcommerce.com:443 "PUT /stores//v3/catalog/products/19385 HTTP/1.1" 200 None
SUCCESS update product 19385 with inventory level -1 and tracking none.
Starting new HTTPS connection (1): api.bigcommerce.com:443
https://api.bigcommerce.com:443 "PUT /stores//v3/catalog/products/19386 HTTP/1.1" 200 None
SUCCESS update product 19386 with inventory level 0 and tracking none.
Starting new HTTPS connection (1): api.bigcommerce.com:443
https://api.bigcommerce.com:443 "PUT /stores//v3/catalog/products/19387 HTTP/1.1" 200 None
SUCCESS update product 19387 with inventory level 0 and tracking none.
Starting new HTTPS connection (1): api.bigcommerce.com:443
https://api.bigcommerce.com:443 "PUT /stores//v3/catalog/products/19395 HTTP/1.1" 200 None
SUCCESS update product 19395 with inventory level 0 and tracking none.
Starting new HTTPS connection (1): api.bigcommerce.com:443
https://api.bigcommerce.com:443 "PUT /stores//v3/catalog/products/19396 HTTP/1.1" 200 None
SUCCESS update product 19396 with inventory level 0 and tracking none.
Starting new HTTPS connection (1): api.bigcommerce.com:443
https://api.bigcommerce.com:443 "PUT /stores//v3/catalog/products/19397 HTTP/1.1" 200 None
SUCCESS update product 19397 with inventory level 0 and tracking none.
Starting new HTTPS connection (1): api.bigcommerce.com:443
https://api.bigcommerce.com:443 "PUT /stores//v3/catalog/products/19398 HTTP/1.1" 200 None
SUCCESS update product 19398 with inventory level 3 and tracking product.
Starting new HTTPS connection (1): api.bigcommerce.com:443
https://api.bigcommerce.com:443 "PUT /stores//v3/catalog/products/19399 HTTP/1.1" 200 None
SUCCESS update product 19399 with inventory level 2 and tracking product.
Starting new HTTPS connection (1): api.bigcommerce.com:443
https://api.bigcommerce.com:443 "PUT /stores//v3/catalog/products/19401 HTTP/1.1" 200 None
SUCCESS update product 19401 with inventory level 0 and tracking none.
Starting new HTTPS connection (1): api.bigcommerce.com:443
https://api.bigcommerce.com:443 "PUT /stores//v3/catalog/products/19402 HTTP/1.1" 200 None
SUCCESS update product 19402 with inventory level 1 and tracking product.
Starting new HTTPS connection (1): api.bigcommerce.com:443
https://api.bigcommerce.com:443 "PUT /stores//v3/catalog/products/19403 HTTP/1.1" 200 None
SUCCESS update product 19403 with inventory level 1 and tracking product.
Starting new HTTPS connection (1): api.bigcommerce.com:443
https://api.bigcommerce.com:443 "PUT /stores//v3/catalog/products/19404 HTTP/1.1" 200 None
SUCCESS update product 19404 with inventory level 0 and tracking none.
Starting new HTTPS connection (1): api.bigcommerce.com:443
https://api.bigcommerce.com:443 "PUT /stores//v3/catalog/products/19406 HTTP/1.1" 200 None
SUCCESS update product 19406 with inventory level 1 and tracking product.
Starting new HTTPS connection (1): api.bigcommerce.com:443
https://api.bigcommerce.com:443 "PUT /stores//v3/catalog/products/19407 HTTP/1.1" 200 None
SUCCESS update product 19407 with inventory level 2 and tracking product.
Starting new HTTPS connection (1): api.bigcommerce.com:443
https://api.bigcommerce.com:443 "PUT /stores//v3/catalog/products/19409 HTTP/1.1" 200 None
SUCCESS update product 19409 with inventory level 1 and tracking product.
Starting new HTTPS connection (1): api.bigcommerce.com:443
https://api.bigcommerce.com:443 "PUT /stores//v3/catalog/products/19414 HTTP/1.1" 200 None
SUCCESS update product 19414 with inventory level 0 and tracking none.
Starting new HTTPS connection (1): api.bigcommerce.com:443
https://api.bigcommerce.com:443 "PUT /stores//v3/catalog/products/19415 HTTP/1.1" 200 None
SUCCESS update product 19415 with inventory level 0 and tracking none.
	No matching rows found in local DB.
Starting new HTTPS connection (1): api.bigcommerce.com:443
https://api.bigcommerce.com:443 "PUT /stores//v3/catalog/products/19417 HTTP/1.1" 200 None
SUCCESS update product 19417 with inventory level 0 and tracking none.
Starting new HTTPS connection (1): api.bigcommerce.com:443
https://api.bigcommerce.com:443 "PUT /stores//v3/catalog/products/19418 HTTP/1.1" 200 None
SUCCESS update product 19418 with inventory level 0 and tracking none.
Starting new HTTPS connection (1): api.bigcommerce.com:443
https://api.bigcommerce.com:443 "PUT /stores//v3/catalog/products/19419 HTTP/1.1" 200 None
SUCCESS update product 19419 with inventory level 0 and tracking none.
Starting new HTTPS connection (1): api.bigcommerce.com:443
https://api.bigcommerce.com:443 "PUT /stores//v3/catalog/products/19420 HTTP/1.1" 200 None
SUCCESS update product 19420 with inventory level 0 and tracking none.
	No matching rows found in local DB.
	No matching rows found in local DB.
	No matching rows found in local DB.
Starting new HTTPS connection (1): api.bigcommerce.com:443
https://api.bigcommerce.com:443 "PUT /stores//v3/catalog/products/19424 HTTP/1.1" 200 None
SUCCESS update product 19424 with inventory level 0 and tracking none.
Starting new HTTPS connection (1): api.bigcommerce.com:443
https://api.bigcommerce.com:443 "PUT /stores//v3/catalog/products/19425 HTTP/1.1" 200 None
SUCCESS update product 19425 with inventory level 0 and tracking none.
Starting new HTTPS connection (1): api.bigcommerce.com:443
https://api.bigcommerce.com:443 "PUT /stores//v3/catalog/products/19426 HTTP/1.1" 200 None
SUCCESS update product 19426 with inventory level 1 and tracking product.
Starting new HTTPS connection (1): api.bigcommerce.com:443
https://api.bigcommerce.com:443 "PUT /stores//v3/catalog/products/19430 HTTP/1.1" 200 None
SUCCESS update product 19430 with inventory level -1 and tracking none.
Starting new HTTPS connection (1): api.bigcommerce.com:443
https://api.bigcommerce.com:443 "PUT /stores//v3/catalog/products/19432 HTTP/1.1" 200 None
SUCCESS update product 19432 with inventory level 0 and tracking none.
Starting new HTTPS connection (1): api.bigcommerce.com:443
https://api.bigcommerce.com:443 "PUT /stores//v3/catalog/products/19433 HTTP/1.1" 200 None
SUCCESS update product 19433 with inventory level -1 and tracking none.
Starting new HTTPS connection (1): api.bigcommerce.com:443
https://api.bigcommerce.com:443 "PUT /stores//v3/catalog/products/19434 HTTP/1.1" 200 None
SUCCESS update product 19434 with inventory level 0 and tracking none.
	No matching rows found in local DB.
	No matching rows found in local DB.
Starting new HTTPS connection (1): api.bigcommerce.com:443
https://api.bigcommerce.com:443 "PUT /stores//v3/catalog/products/19447 HTTP/1.1" 200 None
SUCCESS update product 19447 with inventory level 0 and tracking none.
Starting new HTTPS connection (1): api.bigcommerce.com:443
https://api.bigcommerce.com:443 "PUT /stores//v3/catalog/products/19449 HTTP/1.1" 200 None
SUCCESS update product 19449 with inventory level 4 and tracking product.
Starting new HTTPS connection (1): api.bigcommerce.com:443
https://api.bigcommerce.com:443 "PUT /stores//v3/catalog/products/19458 HTTP/1.1" 200 None
SUCCESS update product 19458 with inventory level 0 and tracking none.
Starting new HTTPS connection (1): api.bigcommerce.com:443
https://api.bigcommerce.com:443 "PUT /stores//v3/catalog/products/19461 HTTP/1.1" 200 None
SUCCESS update product 19461 with inventory level -2 and tracking none.
Starting new HTTPS connection (1): api.bigcommerce.com:443
https://api.bigcommerce.com:443 "PUT /stores//v3/catalog/products/19463 HTTP/1.1" 200 None
SUCCESS update product 19463 with inventory level -12 and tracking none.
Starting new HTTPS connection (1): api.bigcommerce.com:443
https://api.bigcommerce.com:443 "PUT /stores//v3/catalog/products/19464 HTTP/1.1" 200 None
SUCCESS update product 19464 with inventory level -1 and tracking none.
Starting new HTTPS connection (1): api.bigcommerce.com:443
https://api.bigcommerce.com:443 "PUT /stores//v3/catalog/products/19465 HTTP/1.1" 200 None
SUCCESS update product 19465 with inventory level 26 and tracking product.
Starting new HTTPS connection (1): api.bigcommerce.com:443
https://api.bigcommerce.com:443 "PUT /stores//v3/catalog/products/19466 HTTP/1.1" 200 None
SUCCESS update product 19466 with inventory level 2 and tracking product.
Starting new HTTPS connection (1): api.bigcommerce.com:443
https://api.bigcommerce.com:443 "PUT /stores//v3/catalog/products/19470 HTTP/1.1" 200 None
SUCCESS update product 19470 with inventory level -1 and tracking none.
Starting new HTTPS connection (1): api.bigcommerce.com:443
https://api.bigcommerce.com:443 "PUT /stores//v3/catalog/products/19485 HTTP/1.1" 200 None
SUCCESS update product 19485 with inventory level 0 and tracking none.
Starting new HTTPS connection (1): api.bigcommerce.com:443
https://api.bigcommerce.com:443 "PUT /stores//v3/catalog/products/19487 HTTP/1.1" 200 None
SUCCESS update product 19487 with inventory level 0 and tracking none.
Starting new HTTPS connection (1): api.bigcommerce.com:443
https://api.bigcommerce.com:443 "PUT /stores//v3/catalog/products/19488 HTTP/1.1" 200 None
SUCCESS update product 19488 with inventory level 0 and tracking none.
Starting new HTTPS connection (1): api.bigcommerce.com:443
https://api.bigcommerce.com:443 "PUT /stores//v3/catalog/products/19489 HTTP/1.1" 200 None
SUCCESS update product 19489 with inventory level 0 and tracking none.
Starting new HTTPS connection (1): api.bigcommerce.com:443
https://api.bigcommerce.com:443 "PUT /stores//v3/catalog/products/19490 HTTP/1.1" 200 None
SUCCESS update product 19490 with inventory level 0 and tracking none.
Starting new HTTPS connection (1): api.bigcommerce.com:443
https://api.bigcommerce.com:443 "PUT /stores//v3/catalog/products/19491 HTTP/1.1" 200 None
SUCCESS update product 19491 with inventory level 0 and tracking none.
Starting new HTTPS connection (1): api.bigcommerce.com:443
https://api.bigcommerce.com:443 "PUT /stores//v3/catalog/products/19492 HTTP/1.1" 200 None
SUCCESS update product 19492 with inventory level 0 and tracking none.
Starting new HTTPS connection (1): api.bigcommerce.com:443
https://api.bigcommerce.com:443 "PUT /stores//v3/catalog/products/19493 HTTP/1.1" 200 None
SUCCESS update product 19493 with inventory level 0 and tracking none.
Starting new HTTPS connection (1): api.bigcommerce.com:443
https://api.bigcommerce.com:443 "PUT /stores//v3/catalog/products/19494 HTTP/1.1" 200 None
SUCCESS update product 19494 with inventory level 0 and tracking none.
Starting new HTTPS connection (1): api.bigcommerce.com:443
https://api.bigcommerce.com:443 "PUT /stores//v3/catalog/products/19495 HTTP/1.1" 200 None
SUCCESS update product 19495 with inventory level 0 and tracking none.
Starting new HTTPS connection (1): api.bigcommerce.com:443
https://api.bigcommerce.com:443 "PUT /stores//v3/catalog/products/19496 HTTP/1.1" 200 None
SUCCESS update product 19496 with inventory level 0 and tracking none.
Starting new HTTPS connection (1): api.bigcommerce.com:443
https://api.bigcommerce.com:443 "PUT /stores//v3/catalog/products/19497 HTTP/1.1" 200 None
SUCCESS update product 19497 with inventory level 0 and tracking none.
Starting new HTTPS connection (1): api.bigcommerce.com:443
https://api.bigcommerce.com:443 "PUT /stores//v3/catalog/products/19498 HTTP/1.1" 200 None
SUCCESS update product 19498 with inventory level 0 and tracking none.
Starting new HTTPS connection (1): api.bigcommerce.com:443
https://api.bigcommerce.com:443 "PUT /stores//v3/catalog/products/19499 HTTP/1.1" 200 None
SUCCESS update product 19499 with inventory level 0 and tracking none.
Starting new HTTPS connection (1): api.bigcommerce.com:443
https://api.bigcommerce.com:443 "PUT /stores//v3/catalog/products/19500 HTTP/1.1" 200 None
SUCCESS update product 19500 with inventory level 0 and tracking none.
Starting new HTTPS connection (1): api.bigcommerce.com:443
https://api.bigcommerce.com:443 "PUT /stores//v3/catalog/products/19522 HTTP/1.1" 200 None
SUCCESS update product 19522 with inventory level 0 and tracking none.
Starting new HTTPS connection (1): api.bigcommerce.com:443
https://api.bigcommerce.com:443 "PUT /stores//v3/catalog/products/19523 HTTP/1.1" 200 None
SUCCESS update product 19523 with inventory level 0 and tracking none.
Starting new HTTPS connection (1): api.bigcommerce.com:443
https://api.bigcommerce.com:443 "PUT /stores//v3/catalog/products/19533 HTTP/1.1" 200 None
SUCCESS update product 19533 with inventory level 1 and tracking product.
Starting new HTTPS connection (1): api.bigcommerce.com:443
https://api.bigcommerce.com:443 "PUT /stores//v3/catalog/products/19535 HTTP/1.1" 200 None
SUCCESS update product 19535 with inventory level 70 and tracking product.
Starting new HTTPS connection (1): api.bigcommerce.com:443
https://api.bigcommerce.com:443 "PUT /stores//v3/catalog/products/19537 HTTP/1.1" 200 None
SUCCESS update product 19537 with inventory level 0 and tracking none.
Starting new HTTPS connection (1): api.bigcommerce.com:443
https://api.bigcommerce.com:443 "PUT /stores//v3/catalog/products/19547 HTTP/1.1" 200 None
SUCCESS update product 19547 with inventory level 0 and tracking none.
Starting new HTTPS connection (1): api.bigcommerce.com:443
https://api.bigcommerce.com:443 "PUT /stores//v3/catalog/products/19548 HTTP/1.1" 200 None
SUCCESS update product 19548 with inventory level 0 and tracking none.
Starting new HTTPS connection (1): api.bigcommerce.com:443
https://api.bigcommerce.com:443 "PUT /stores//v3/catalog/products/19549 HTTP/1.1" 200 None
SUCCESS update product 19549 with inventory level 0 and tracking none.
Starting new HTTPS connection (1): api.bigcommerce.com:443
https://api.bigcommerce.com:443 "PUT /stores//v3/catalog/products/19550 HTTP/1.1" 200 None
SUCCESS update product 19550 with inventory level 0 and tracking none.
Starting new HTTPS connection (1): api.bigcommerce.com:443
https://api.bigcommerce.com:443 "PUT /stores//v3/catalog/products/19563 HTTP/1.1" 200 None
SUCCESS update product 19563 with inventory level 0 and tracking none.
	No matching rows found in local DB.
Starting new HTTPS connection (1): api.bigcommerce.com:443
https://api.bigcommerce.com:443 "PUT /stores//v3/catalog/products/19577 HTTP/1.1" 200 None
SUCCESS update product 19577 with inventory level 294 and tracking product.
Starting new HTTPS connection (1): api.bigcommerce.com:443
https://api.bigcommerce.com:443 "PUT /stores//v3/catalog/products/19581 HTTP/1.1" 200 None
SUCCESS update product 19581 with inventory level -1 and tracking none.
Starting new HTTPS connection (1): api.bigcommerce.com:443
https://api.bigcommerce.com:443 "PUT /stores//v3/catalog/products/19582 HTTP/1.1" 200 None
SUCCESS update product 19582 with inventory level 0 and tracking none.
Starting new HTTPS connection (1): api.bigcommerce.com:443
https://api.bigcommerce.com:443 "PUT /stores//v3/catalog/products/19583 HTTP/1.1" 200 None
SUCCESS update product 19583 with inventory level 0 and tracking none.
	No matching rows found in local DB.
	No matching rows found in local DB.
Starting new HTTPS connection (1): api.bigcommerce.com:443
https://api.bigcommerce.com:443 "PUT /stores//v3/catalog/products/19589 HTTP/1.1" 200 None
SUCCESS update product 19589 with inventory level 0 and tracking none.
	No matching rows found in local DB.
Starting new HTTPS connection (1): api.bigcommerce.com:443
https://api.bigcommerce.com:443 "PUT /stores//v3/catalog/products/19597 HTTP/1.1" 200 None
SUCCESS update product 19597 with inventory level 3 and tracking product.
Starting new HTTPS connection (1): api.bigcommerce.com:443
https://api.bigcommerce.com:443 "PUT /stores//v3/catalog/products/19598 HTTP/1.1" 200 None
SUCCESS update product 19598 with inventory level 4868 and tracking product.
Starting new HTTPS connection (1): api.bigcommerce.com:443
https://api.bigcommerce.com:443 "PUT /stores//v3/catalog/products/19599 HTTP/1.1" 200 None
SUCCESS update product 19599 with inventory level 6041 and tracking product.
Starting new HTTPS connection (1): api.bigcommerce.com:443
https://api.bigcommerce.com:443 "PUT /stores//v3/catalog/products/19611 HTTP/1.1" 200 None
SUCCESS update product 19611 with inventory level 48 and tracking product.
Starting new HTTPS connection (1): api.bigcommerce.com:443
https://api.bigcommerce.com:443 "PUT /stores//v3/catalog/products/19622 HTTP/1.1" 200 None
SUCCESS update product 19622 with inventory level 0 and tracking none.
Starting new HTTPS connection (1): api.bigcommerce.com:443
https://api.bigcommerce.com:443 "PUT /stores//v3/catalog/products/19623 HTTP/1.1" 200 None
SUCCESS update product 19623 with inventory level 0 and tracking none.
Starting new HTTPS connection (1): api.bigcommerce.com:443
https://api.bigcommerce.com:443 "PUT /stores//v3/catalog/products/19624 HTTP/1.1" 200 None
SUCCESS update product 19624 with inventory level 0 and tracking none.
Starting new HTTPS connection (1): api.bigcommerce.com:443
https://api.bigcommerce.com:443 "PUT /stores//v3/catalog/products/19640 HTTP/1.1" 200 None
SUCCESS update product 19640 with inventory level 0 and tracking none.
Starting new HTTPS connection (1): api.bigcommerce.com:443
https://api.bigcommerce.com:443 "PUT /stores//v3/catalog/products/19641 HTTP/1.1" 200 None
SUCCESS update product 19641 with inventory level 0 and tracking none.
	No matching rows found in local DB.
Starting new HTTPS connection (1): api.bigcommerce.com:443
https://api.bigcommerce.com:443 "PUT /stores//v3/catalog/products/19643 HTTP/1.1" 200 None
SUCCESS update product 19643 with inventory level 2 and tracking product.
Starting new HTTPS connection (1): api.bigcommerce.com:443
https://api.bigcommerce.com:443 "PUT /stores//v3/catalog/products/19644 HTTP/1.1" 200 None
SUCCESS update product 19644 with inventory level 5 and tracking product.
Starting new HTTPS connection (1): api.bigcommerce.com:443
https://api.bigcommerce.com:443 "PUT /stores//v3/catalog/products/19649 HTTP/1.1" 200 None
SUCCESS update product 19649 with inventory level 0 and tracking none.
Starting new HTTPS connection (1): api.bigcommerce.com:443
https://api.bigcommerce.com:443 "PUT /stores//v3/catalog/products/19650 HTTP/1.1" 200 None
SUCCESS update product 19650 with inventory level 3 and tracking product.
Starting new HTTPS connection (1): api.bigcommerce.com:443
https://api.bigcommerce.com:443 "PUT /stores//v3/catalog/products/19651 HTTP/1.1" 200 None
SUCCESS update product 19651 with inventory level -1 and tracking none.
Starting new HTTPS connection (1): api.bigcommerce.com:443
https://api.bigcommerce.com:443 "PUT /stores//v3/catalog/products/19652 HTTP/1.1" 200 None
SUCCESS update product 19652 with inventory level 4 and tracking product.
Starting new HTTPS connection (1): api.bigcommerce.com:443
https://api.bigcommerce.com:443 "PUT /stores//v3/catalog/products/19653 HTTP/1.1" 200 None
SUCCESS update product 19653 with inventory level 32 and tracking product.
Starting new HTTPS connection (1): api.bigcommerce.com:443
https://api.bigcommerce.com:443 "PUT /stores//v3/catalog/products/19659 HTTP/1.1" 200 None
SUCCESS update product 19659 with inventory level 0 and tracking none.
Starting new HTTPS connection (1): api.bigcommerce.com:443
https://api.bigcommerce.com:443 "PUT /stores//v3/catalog/products/19709 HTTP/1.1" 200 None
SUCCESS update product 19709 with inventory level 2 and tracking product.
	No matching rows found in local DB.
Starting new HTTPS connection (1): api.bigcommerce.com:443
https://api.bigcommerce.com:443 "PUT /stores//v3/catalog/products/19726 HTTP/1.1" 200 None
SUCCESS update product 19726 with inventory level 0 and tracking none.
Starting new HTTPS connection (1): api.bigcommerce.com:443
https://api.bigcommerce.com:443 "PUT /stores//v3/catalog/products/19728 HTTP/1.1" 200 None
SUCCESS update product 19728 with inventory level 0 and tracking none.
Starting new HTTPS connection (1): api.bigcommerce.com:443
https://api.bigcommerce.com:443 "PUT /stores//v3/catalog/products/19729 HTTP/1.1" 200 None
SUCCESS update product 19729 with inventory level 2 and tracking product.
Starting new HTTPS connection (1): api.bigcommerce.com:443
https://api.bigcommerce.com:443 "PUT /stores//v3/catalog/products/19731 HTTP/1.1" 200 None
SUCCESS update product 19731 with inventory level 13 and tracking product.
	No matching rows found in local DB.
Starting new HTTPS connection (1): api.bigcommerce.com:443
https://api.bigcommerce.com:443 "PUT /stores//v3/catalog/products/19734 HTTP/1.1" 200 None
SUCCESS update product 19734 with inventory level 0 and tracking none.
Starting new HTTPS connection (1): api.bigcommerce.com:443
https://api.bigcommerce.com:443 "PUT /stores//v3/catalog/products/19735 HTTP/1.1" 200 None
SUCCESS update product 19735 with inventory level 0 and tracking none.
Starting new HTTPS connection (1): api.bigcommerce.com:443
https://api.bigcommerce.com:443 "PUT /stores//v3/catalog/products/19736 HTTP/1.1" 200 None
SUCCESS update product 19736 with inventory level 1 and tracking product.
Starting new HTTPS connection (1): api.bigcommerce.com:443
https://api.bigcommerce.com:443 "PUT /stores//v3/catalog/products/19737 HTTP/1.1" 200 None
SUCCESS update product 19737 with inventory level 1 and tracking product.
Starting new HTTPS connection (1): api.bigcommerce.com:443
https://api.bigcommerce.com:443 "PUT /stores//v3/catalog/products/19742 HTTP/1.1" 200 None
SUCCESS update product 19742 with inventory level 4 and tracking product.
Starting new HTTPS connection (1): api.bigcommerce.com:443
https://api.bigcommerce.com:443 "PUT /stores//v3/catalog/products/19743 HTTP/1.1" 200 None
SUCCESS update product 19743 with inventory level 5 and tracking product.
Starting new HTTPS connection (1): api.bigcommerce.com:443
https://api.bigcommerce.com:443 "PUT /stores//v3/catalog/products/19744 HTTP/1.1" 200 None
SUCCESS update product 19744 with inventory level 1 and tracking product.
Starting new HTTPS connection (1): api.bigcommerce.com:443
https://api.bigcommerce.com:443 "PUT /stores//v3/catalog/products/19746 HTTP/1.1" 200 None
SUCCESS update product 19746 with inventory level 0 and tracking none.
Starting new HTTPS connection (1): api.bigcommerce.com:443
https://api.bigcommerce.com:443 "PUT /stores//v3/catalog/products/19748 HTTP/1.1" 200 None
SUCCESS update product 19748 with inventory level 0 and tracking none.
Starting new HTTPS connection (1): api.bigcommerce.com:443
https://api.bigcommerce.com:443 "PUT /stores//v3/catalog/products/19749 HTTP/1.1" 200 None
SUCCESS update product 19749 with inventory level 0 and tracking none.
Starting new HTTPS connection (1): api.bigcommerce.com:443
https://api.bigcommerce.com:443 "PUT /stores//v3/catalog/products/19750 HTTP/1.1" 200 None
SUCCESS update product 19750 with inventory level 0 and tracking none.
Starting new HTTPS connection (1): api.bigcommerce.com:443
https://api.bigcommerce.com:443 "PUT /stores//v3/catalog/products/19751 HTTP/1.1" 200 None
SUCCESS update product 19751 with inventory level 0 and tracking none.
Starting new HTTPS connection (1): api.bigcommerce.com:443
https://api.bigcommerce.com:443 "PUT /stores//v3/catalog/products/19752 HTTP/1.1" 200 None
SUCCESS update product 19752 with inventory level 0 and tracking none.
Starting new HTTPS connection (1): api.bigcommerce.com:443
https://api.bigcommerce.com:443 "PUT /stores//v3/catalog/products/19753 HTTP/1.1" 200 None
SUCCESS update product 19753 with inventory level 0 and tracking none.
Starting new HTTPS connection (1): api.bigcommerce.com:443
https://api.bigcommerce.com:443 "PUT /stores//v3/catalog/products/19754 HTTP/1.1" 200 None
SUCCESS update product 19754 with inventory level 0 and tracking none.
Starting new HTTPS connection (1): api.bigcommerce.com:443
https://api.bigcommerce.com:443 "PUT /stores//v3/catalog/products/19755 HTTP/1.1" 200 None
SUCCESS update product 19755 with inventory level 0 and tracking none.
Starting new HTTPS connection (1): api.bigcommerce.com:443
https://api.bigcommerce.com:443 "PUT /stores//v3/catalog/products/19756 HTTP/1.1" 200 None
SUCCESS update product 19756 with inventory level 0 and tracking none.
Starting new HTTPS connection (1): api.bigcommerce.com:443
https://api.bigcommerce.com:443 "PUT /stores//v3/catalog/products/19757 HTTP/1.1" 200 None
SUCCESS update product 19757 with inventory level 0 and tracking none.
Starting new HTTPS connection (1): api.bigcommerce.com:443
https://api.bigcommerce.com:443 "PUT /stores//v3/catalog/products/19758 HTTP/1.1" 200 None
SUCCESS update product 19758 with inventory level 0 and tracking none.
Starting new HTTPS connection (1): api.bigcommerce.com:443
https://api.bigcommerce.com:443 "PUT /stores//v3/catalog/products/19759 HTTP/1.1" 200 None
SUCCESS update product 19759 with inventory level 0 and tracking none.
Starting new HTTPS connection (1): api.bigcommerce.com:443
https://api.bigcommerce.com:443 "PUT /stores//v3/catalog/products/19760 HTTP/1.1" 200 None
SUCCESS update product 19760 with inventory level 0 and tracking none.
Starting new HTTPS connection (1): api.bigcommerce.com:443
https://api.bigcommerce.com:443 "PUT /stores//v3/catalog/products/19761 HTTP/1.1" 200 None
SUCCESS update product 19761 with inventory level 0 and tracking none.
Starting new HTTPS connection (1): api.bigcommerce.com:443
https://api.bigcommerce.com:443 "PUT /stores//v3/catalog/products/19762 HTTP/1.1" 200 None
SUCCESS update product 19762 with inventory level 2 and tracking product.
Starting new HTTPS connection (1): api.bigcommerce.com:443
https://api.bigcommerce.com:443 "PUT /stores//v3/catalog/products/19763 HTTP/1.1" 200 None
SUCCESS update product 19763 with inventory level 0 and tracking none.
Starting new HTTPS connection (1): api.bigcommerce.com:443
https://api.bigcommerce.com:443 "PUT /stores//v3/catalog/products/19765 HTTP/1.1" 200 None
SUCCESS update product 19765 with inventory level 0 and tracking none.
	No matching rows found in local DB.
	No matching rows found in local DB.
Starting new HTTPS connection (1): api.bigcommerce.com:443
https://api.bigcommerce.com:443 "PUT /stores//v3/catalog/products/19768 HTTP/1.1" 200 None
SUCCESS update product 19768 with inventory level 0 and tracking none.
Starting new HTTPS connection (1): api.bigcommerce.com:443
https://api.bigcommerce.com:443 "PUT /stores//v3/catalog/products/19769 HTTP/1.1" 200 None
SUCCESS update product 19769 with inventory level 82 and tracking product.
Starting new HTTPS connection (1): api.bigcommerce.com:443
https://api.bigcommerce.com:443 "PUT /stores//v3/catalog/products/19770 HTTP/1.1" 200 None
SUCCESS update product 19770 with inventory level 1 and tracking product.
Starting new HTTPS connection (1): api.bigcommerce.com:443
https://api.bigcommerce.com:443 "PUT /stores//v3/catalog/products/19771 HTTP/1.1" 200 None
SUCCESS update product 19771 with inventory level 1 and tracking product.
Starting new HTTPS connection (1): api.bigcommerce.com:443
https://api.bigcommerce.com:443 "PUT /stores//v3/catalog/products/19772 HTTP/1.1" 200 None
SUCCESS update product 19772 with inventory level 3 and tracking product.
Starting new HTTPS connection (1): api.bigcommerce.com:443
https://api.bigcommerce.com:443 "PUT /stores//v3/catalog/products/19773 HTTP/1.1" 200 None
SUCCESS update product 19773 with inventory level 1 and tracking product.
Starting new HTTPS connection (1): api.bigcommerce.com:443
https://api.bigcommerce.com:443 "PUT /stores//v3/catalog/products/19774 HTTP/1.1" 200 None
SUCCESS update product 19774 with inventory level 2 and tracking product.
Starting new HTTPS connection (1): api.bigcommerce.com:443
https://api.bigcommerce.com:443 "PUT /stores//v3/catalog/products/19775 HTTP/1.1" 200 None
SUCCESS update product 19775 with inventory level 1 and tracking product.
Starting new HTTPS connection (1): api.bigcommerce.com:443
https://api.bigcommerce.com:443 "PUT /stores//v3/catalog/products/19778 HTTP/1.1" 200 None
SUCCESS update product 19778 with inventory level 0 and tracking none.
Starting new HTTPS connection (1): api.bigcommerce.com:443
https://api.bigcommerce.com:443 "PUT /stores//v3/catalog/products/19779 HTTP/1.1" 200 None
SUCCESS update product 19779 with inventory level 0 and tracking none.
Starting new HTTPS connection (1): api.bigcommerce.com:443
https://api.bigcommerce.com:443 "PUT /stores//v3/catalog/products/19780 HTTP/1.1" 200 None
SUCCESS update product 19780 with inventory level 3 and tracking product.
Starting new HTTPS connection (1): api.bigcommerce.com:443
https://api.bigcommerce.com:443 "PUT /stores//v3/catalog/products/19781 HTTP/1.1" 200 None
SUCCESS update product 19781 with inventory level 0 and tracking none.
Starting new HTTPS connection (1): api.bigcommerce.com:443
https://api.bigcommerce.com:443 "PUT /stores//v3/catalog/products/19782 HTTP/1.1" 200 None
SUCCESS update product 19782 with inventory level 0 and tracking none.
Starting new HTTPS connection (1): api.bigcommerce.com:443
https://api.bigcommerce.com:443 "PUT /stores//v3/catalog/products/19783 HTTP/1.1" 200 None
SUCCESS update product 19783 with inventory level -1 and tracking none.
Starting new HTTPS connection (1): api.bigcommerce.com:443
https://api.bigcommerce.com:443 "PUT /stores//v3/catalog/products/19784 HTTP/1.1" 200 None
SUCCESS update product 19784 with inventory level 0 and tracking none.
Starting new HTTPS connection (1): api.bigcommerce.com:443
https://api.bigcommerce.com:443 "PUT /stores//v3/catalog/products/19786 HTTP/1.1" 200 None
SUCCESS update product 19786 with inventory level 4 and tracking product.
Starting new HTTPS connection (1): api.bigcommerce.com:443
https://api.bigcommerce.com:443 "PUT /stores//v3/catalog/products/19787 HTTP/1.1" 200 None
SUCCESS update product 19787 with inventory level 0 and tracking none.
Starting new HTTPS connection (1): api.bigcommerce.com:443
https://api.bigcommerce.com:443 "PUT /stores//v3/catalog/products/19788 HTTP/1.1" 200 None
SUCCESS update product 19788 with inventory level 0 and tracking none.
Starting new HTTPS connection (1): api.bigcommerce.com:443
https://api.bigcommerce.com:443 "PUT /stores//v3/catalog/products/19789 HTTP/1.1" 200 None
SUCCESS update product 19789 with inventory level 7 and tracking product.
Starting new HTTPS connection (1): api.bigcommerce.com:443
https://api.bigcommerce.com:443 "PUT /stores//v3/catalog/products/19794 HTTP/1.1" 200 None
SUCCESS update product 19794 with inventory level 1 and tracking product.
Starting new HTTPS connection (1): api.bigcommerce.com:443
https://api.bigcommerce.com:443 "PUT /stores//v3/catalog/products/19795 HTTP/1.1" 200 None
SUCCESS update product 19795 with inventory level 560 and tracking product.
Starting new HTTPS connection (1): api.bigcommerce.com:443
https://api.bigcommerce.com:443 "PUT /stores//v3/catalog/products/19796 HTTP/1.1" 200 None
SUCCESS update product 19796 with inventory level 6 and tracking product.
Starting new HTTPS connection (1): api.bigcommerce.com:443
https://api.bigcommerce.com:443 "PUT /stores//v3/catalog/products/19797 HTTP/1.1" 200 None
SUCCESS update product 19797 with inventory level 1 and tracking product.
Starting new HTTPS connection (1): api.bigcommerce.com:443
https://api.bigcommerce.com:443 "PUT /stores//v3/catalog/products/19799 HTTP/1.1" 200 None
SUCCESS update product 19799 with inventory level 0 and tracking none.
Starting new HTTPS connection (1): api.bigcommerce.com:443
https://api.bigcommerce.com:443 "PUT /stores//v3/catalog/products/19800 HTTP/1.1" 200 None
SUCCESS update product 19800 with inventory level -1 and tracking none.
Starting new HTTPS connection (1): api.bigcommerce.com:443
https://api.bigcommerce.com:443 "PUT /stores//v3/catalog/products/19802 HTTP/1.1" 200 None
SUCCESS update product 19802 with inventory level 0 and tracking none.
Starting new HTTPS connection (1): api.bigcommerce.com:443
https://api.bigcommerce.com:443 "PUT /stores//v3/catalog/products/19803 HTTP/1.1" 200 None
SUCCESS update product 19803 with inventory level -1 and tracking none.
Starting new HTTPS connection (1): api.bigcommerce.com:443
https://api.bigcommerce.com:443 "PUT /stores//v3/catalog/products/19804 HTTP/1.1" 200 None
SUCCESS update product 19804 with inventory level 16 and tracking product.
Starting new HTTPS connection (1): api.bigcommerce.com:443
https://api.bigcommerce.com:443 "PUT /stores//v3/catalog/products/19806 HTTP/1.1" 200 None
SUCCESS update product 19806 with inventory level 0 and tracking none.
Starting new HTTPS connection (1): api.bigcommerce.com:443
https://api.bigcommerce.com:443 "PUT /stores//v3/catalog/products/19807 HTTP/1.1" 200 None
SUCCESS update product 19807 with inventory level 0 and tracking none.
Starting new HTTPS connection (1): api.bigcommerce.com:443
https://api.bigcommerce.com:443 "PUT /stores//v3/catalog/products/19808 HTTP/1.1" 200 None
SUCCESS update product 19808 with inventory level 0 and tracking none.
Starting new HTTPS connection (1): api.bigcommerce.com:443
https://api.bigcommerce.com:443 "PUT /stores//v3/catalog/products/19809 HTTP/1.1" 200 None
SUCCESS update product 19809 with inventory level 0 and tracking none.
Starting new HTTPS connection (1): api.bigcommerce.com:443
https://api.bigcommerce.com:443 "PUT /stores//v3/catalog/products/19810 HTTP/1.1" 200 None
SUCCESS update product 19810 with inventory level 0 and tracking none.
Starting new HTTPS connection (1): api.bigcommerce.com:443
https://api.bigcommerce.com:443 "PUT /stores//v3/catalog/products/19811 HTTP/1.1" 200 None
SUCCESS update product 19811 with inventory level 0 and tracking none.
Starting new HTTPS connection (1): api.bigcommerce.com:443
https://api.bigcommerce.com:443 "PUT /stores//v3/catalog/products/19812 HTTP/1.1" 200 None
SUCCESS update product 19812 with inventory level 0 and tracking none.
Starting new HTTPS connection (1): api.bigcommerce.com:443
https://api.bigcommerce.com:443 "PUT /stores//v3/catalog/products/19813 HTTP/1.1" 200 None
SUCCESS update product 19813 with inventory level 0 and tracking none.
Starting new HTTPS connection (1): api.bigcommerce.com:443
https://api.bigcommerce.com:443 "PUT /stores//v3/catalog/products/19815 HTTP/1.1" 200 None
SUCCESS update product 19815 with inventory level 0 and tracking none.
Starting new HTTPS connection (1): api.bigcommerce.com:443
https://api.bigcommerce.com:443 "PUT /stores//v3/catalog/products/19816 HTTP/1.1" 200 None
SUCCESS update product 19816 with inventory level 0 and tracking none.
Starting new HTTPS connection (1): api.bigcommerce.com:443
https://api.bigcommerce.com:443 "PUT /stores//v3/catalog/products/19817 HTTP/1.1" 200 None
SUCCESS update product 19817 with inventory level 0 and tracking none.
Starting new HTTPS connection (1): api.bigcommerce.com:443
https://api.bigcommerce.com:443 "PUT /stores//v3/catalog/products/19819 HTTP/1.1" 200 None
SUCCESS update product 19819 with inventory level 0 and tracking none.
Starting new HTTPS connection (1): api.bigcommerce.com:443
https://api.bigcommerce.com:443 "PUT /stores//v3/catalog/products/19822 HTTP/1.1" 200 None
SUCCESS update product 19822 with inventory level 0 and tracking none.
Starting new HTTPS connection (1): api.bigcommerce.com:443
https://api.bigcommerce.com:443 "PUT /stores//v3/catalog/products/19827 HTTP/1.1" 200 None
SUCCESS update product 19827 with inventory level 0 and tracking none.
Starting new HTTPS connection (1): api.bigcommerce.com:443
https://api.bigcommerce.com:443 "PUT /stores//v3/catalog/products/19831 HTTP/1.1" 200 None
SUCCESS update product 19831 with inventory level 0 and tracking none.
Starting new HTTPS connection (1): api.bigcommerce.com:443
https://api.bigcommerce.com:443 "PUT /stores//v3/catalog/products/19833 HTTP/1.1" 200 None
SUCCESS update product 19833 with inventory level 0 and tracking none.
Starting new HTTPS connection (1): api.bigcommerce.com:443
https://api.bigcommerce.com:443 "PUT /stores//v3/catalog/products/19834 HTTP/1.1" 200 None
SUCCESS update product 19834 with inventory level 0 and tracking none.
Starting new HTTPS connection (1): api.bigcommerce.com:443
https://api.bigcommerce.com:443 "PUT /stores//v3/catalog/products/19835 HTTP/1.1" 200 None
SUCCESS update product 19835 with inventory level 0 and tracking none.
Starting new HTTPS connection (1): api.bigcommerce.com:443
https://api.bigcommerce.com:443 "PUT /stores//v3/catalog/products/19836 HTTP/1.1" 200 None
SUCCESS update product 19836 with inventory level 0 and tracking none.
Starting new HTTPS connection (1): api.bigcommerce.com:443
https://api.bigcommerce.com:443 "PUT /stores//v3/catalog/products/19837 HTTP/1.1" 200 None
SUCCESS update product 19837 with inventory level 0 and tracking none.
Starting new HTTPS connection (1): api.bigcommerce.com:443
https://api.bigcommerce.com:443 "PUT /stores//v3/catalog/products/19840 HTTP/1.1" 200 None
SUCCESS update product 19840 with inventory level 0 and tracking none.
Starting new HTTPS connection (1): api.bigcommerce.com:443
https://api.bigcommerce.com:443 "PUT /stores//v3/catalog/products/19843 HTTP/1.1" 200 None
SUCCESS update product 19843 with inventory level 1 and tracking product.
Starting new HTTPS connection (1): api.bigcommerce.com:443
https://api.bigcommerce.com:443 "PUT /stores//v3/catalog/products/19844 HTTP/1.1" 200 None
SUCCESS update product 19844 with inventory level 0 and tracking none.
Starting new HTTPS connection (1): api.bigcommerce.com:443
https://api.bigcommerce.com:443 "PUT /stores//v3/catalog/products/19845 HTTP/1.1" 200 None
SUCCESS update product 19845 with inventory level 0 and tracking none.
Starting new HTTPS connection (1): api.bigcommerce.com:443
https://api.bigcommerce.com:443 "PUT /stores//v3/catalog/products/19846 HTTP/1.1" 200 None
SUCCESS update product 19846 with inventory level 0 and tracking none.
Starting new HTTPS connection (1): api.bigcommerce.com:443
https://api.bigcommerce.com:443 "PUT /stores//v3/catalog/products/19847 HTTP/1.1" 200 None
SUCCESS update product 19847 with inventory level 0 and tracking none.
Starting new HTTPS connection (1): api.bigcommerce.com:443
https://api.bigcommerce.com:443 "PUT /stores//v3/catalog/products/19849 HTTP/1.1" 200 None
SUCCESS update product 19849 with inventory level 0 and tracking none.
Starting new HTTPS connection (1): api.bigcommerce.com:443
https://api.bigcommerce.com:443 "PUT /stores//v3/catalog/products/19850 HTTP/1.1" 200 None
SUCCESS update product 19850 with inventory level 0 and tracking none.
Starting new HTTPS connection (1): api.bigcommerce.com:443
https://api.bigcommerce.com:443 "PUT /stores//v3/catalog/products/19852 HTTP/1.1" 200 None
SUCCESS update product 19852 with inventory level 0 and tracking none.
Starting new HTTPS connection (1): api.bigcommerce.com:443
https://api.bigcommerce.com:443 "PUT /stores//v3/catalog/products/19853 HTTP/1.1" 200 None
SUCCESS update product 19853 with inventory level 0 and tracking none.
Starting new HTTPS connection (1): api.bigcommerce.com:443
https://api.bigcommerce.com:443 "PUT /stores//v3/catalog/products/19854 HTTP/1.1" 200 None
SUCCESS update product 19854 with inventory level 0 and tracking none.
Starting new HTTPS connection (1): api.bigcommerce.com:443
https://api.bigcommerce.com:443 "PUT /stores//v3/catalog/products/19855 HTTP/1.1" 200 None
SUCCESS update product 19855 with inventory level -1 and tracking none.
Starting new HTTPS connection (1): api.bigcommerce.com:443
https://api.bigcommerce.com:443 "PUT /stores//v3/catalog/products/19856 HTTP/1.1" 200 None
SUCCESS update product 19856 with inventory level 0 and tracking none.
Starting new HTTPS connection (1): api.bigcommerce.com:443
https://api.bigcommerce.com:443 "PUT /stores//v3/catalog/products/19857 HTTP/1.1" 200 None
SUCCESS update product 19857 with inventory level 0 and tracking none.
Starting new HTTPS connection (1): api.bigcommerce.com:443
https://api.bigcommerce.com:443 "PUT /stores//v3/catalog/products/19858 HTTP/1.1" 200 None
SUCCESS update product 19858 with inventory level 0 and tracking none.
Starting new HTTPS connection (1): api.bigcommerce.com:443
https://api.bigcommerce.com:443 "PUT /stores//v3/catalog/products/19859 HTTP/1.1" 200 None
SUCCESS update product 19859 with inventory level 0 and tracking none.
Starting new HTTPS connection (1): api.bigcommerce.com:443
https://api.bigcommerce.com:443 "PUT /stores//v3/catalog/products/19860 HTTP/1.1" 200 None
SUCCESS update product 19860 with inventory level 1 and tracking product.
Starting new HTTPS connection (1): api.bigcommerce.com:443
https://api.bigcommerce.com:443 "PUT /stores//v3/catalog/products/19861 HTTP/1.1" 200 None
SUCCESS update product 19861 with inventory level 0 and tracking none.
Starting new HTTPS connection (1): api.bigcommerce.com:443
https://api.bigcommerce.com:443 "PUT /stores//v3/catalog/products/19862 HTTP/1.1" 200 None
SUCCESS update product 19862 with inventory level 0 and tracking none.
Starting new HTTPS connection (1): api.bigcommerce.com:443
https://api.bigcommerce.com:443 "PUT /stores//v3/catalog/products/19866 HTTP/1.1" 200 None
SUCCESS update product 19866 with inventory level 0 and tracking none.
Starting new HTTPS connection (1): api.bigcommerce.com:443
https://api.bigcommerce.com:443 "PUT /stores//v3/catalog/products/19867 HTTP/1.1" 200 None
SUCCESS update product 19867 with inventory level 0 and tracking none.
Starting new HTTPS connection (1): api.bigcommerce.com:443
https://api.bigcommerce.com:443 "PUT /stores//v3/catalog/products/19868 HTTP/1.1" 200 None
SUCCESS update product 19868 with inventory level 6 and tracking product.
Starting new HTTPS connection (1): api.bigcommerce.com:443
https://api.bigcommerce.com:443 "PUT /stores//v3/catalog/products/19869 HTTP/1.1" 200 None
SUCCESS update product 19869 with inventory level 3 and tracking product.
	No matching rows found in local DB.
	No matching rows found in local DB.
	No matching rows found in local DB.
	No matching rows found in local DB.
	No matching rows found in local DB.
	No matching rows found in local DB.
Starting new HTTPS connection (1): api.bigcommerce.com:443
https://api.bigcommerce.com:443 "PUT /stores//v3/catalog/products/19878 HTTP/1.1" 200 None
SUCCESS update product 19878 with inventory level 4 and tracking product.
Starting new HTTPS connection (1): api.bigcommerce.com:443
https://api.bigcommerce.com:443 "PUT /stores//v3/catalog/products/19879 HTTP/1.1" 200 None
SUCCESS update product 19879 with inventory level 5 and tracking product.
Starting new HTTPS connection (1): api.bigcommerce.com:443
https://api.bigcommerce.com:443 "PUT /stores//v3/catalog/products/19880 HTTP/1.1" 200 None
SUCCESS update product 19880 with inventory level 3 and tracking product.
Starting new HTTPS connection (1): api.bigcommerce.com:443
https://api.bigcommerce.com:443 "PUT /stores//v3/catalog/products/19881 HTTP/1.1" 200 None
SUCCESS update product 19881 with inventory level 0 and tracking none.
Starting new HTTPS connection (1): api.bigcommerce.com:443
https://api.bigcommerce.com:443 "PUT /stores//v3/catalog/products/19886 HTTP/1.1" 200 None
SUCCESS update product 19886 with inventory level -3 and tracking none.
Starting new HTTPS connection (1): api.bigcommerce.com:443
https://api.bigcommerce.com:443 "PUT /stores//v3/catalog/products/19887 HTTP/1.1" 200 None
SUCCESS update product 19887 with inventory level 1 and tracking product.
Starting new HTTPS connection (1): api.bigcommerce.com:443
https://api.bigcommerce.com:443 "PUT /stores//v3/catalog/products/19889 HTTP/1.1" 200 None
SUCCESS update product 19889 with inventory level 5 and tracking product.
Starting new HTTPS connection (1): api.bigcommerce.com:443
https://api.bigcommerce.com:443 "PUT /stores//v3/catalog/products/19890 HTTP/1.1" 200 None
SUCCESS update product 19890 with inventory level 0 and tracking none.
Starting new HTTPS connection (1): api.bigcommerce.com:443
https://api.bigcommerce.com:443 "PUT /stores//v3/catalog/products/19891 HTTP/1.1" 200 None
SUCCESS update product 19891 with inventory level 0 and tracking none.
Starting new HTTPS connection (1): api.bigcommerce.com:443
https://api.bigcommerce.com:443 "PUT /stores//v3/catalog/products/19892 HTTP/1.1" 200 None
SUCCESS update product 19892 with inventory level 0 and tracking none.
Starting new HTTPS connection (1): api.bigcommerce.com:443
https://api.bigcommerce.com:443 "PUT /stores//v3/catalog/products/19893 HTTP/1.1" 200 None
SUCCESS update product 19893 with inventory level 0 and tracking none.
Starting new HTTPS connection (1): api.bigcommerce.com:443
https://api.bigcommerce.com:443 "PUT /stores//v3/catalog/products/19894 HTTP/1.1" 200 None
SUCCESS update product 19894 with inventory level 0 and tracking none.
Starting new HTTPS connection (1): api.bigcommerce.com:443
https://api.bigcommerce.com:443 "PUT /stores//v3/catalog/products/19895 HTTP/1.1" 200 None
SUCCESS update product 19895 with inventory level 0 and tracking none.
Starting new HTTPS connection (1): api.bigcommerce.com:443
https://api.bigcommerce.com:443 "PUT /stores//v3/catalog/products/19912 HTTP/1.1" 200 None
SUCCESS update product 19912 with inventory level 2 and tracking product.
Starting new HTTPS connection (1): api.bigcommerce.com:443
https://api.bigcommerce.com:443 "PUT /stores//v3/catalog/products/19913 HTTP/1.1" 200 None
SUCCESS update product 19913 with inventory level 10 and tracking product.
Starting new HTTPS connection (1): api.bigcommerce.com:443
https://api.bigcommerce.com:443 "PUT /stores//v3/catalog/products/19914 HTTP/1.1" 200 None
SUCCESS update product 19914 with inventory level 28 and tracking product.
Starting new HTTPS connection (1): api.bigcommerce.com:443
https://api.bigcommerce.com:443 "PUT /stores//v3/catalog/products/19915 HTTP/1.1" 200 None
SUCCESS update product 19915 with inventory level 44 and tracking product.
Starting new HTTPS connection (1): api.bigcommerce.com:443
https://api.bigcommerce.com:443 "PUT /stores//v3/catalog/products/19916 HTTP/1.1" 200 None
SUCCESS update product 19916 with inventory level 36 and tracking product.
	No matching rows found in local DB.
Starting new HTTPS connection (1): api.bigcommerce.com:443
https://api.bigcommerce.com:443 "PUT /stores//v3/catalog/products/19919 HTTP/1.1" 200 None
SUCCESS update product 19919 with inventory level 1 and tracking product.
Starting new HTTPS connection (1): api.bigcommerce.com:443
https://api.bigcommerce.com:443 "PUT /stores//v3/catalog/products/19920 HTTP/1.1" 200 None
SUCCESS update product 19920 with inventory level 2 and tracking product.
Starting new HTTPS connection (1): api.bigcommerce.com:443
https://api.bigcommerce.com:443 "PUT /stores//v3/catalog/products/19921 HTTP/1.1" 200 None
SUCCESS update product 19921 with inventory level 0 and tracking none.
Starting new HTTPS connection (1): api.bigcommerce.com:443
https://api.bigcommerce.com:443 "PUT /stores//v3/catalog/products/19922 HTTP/1.1" 200 None
SUCCESS update product 19922 with inventory level -1 and tracking none.
Starting new HTTPS connection (1): api.bigcommerce.com:443
https://api.bigcommerce.com:443 "PUT /stores//v3/catalog/products/19923 HTTP/1.1" 200 None
SUCCESS update product 19923 with inventory level 0 and tracking none.
Starting new HTTPS connection (1): api.bigcommerce.com:443
https://api.bigcommerce.com:443 "PUT /stores//v3/catalog/products/19924 HTTP/1.1" 200 None
SUCCESS update product 19924 with inventory level 0 and tracking none.
Starting new HTTPS connection (1): api.bigcommerce.com:443
https://api.bigcommerce.com:443 "PUT /stores//v3/catalog/products/19925 HTTP/1.1" 200 None
SUCCESS update product 19925 with inventory level 0 and tracking none.
Starting new HTTPS connection (1): api.bigcommerce.com:443
https://api.bigcommerce.com:443 "PUT /stores//v3/catalog/products/19926 HTTP/1.1" 200 None
SUCCESS update product 19926 with inventory level 0 and tracking none.
	No matching rows found in local DB.
Starting new HTTPS connection (1): api.bigcommerce.com:443
https://api.bigcommerce.com:443 "PUT /stores//v3/catalog/products/19928 HTTP/1.1" 200 None
SUCCESS update product 19928 with inventory level 2 and tracking product.
Starting new HTTPS connection (1): api.bigcommerce.com:443
https://api.bigcommerce.com:443 "PUT /stores//v3/catalog/products/19933 HTTP/1.1" 200 None
SUCCESS update product 19933 with inventory level 0 and tracking none.
Starting new HTTPS connection (1): api.bigcommerce.com:443
https://api.bigcommerce.com:443 "PUT /stores//v3/catalog/products/19934 HTTP/1.1" 200 None
SUCCESS update product 19934 with inventory level 0 and tracking none.
Starting new HTTPS connection (1): api.bigcommerce.com:443
https://api.bigcommerce.com:443 "PUT /stores//v3/catalog/products/19935 HTTP/1.1" 200 None
SUCCESS update product 19935 with inventory level 0 and tracking none.
Starting new HTTPS connection (1): api.bigcommerce.com:443
https://api.bigcommerce.com:443 "PUT /stores//v3/catalog/products/19937 HTTP/1.1" 200 None
SUCCESS update product 19937 with inventory level 0 and tracking none.
Starting new HTTPS connection (1): api.bigcommerce.com:443
https://api.bigcommerce.com:443 "PUT /stores//v3/catalog/products/19945 HTTP/1.1" 200 None
SUCCESS update product 19945 with inventory level 1 and tracking product.
Starting new HTTPS connection (1): api.bigcommerce.com:443
https://api.bigcommerce.com:443 "PUT /stores//v3/catalog/products/19949 HTTP/1.1" 200 None
SUCCESS update product 19949 with inventory level 1 and tracking product.
Starting new HTTPS connection (1): api.bigcommerce.com:443
https://api.bigcommerce.com:443 "PUT /stores//v3/catalog/products/19950 HTTP/1.1" 200 None
SUCCESS update product 19950 with inventory level 0 and tracking none.
Starting new HTTPS connection (1): api.bigcommerce.com:443
https://api.bigcommerce.com:443 "PUT /stores//v3/catalog/products/19952 HTTP/1.1" 200 None
SUCCESS update product 19952 with inventory level 0 and tracking none.
Starting new HTTPS connection (1): api.bigcommerce.com:443
https://api.bigcommerce.com:443 "PUT /stores//v3/catalog/products/19953 HTTP/1.1" 200 None
SUCCESS update product 19953 with inventory level 8 and tracking product.
Starting new HTTPS connection (1): api.bigcommerce.com:443
https://api.bigcommerce.com:443 "PUT /stores//v3/catalog/products/19954 HTTP/1.1" 200 None
SUCCESS update product 19954 with inventory level 0 and tracking none.
Starting new HTTPS connection (1): api.bigcommerce.com:443
https://api.bigcommerce.com:443 "PUT /stores//v3/catalog/products/19956 HTTP/1.1" 200 None
SUCCESS update product 19956 with inventory level 0 and tracking none.
Starting new HTTPS connection (1): api.bigcommerce.com:443
https://api.bigcommerce.com:443 "PUT /stores//v3/catalog/products/19957 HTTP/1.1" 200 None
SUCCESS update product 19957 with inventory level -1 and tracking none.
Starting new HTTPS connection (1): api.bigcommerce.com:443
https://api.bigcommerce.com:443 "PUT /stores//v3/catalog/products/19959 HTTP/1.1" 200 None
SUCCESS update product 19959 with inventory level 4 and tracking product.
Starting new HTTPS connection (1): api.bigcommerce.com:443
https://api.bigcommerce.com:443 "PUT /stores//v3/catalog/products/19961 HTTP/1.1" 200 None
SUCCESS update product 19961 with inventory level 0 and tracking none.
Starting new HTTPS connection (1): api.bigcommerce.com:443
https://api.bigcommerce.com:443 "PUT /stores//v3/catalog/products/19962 HTTP/1.1" 200 None
SUCCESS update product 19962 with inventory level 0 and tracking none.
Starting new HTTPS connection (1): api.bigcommerce.com:443
https://api.bigcommerce.com:443 "PUT /stores//v3/catalog/products/19966 HTTP/1.1" 200 None
SUCCESS update product 19966 with inventory level 2 and tracking product.
Starting new HTTPS connection (1): api.bigcommerce.com:443
https://api.bigcommerce.com:443 "PUT /stores//v3/catalog/products/19967 HTTP/1.1" 200 None
SUCCESS update product 19967 with inventory level 4 and tracking product.
Starting new HTTPS connection (1): api.bigcommerce.com:443
https://api.bigcommerce.com:443 "PUT /stores//v3/catalog/products/19968 HTTP/1.1" 200 None
SUCCESS update product 19968 with inventory level 1 and tracking product.
Starting new HTTPS connection (1): api.bigcommerce.com:443
https://api.bigcommerce.com:443 "PUT /stores//v3/catalog/products/19969 HTTP/1.1" 200 None
SUCCESS update product 19969 with inventory level 1 and tracking product.
Starting new HTTPS connection (1): api.bigcommerce.com:443
https://api.bigcommerce.com:443 "PUT /stores//v3/catalog/products/19970 HTTP/1.1" 200 None
SUCCESS update product 19970 with inventory level 1 and tracking product.
Starting new HTTPS connection (1): api.bigcommerce.com:443
https://api.bigcommerce.com:443 "PUT /stores//v3/catalog/products/19971 HTTP/1.1" 200 None
SUCCESS update product 19971 with inventory level 2 and tracking product.
Starting new HTTPS connection (1): api.bigcommerce.com:443
https://api.bigcommerce.com:443 "PUT /stores//v3/catalog/products/19972 HTTP/1.1" 200 None
SUCCESS update product 19972 with inventory level 3 and tracking product.
Starting new HTTPS connection (1): api.bigcommerce.com:443
https://api.bigcommerce.com:443 "PUT /stores//v3/catalog/products/19973 HTTP/1.1" 200 None
SUCCESS update product 19973 with inventory level 6 and tracking product.
Starting new HTTPS connection (1): api.bigcommerce.com:443
https://api.bigcommerce.com:443 "PUT /stores//v3/catalog/products/19974 HTTP/1.1" 200 None
SUCCESS update product 19974 with inventory level 2 and tracking product.
Starting new HTTPS connection (1): api.bigcommerce.com:443
https://api.bigcommerce.com:443 "PUT /stores//v3/catalog/products/19975 HTTP/1.1" 200 None
SUCCESS update product 19975 with inventory level 1 and tracking product.
Starting new HTTPS connection (1): api.bigcommerce.com:443
https://api.bigcommerce.com:443 "PUT /stores//v3/catalog/products/19977 HTTP/1.1" 200 None
SUCCESS update product 19977 with inventory level 76 and tracking product.
	No matching rows found in local DB.
	No matching rows found in local DB.
Starting new HTTPS connection (1): api.bigcommerce.com:443
https://api.bigcommerce.com:443 "PUT /stores//v3/catalog/products/19999 HTTP/1.1" 200 None
SUCCESS update product 19999 with inventory level 7 and tracking product.
Starting new HTTPS connection (1): api.bigcommerce.com:443
https://api.bigcommerce.com:443 "PUT /stores//v3/catalog/products/20001 HTTP/1.1" 200 None
SUCCESS update product 20001 with inventory level 7 and tracking product.
Starting new HTTPS connection (1): api.bigcommerce.com:443
https://api.bigcommerce.com:443 "PUT /stores//v3/catalog/products/20002 HTTP/1.1" 200 None
SUCCESS update product 20002 with inventory level 7 and tracking product.
Starting new HTTPS connection (1): api.bigcommerce.com:443
https://api.bigcommerce.com:443 "PUT /stores//v3/catalog/products/20003 HTTP/1.1" 200 None
SUCCESS update product 20003 with inventory level -1 and tracking none.
Starting new HTTPS connection (1): api.bigcommerce.com:443
https://api.bigcommerce.com:443 "PUT /stores//v3/catalog/products/20004 HTTP/1.1" 200 None
SUCCESS update product 20004 with inventory level 0 and tracking none.
Starting new HTTPS connection (1): api.bigcommerce.com:443
https://api.bigcommerce.com:443 "PUT /stores//v3/catalog/products/20005 HTTP/1.1" 200 None
SUCCESS update product 20005 with inventory level -1 and tracking none.
Starting new HTTPS connection (1): api.bigcommerce.com:443
https://api.bigcommerce.com:443 "PUT /stores//v3/catalog/products/20009 HTTP/1.1" 200 None
SUCCESS update product 20009 with inventory level 9 and tracking product.
Starting new HTTPS connection (1): api.bigcommerce.com:443
https://api.bigcommerce.com:443 "PUT /stores//v3/catalog/products/20020 HTTP/1.1" 200 None
SUCCESS update product 20020 with inventory level 5 and tracking product.
Starting new HTTPS connection (1): api.bigcommerce.com:443
https://api.bigcommerce.com:443 "PUT /stores//v3/catalog/products/20023 HTTP/1.1" 200 None
SUCCESS update product 20023 with inventory level 1 and tracking product.
Starting new HTTPS connection (1): api.bigcommerce.com:443
https://api.bigcommerce.com:443 "PUT /stores//v3/catalog/products/20024 HTTP/1.1" 200 None
SUCCESS update product 20024 with inventory level 9 and tracking product.
Starting new HTTPS connection (1): api.bigcommerce.com:443
https://api.bigcommerce.com:443 "PUT /stores//v3/catalog/products/20025 HTTP/1.1" 200 None
SUCCESS update product 20025 with inventory level 4 and tracking product.
	No matching rows found in local DB.
Starting new HTTPS connection (1): api.bigcommerce.com:443
https://api.bigcommerce.com:443 "PUT /stores//v3/catalog/products/20028 HTTP/1.1" 200 None
SUCCESS update product 20028 with inventory level 3 and tracking product.
Starting new HTTPS connection (1): api.bigcommerce.com:443
https://api.bigcommerce.com:443 "PUT /stores//v3/catalog/products/20030 HTTP/1.1" 200 None
SUCCESS update product 20030 with inventory level 0 and tracking none.
Starting new HTTPS connection (1): api.bigcommerce.com:443
https://api.bigcommerce.com:443 "PUT /stores//v3/catalog/products/20032 HTTP/1.1" 200 None
SUCCESS update product 20032 with inventory level 0 and tracking none.
Starting new HTTPS connection (1): api.bigcommerce.com:443
https://api.bigcommerce.com:443 "PUT /stores//v3/catalog/products/20036 HTTP/1.1" 200 None
SUCCESS update product 20036 with inventory level 0 and tracking none.
Starting new HTTPS connection (1): api.bigcommerce.com:443
https://api.bigcommerce.com:443 "PUT /stores//v3/catalog/products/20044 HTTP/1.1" 200 None
SUCCESS update product 20044 with inventory level 0 and tracking none.
Starting new HTTPS connection (1): api.bigcommerce.com:443
https://api.bigcommerce.com:443 "PUT /stores//v3/catalog/products/20045 HTTP/1.1" 200 None
SUCCESS update product 20045 with inventory level 0 and tracking none.
Starting new HTTPS connection (1): api.bigcommerce.com:443
https://api.bigcommerce.com:443 "PUT /stores//v3/catalog/products/20046 HTTP/1.1" 200 None
SUCCESS update product 20046 with inventory level 0 and tracking none.
Starting new HTTPS connection (1): api.bigcommerce.com:443
https://api.bigcommerce.com:443 "PUT /stores//v3/catalog/products/20047 HTTP/1.1" 200 None
SUCCESS update product 20047 with inventory level 0 and tracking none.
Starting new HTTPS connection (1): api.bigcommerce.com:443
https://api.bigcommerce.com:443 "PUT /stores//v3/catalog/products/20049 HTTP/1.1" 200 None
SUCCESS update product 20049 with inventory level 0 and tracking none.
Starting new HTTPS connection (1): api.bigcommerce.com:443
https://api.bigcommerce.com:443 "PUT /stores//v3/catalog/products/20050 HTTP/1.1" 200 None
SUCCESS update product 20050 with inventory level 0 and tracking none.
Starting new HTTPS connection (1): api.bigcommerce.com:443
https://api.bigcommerce.com:443 "PUT /stores//v3/catalog/products/20051 HTTP/1.1" 200 None
SUCCESS update product 20051 with inventory level 0 and tracking none.
Starting new HTTPS connection (1): api.bigcommerce.com:443
https://api.bigcommerce.com:443 "PUT /stores//v3/catalog/products/20052 HTTP/1.1" 200 None
SUCCESS update product 20052 with inventory level 0 and tracking none.
Starting new HTTPS connection (1): api.bigcommerce.com:443
https://api.bigcommerce.com:443 "PUT /stores//v3/catalog/products/20053 HTTP/1.1" 200 None
SUCCESS update product 20053 with inventory level -1 and tracking none.
Starting new HTTPS connection (1): api.bigcommerce.com:443
https://api.bigcommerce.com:443 "PUT /stores//v3/catalog/products/20055 HTTP/1.1" 200 None
SUCCESS update product 20055 with inventory level 4 and tracking product.
Starting new HTTPS connection (1): api.bigcommerce.com:443
https://api.bigcommerce.com:443 "PUT /stores//v3/catalog/products/20056 HTTP/1.1" 200 None
SUCCESS update product 20056 with inventory level 0 and tracking none.
Starting new HTTPS connection (1): api.bigcommerce.com:443
https://api.bigcommerce.com:443 "PUT /stores//v3/catalog/products/20057 HTTP/1.1" 200 None
SUCCESS update product 20057 with inventory level 0 and tracking none.
Starting new HTTPS connection (1): api.bigcommerce.com:443
https://api.bigcommerce.com:443 "PUT /stores//v3/catalog/products/20058 HTTP/1.1" 200 None
SUCCESS update product 20058 with inventory level 0 and tracking none.
Starting new HTTPS connection (1): api.bigcommerce.com:443
https://api.bigcommerce.com:443 "PUT /stores//v3/catalog/products/20061 HTTP/1.1" 200 None
SUCCESS update product 20061 with inventory level 0 and tracking none.
Starting new HTTPS connection (1): api.bigcommerce.com:443
https://api.bigcommerce.com:443 "PUT /stores//v3/catalog/products/20073 HTTP/1.1" 200 None
SUCCESS update product 20073 with inventory level 0 and tracking none.
Starting new HTTPS connection (1): api.bigcommerce.com:443
https://api.bigcommerce.com:443 "PUT /stores//v3/catalog/products/20075 HTTP/1.1" 200 None
SUCCESS update product 20075 with inventory level 4 and tracking product.
Starting new HTTPS connection (1): api.bigcommerce.com:443
https://api.bigcommerce.com:443 "PUT /stores//v3/catalog/products/20076 HTTP/1.1" 200 None
SUCCESS update product 20076 with inventory level 0 and tracking none.
Starting new HTTPS connection (1): api.bigcommerce.com:443
https://api.bigcommerce.com:443 "PUT /stores//v3/catalog/products/20077 HTTP/1.1" 200 None
SUCCESS update product 20077 with inventory level 0 and tracking none.
Starting new HTTPS connection (1): api.bigcommerce.com:443
https://api.bigcommerce.com:443 "PUT /stores//v3/catalog/products/20078 HTTP/1.1" 200 None
SUCCESS update product 20078 with inventory level 0 and tracking none.
Starting new HTTPS connection (1): api.bigcommerce.com:443
https://api.bigcommerce.com:443 "PUT /stores//v3/catalog/products/20084 HTTP/1.1" 200 None
SUCCESS update product 20084 with inventory level 0 and tracking none.
Starting new HTTPS connection (1): api.bigcommerce.com:443
https://api.bigcommerce.com:443 "PUT /stores//v3/catalog/products/20091 HTTP/1.1" 200 None
SUCCESS update product 20091 with inventory level 0 and tracking none.
Starting new HTTPS connection (1): api.bigcommerce.com:443
https://api.bigcommerce.com:443 "PUT /stores//v3/catalog/products/20093 HTTP/1.1" 200 None
SUCCESS update product 20093 with inventory level 0 and tracking none.
Starting new HTTPS connection (1): api.bigcommerce.com:443
https://api.bigcommerce.com:443 "PUT /stores//v3/catalog/products/20099 HTTP/1.1" 200 None
SUCCESS update product 20099 with inventory level 0 and tracking none.
Starting new HTTPS connection (1): api.bigcommerce.com:443
https://api.bigcommerce.com:443 "PUT /stores//v3/catalog/products/20100 HTTP/1.1" 200 None
SUCCESS update product 20100 with inventory level 0 and tracking none.
Starting new HTTPS connection (1): api.bigcommerce.com:443
https://api.bigcommerce.com:443 "PUT /stores//v3/catalog/products/20101 HTTP/1.1" 200 None
SUCCESS update product 20101 with inventory level 0 and tracking none.
Starting new HTTPS connection (1): api.bigcommerce.com:443
https://api.bigcommerce.com:443 "PUT /stores//v3/catalog/products/20102 HTTP/1.1" 200 None
SUCCESS update product 20102 with inventory level 0 and tracking none.
Starting new HTTPS connection (1): api.bigcommerce.com:443
https://api.bigcommerce.com:443 "PUT /stores//v3/catalog/products/20103 HTTP/1.1" 200 None
SUCCESS update product 20103 with inventory level 0 and tracking none.
Starting new HTTPS connection (1): api.bigcommerce.com:443
https://api.bigcommerce.com:443 "PUT /stores//v3/catalog/products/20104 HTTP/1.1" 200 None
SUCCESS update product 20104 with inventory level 0 and tracking none.
Starting new HTTPS connection (1): api.bigcommerce.com:443
https://api.bigcommerce.com:443 "PUT /stores//v3/catalog/products/20105 HTTP/1.1" 200 None
SUCCESS update product 20105 with inventory level 0 and tracking none.
Starting new HTTPS connection (1): api.bigcommerce.com:443
https://api.bigcommerce.com:443 "PUT /stores//v3/catalog/products/20106 HTTP/1.1" 200 None
SUCCESS update product 20106 with inventory level 0 and tracking none.
Starting new HTTPS connection (1): api.bigcommerce.com:443
https://api.bigcommerce.com:443 "PUT /stores//v3/catalog/products/20183 HTTP/1.1" 200 None
SUCCESS update product 20183 with inventory level 0 and tracking none.
Starting new HTTPS connection (1): api.bigcommerce.com:443
https://api.bigcommerce.com:443 "PUT /stores//v3/catalog/products/20185 HTTP/1.1" 200 None
SUCCESS update product 20185 with inventory level 0 and tracking none.
Starting new HTTPS connection (1): api.bigcommerce.com:443
https://api.bigcommerce.com:443 "PUT /stores//v3/catalog/products/20186 HTTP/1.1" 200 None
SUCCESS update product 20186 with inventory level 0 and tracking none.
Starting new HTTPS connection (1): api.bigcommerce.com:443
https://api.bigcommerce.com:443 "PUT /stores//v3/catalog/products/20188 HTTP/1.1" 200 None
SUCCESS update product 20188 with inventory level 1 and tracking product.
Starting new HTTPS connection (1): api.bigcommerce.com:443
https://api.bigcommerce.com:443 "PUT /stores//v3/catalog/products/20189 HTTP/1.1" 200 None
SUCCESS update product 20189 with inventory level 0 and tracking none.
Starting new HTTPS connection (1): api.bigcommerce.com:443
https://api.bigcommerce.com:443 "PUT /stores//v3/catalog/products/20191 HTTP/1.1" 200 None
SUCCESS update product 20191 with inventory level 0 and tracking none.
Starting new HTTPS connection (1): api.bigcommerce.com:443
https://api.bigcommerce.com:443 "PUT /stores//v3/catalog/products/20192 HTTP/1.1" 200 None
SUCCESS update product 20192 with inventory level 0 and tracking none.
Starting new HTTPS connection (1): api.bigcommerce.com:443
https://api.bigcommerce.com:443 "PUT /stores//v3/catalog/products/20194 HTTP/1.1" 200 None
SUCCESS update product 20194 with inventory level 0 and tracking none.
	No matching rows found in local DB.
	No matching rows found in local DB.
	No matching rows found in local DB.
Starting new HTTPS connection (1): api.bigcommerce.com:443
https://api.bigcommerce.com:443 "PUT /stores//v3/catalog/products/20204 HTTP/1.1" 200 None
SUCCESS update product 20204 with inventory level 0 and tracking none.
Starting new HTTPS connection (1): api.bigcommerce.com:443
https://api.bigcommerce.com:443 "PUT /stores//v3/catalog/products/20205 HTTP/1.1" 200 None
SUCCESS update product 20205 with inventory level 0 and tracking none.
Starting new HTTPS connection (1): api.bigcommerce.com:443
https://api.bigcommerce.com:443 "PUT /stores//v3/catalog/products/20206 HTTP/1.1" 200 None
SUCCESS update product 20206 with inventory level 0 and tracking none.
Starting new HTTPS connection (1): api.bigcommerce.com:443
https://api.bigcommerce.com:443 "PUT /stores//v3/catalog/products/20207 HTTP/1.1" 200 None
SUCCESS update product 20207 with inventory level 0 and tracking none.
